2026/07/11 11:46:10 Starting Restaurant Manager ERP/PDV Backend Server...
2026/07/11 11:46:10 Connected to PostgreSQL successfully.

2026/07/11 11:46:10 [32m/home/humberto/Aplicativos/Manager-Restaurante-main/backend/pkg/database/postgres.go:78
[0m[33m[16.457ms] [34;1m[rows:1][0m SELECT count(*) FROM information_schema.tables WHERE table_schema = CURRENT_SCHEMA() AND table_name = 'empresas' AND table_type = 'BASE TABLE'

2026/07/11 11:46:10 [32m/home/humberto/Aplicativos/Manager-Restaurante-main/backend/pkg/database/postgres.go:78
[0m[33m[0.488ms] [34;1m[rows:1][0m SELECT CURRENT_DATABASE()

2026/07/11 11:46:10 [32m/home/humberto/Aplicativos/Manager-Restaurante-main/backend/pkg/database/postgres.go:78
[0m[33m[15.962ms] [34;1m[rows:-][0m SELECT c.column_name, c.is_nullable = 'YES', c.udt_name, c.character_maximum_length, c.numeric_precision, c.numeric_precision_radix, c.numeric_scale, c.datetime_precision, 8 * typlen, c.column_default, pd.description, c.identity_increment FROM information_schema.columns AS c JOIN pg_type AS pgt ON c.udt_name = pgt.typname LEFT JOIN pg_catalog.pg_description as pd ON pd.objsubid = c.ordinal_position AND pd.objoid = (SELECT oid FROM pg_catalog.pg_class WHERE relname = c.table_name AND relnamespace = (SELECT oid FROM pg_catalog.pg_namespace WHERE nspname = c.table_schema)) where table_catalog = 'manager_restaurant' AND table_schema = CURRENT_SCHEMA() AND table_name = 'empresas'

2026/07/11 11:46:10 [32m/home/humberto/Aplicativos/Manager-Restaurante-main/backend/pkg/database/postgres.go:78
[0m[33m[1.284ms] [34;1m[rows:-][0m SELECT * FROM "empresas" LIMIT 5

2026/07/11 11:46:10 [32m/home/humberto/Aplicativos/Manager-Restaurante-main/backend/pkg/database/postgres.go:78
[0m[33m[7.345ms] [34;1m[rows:-][0m SELECT constraint_name FROM information_schema.table_constraints tc JOIN information_schema.constraint_column_usage AS ccu USING (constraint_schema, constraint_catalog, table_name, constraint_name) JOIN information_schema.columns AS c ON c.table_schema = tc.constraint_schema AND tc.table_name = c.table_name AND ccu.column_name = c.column_name WHERE constraint_type IN ('PRIMARY KEY', 'UNIQUE') AND c.table_catalog = 'manager_restaurant' AND c.table_schema = CURRENT_SCHEMA() AND c.table_name = 'empresas' AND constraint_type = 'UNIQUE'

2026/07/11 11:46:10 [32m/home/humberto/Aplicativos/Manager-Restaurante-main/backend/pkg/database/postgres.go:78
[0m[33m[5.066ms] [34;1m[rows:-][0m SELECT c.column_name, constraint_name, constraint_type FROM information_schema.table_constraints tc JOIN information_schema.constraint_column_usage AS ccu USING (constraint_schema, constraint_catalog, table_name, constraint_name) JOIN information_schema.columns AS c ON c.table_schema = tc.constraint_schema AND tc.table_name = c.table_name AND ccu.column_name = c.column_name WHERE constraint_type IN ('PRIMARY KEY', 'UNIQUE') AND c.table_catalog = 'manager_restaurant' AND c.table_schema = CURRENT_SCHEMA() AND c.table_name = 'empresas'

2026/07/11 11:46:10 [32m/home/humberto/Aplicativos/Manager-Restaurante-main/backend/pkg/database/postgres.go:78
[0m[33m[0.681ms] [34;1m[rows:-][0m SELECT a.attname as column_name, format_type(a.atttypid, a.atttypmod) AS data_type
		FROM pg_attribute a JOIN pg_class b ON a.attrelid = b.oid AND relnamespace = (SELECT oid FROM pg_catalog.pg_namespace WHERE nspname = CURRENT_SCHEMA())
		WHERE a.attnum > 0 -- hide internal columns
		AND NOT a.attisdropped -- hide deleted columns
		AND b.relname = 'empresas'

2026/07/11 11:46:10 [32m/home/humberto/Aplicativos/Manager-Restaurante-main/backend/pkg/database/postgres.go:78
[0m[33m[2.397ms] [34;1m[rows:0][0m SELECT description FROM pg_catalog.pg_description WHERE objsubid = (SELECT ordinal_position FROM information_schema.columns WHERE table_schema = CURRENT_SCHEMA() AND table_name = 'empresas' AND column_name = 'id') AND objoid = (SELECT oid FROM pg_catalog.pg_class WHERE relname = 'empresas' AND relnamespace = (SELECT oid FROM pg_catalog.pg_namespace WHERE nspname = CURRENT_SCHEMA()))

2026/07/11 11:46:10 [32m/home/humberto/Aplicativos/Manager-Restaurante-main/backend/pkg/database/postgres.go:78
[0m[33m[1.672ms] [34;1m[rows:0][0m SELECT description FROM pg_catalog.pg_description WHERE objsubid = (SELECT ordinal_position FROM information_schema.columns WHERE table_schema = CURRENT_SCHEMA() AND table_name = 'empresas' AND column_name = 'nome') AND objoid = (SELECT oid FROM pg_catalog.pg_class WHERE relname = 'empresas' AND relnamespace = (SELECT oid FROM pg_catalog.pg_namespace WHERE nspname = CURRENT_SCHEMA()))

2026/07/11 11:46:10 [32m/home/humberto/Aplicativos/Manager-Restaurante-main/backend/pkg/database/postgres.go:78
[0m[33m[1.651ms] [34;1m[rows:0][0m SELECT description FROM pg_catalog.pg_description WHERE objsubid = (SELECT ordinal_position FROM information_schema.columns WHERE table_schema = CURRENT_SCHEMA() AND table_name = 'empresas' AND column_name = 'cnpj') AND objoid = (SELECT oid FROM pg_catalog.pg_class WHERE relname = 'empresas' AND relnamespace = (SELECT oid FROM pg_catalog.pg_namespace WHERE nspname = CURRENT_SCHEMA()))

2026/07/11 11:46:10 [32m/home/humberto/Aplicativos/Manager-Restaurante-main/backend/pkg/database/postgres.go:78
[0m[33m[1.631ms] [34;1m[rows:0][0m SELECT description FROM pg_catalog.pg_description WHERE objsubid = (SELECT ordinal_position FROM information_schema.columns WHERE table_schema = CURRENT_SCHEMA() AND table_name = 'empresas' AND column_name = 'telefone') AND objoid = (SELECT oid FROM pg_catalog.pg_class WHERE relname = 'empresas' AND relnamespace = (SELECT oid FROM pg_catalog.pg_namespace WHERE nspname = CURRENT_SCHEMA()))

2026/07/11 11:46:10 [32m/home/humberto/Aplicativos/Manager-Restaurante-main/backend/pkg/database/postgres.go:78
[0m[33m[1.617ms] [34;1m[rows:0][0m SELECT description FROM pg_catalog.pg_description WHERE objsubid = (SELECT ordinal_position FROM information_schema.columns WHERE table_schema = CURRENT_SCHEMA() AND table_name = 'empresas' AND column_name = 'logo_url') AND objoid = (SELECT oid FROM pg_catalog.pg_class WHERE relname = 'empresas' AND relnamespace = (SELECT oid FROM pg_catalog.pg_namespace WHERE nspname = CURRENT_SCHEMA()))

2026/07/11 11:46:10 [32m/home/humberto/Aplicativos/Manager-Restaurante-main/backend/pkg/database/postgres.go:78
[0m[33m[1.601ms] [34;1m[rows:0][0m SELECT description FROM pg_catalog.pg_description WHERE objsubid = (SELECT ordinal_position FROM information_schema.columns WHERE table_schema = CURRENT_SCHEMA() AND table_name = 'empresas' AND column_name = 'theme') AND objoid = (SELECT oid FROM pg_catalog.pg_class WHERE relname = 'empresas' AND relnamespace = (SELECT oid FROM pg_catalog.pg_namespace WHERE nspname = CURRENT_SCHEMA()))

2026/07/11 11:46:10 [32m/home/humberto/Aplicativos/Manager-Restaurante-main/backend/pkg/database/postgres.go:78
[0m[33m[0.238ms] [34;1m[rows:0][0m SELECT description FROM pg_catalog.pg_description WHERE objsubid = (SELECT ordinal_position FROM information_schema.columns WHERE table_schema = CURRENT_SCHEMA() AND table_name = 'empresas' AND column_name = 'created_at') AND objoid = (SELECT oid FROM pg_catalog.pg_class WHERE relname = 'empresas' AND relnamespace = (SELECT oid FROM pg_catalog.pg_namespace WHERE nspname = CURRENT_SCHEMA()))

2026/07/11 11:46:10 [32m/home/humberto/Aplicativos/Manager-Restaurante-main/backend/pkg/database/postgres.go:78
[0m[33m[0.223ms] [34;1m[rows:0][0m SELECT description FROM pg_catalog.pg_description WHERE objsubid = (SELECT ordinal_position FROM information_schema.columns WHERE table_schema = CURRENT_SCHEMA() AND table_name = 'empresas' AND column_name = 'updated_at') AND objoid = (SELECT oid FROM pg_catalog.pg_class WHERE relname = 'empresas' AND relnamespace = (SELECT oid FROM pg_catalog.pg_namespace WHERE nspname = CURRENT_SCHEMA()))

2026/07/11 11:46:10 [32m/home/humberto/Aplicativos/Manager-Restaurante-main/backend/pkg/database/postgres.go:78
[0m[33m[1.850ms] [34;1m[rows:1][0m SELECT count(*) FROM pg_indexes WHERE tablename = 'empresas' AND indexname = 'idx_empresas_cnpj' AND schemaname = CURRENT_SCHEMA()

2026/07/11 11:46:10 [32m/home/humberto/Aplicativos/Manager-Restaurante-main/backend/pkg/database/postgres.go:78
[0m[33m[0.530ms] [34;1m[rows:1][0m SELECT count(*) FROM information_schema.tables WHERE table_schema = CURRENT_SCHEMA() AND table_name = 'usuarios' AND table_type = 'BASE TABLE'

2026/07/11 11:46:10 [32m/home/humberto/Aplicativos/Manager-Restaurante-main/backend/pkg/database/postgres.go:78
[0m[33m[0.060ms] [34;1m[rows:1][0m SELECT CURRENT_DATABASE()

2026/07/11 11:46:10 [32m/home/humberto/Aplicativos/Manager-Restaurante-main/backend/pkg/database/postgres.go:78
[0m[33m[3.992ms] [34;1m[rows:-][0m SELECT c.column_name, c.is_nullable = 'YES', c.udt_name, c.character_maximum_length, c.numeric_precision, c.numeric_precision_radix, c.numeric_scale, c.datetime_precision, 8 * typlen, c.column_default, pd.description, c.identity_increment FROM information_schema.columns AS c JOIN pg_type AS pgt ON c.udt_name = pgt.typname LEFT JOIN pg_catalog.pg_description as pd ON pd.objsubid = c.ordinal_position AND pd.objoid = (SELECT oid FROM pg_catalog.pg_class WHERE relname = c.table_name AND relnamespace = (SELECT oid FROM pg_catalog.pg_namespace WHERE nspname = c.table_schema)) where table_catalog = 'manager_restaurant' AND table_schema = CURRENT_SCHEMA() AND table_name = 'usuarios'

2026/07/11 11:46:10 [32m/home/humberto/Aplicativos/Manager-Restaurante-main/backend/pkg/database/postgres.go:78
[0m[33m[0.784ms] [34;1m[rows:-][0m SELECT * FROM "usuarios" LIMIT 5

2026/07/11 11:46:10 [32m/home/humberto/Aplicativos/Manager-Restaurante-main/backend/pkg/database/postgres.go:78
[0m[33m[4.203ms] [34;1m[rows:-][0m SELECT constraint_name FROM information_schema.table_constraints tc JOIN information_schema.constraint_column_usage AS ccu USING (constraint_schema, constraint_catalog, table_name, constraint_name) JOIN information_schema.columns AS c ON c.table_schema = tc.constraint_schema AND tc.table_name = c.table_name AND ccu.column_name = c.column_name WHERE constraint_type IN ('PRIMARY KEY', 'UNIQUE') AND c.table_catalog = 'manager_restaurant' AND c.table_schema = CURRENT_SCHEMA() AND c.table_name = 'usuarios' AND constraint_type = 'UNIQUE'

2026/07/11 11:46:10 [32m/home/humberto/Aplicativos/Manager-Restaurante-main/backend/pkg/database/postgres.go:78
[0m[33m[4.094ms] [34;1m[rows:-][0m SELECT c.column_name, constraint_name, constraint_type FROM information_schema.table_constraints tc JOIN information_schema.constraint_column_usage AS ccu USING (constraint_schema, constraint_catalog, table_name, constraint_name) JOIN information_schema.columns AS c ON c.table_schema = tc.constraint_schema AND tc.table_name = c.table_name AND ccu.column_name = c.column_name WHERE constraint_type IN ('PRIMARY KEY', 'UNIQUE') AND c.table_catalog = 'manager_restaurant' AND c.table_schema = CURRENT_SCHEMA() AND c.table_name = 'usuarios'

2026/07/11 11:46:10 [32m/home/humberto/Aplicativos/Manager-Restaurante-main/backend/pkg/database/postgres.go:78
[0m[33m[0.302ms] [34;1m[rows:-][0m SELECT a.attname as column_name, format_type(a.atttypid, a.atttypmod) AS data_type
		FROM pg_attribute a JOIN pg_class b ON a.attrelid = b.oid AND relnamespace = (SELECT oid FROM pg_catalog.pg_namespace WHERE nspname = CURRENT_SCHEMA())
		WHERE a.attnum > 0 -- hide internal columns
		AND NOT a.attisdropped -- hide deleted columns
		AND b.relname = 'usuarios'

2026/07/11 11:46:10 [32m/home/humberto/Aplicativos/Manager-Restaurante-main/backend/pkg/database/postgres.go:78
[0m[33m[0.453ms] [34;1m[rows:0][0m SELECT description FROM pg_catalog.pg_description WHERE objsubid = (SELECT ordinal_position FROM information_schema.columns WHERE table_schema = CURRENT_SCHEMA() AND table_name = 'usuarios' AND column_name = 'id') AND objoid = (SELECT oid FROM pg_catalog.pg_class WHERE relname = 'usuarios' AND relnamespace = (SELECT oid FROM pg_catalog.pg_namespace WHERE nspname = CURRENT_SCHEMA()))

2026/07/11 11:46:10 [32m/home/humberto/Aplicativos/Manager-Restaurante-main/backend/pkg/database/postgres.go:78
[0m[33m[0.225ms] [34;1m[rows:0][0m SELECT description FROM pg_catalog.pg_description WHERE objsubid = (SELECT ordinal_position FROM information_schema.columns WHERE table_schema = CURRENT_SCHEMA() AND table_name = 'usuarios' AND column_name = 'tenant_id') AND objoid = (SELECT oid FROM pg_catalog.pg_class WHERE relname = 'usuarios' AND relnamespace = (SELECT oid FROM pg_catalog.pg_namespace WHERE nspname = CURRENT_SCHEMA()))

2026/07/11 11:46:10 [32m/home/humberto/Aplicativos/Manager-Restaurante-main/backend/pkg/database/postgres.go:78
[0m[33m[0.278ms] [34;1m[rows:0][0m SELECT description FROM pg_catalog.pg_description WHERE objsubid = (SELECT ordinal_position FROM information_schema.columns WHERE table_schema = CURRENT_SCHEMA() AND table_name = 'usuarios' AND column_name = 'nome') AND objoid = (SELECT oid FROM pg_catalog.pg_class WHERE relname = 'usuarios' AND relnamespace = (SELECT oid FROM pg_catalog.pg_namespace WHERE nspname = CURRENT_SCHEMA()))

2026/07/11 11:46:10 [32m/home/humberto/Aplicativos/Manager-Restaurante-main/backend/pkg/database/postgres.go:78
[0m[33m[0.326ms] [34;1m[rows:0][0m SELECT description FROM pg_catalog.pg_description WHERE objsubid = (SELECT ordinal_position FROM information_schema.columns WHERE table_schema = CURRENT_SCHEMA() AND table_name = 'usuarios' AND column_name = 'email') AND objoid = (SELECT oid FROM pg_catalog.pg_class WHERE relname = 'usuarios' AND relnamespace = (SELECT oid FROM pg_catalog.pg_namespace WHERE nspname = CURRENT_SCHEMA()))

2026/07/11 11:46:10 [32m/home/humberto/Aplicativos/Manager-Restaurante-main/backend/pkg/database/postgres.go:78
[0m[33m[0.201ms] [34;1m[rows:0][0m SELECT description FROM pg_catalog.pg_description WHERE objsubid = (SELECT ordinal_position FROM information_schema.columns WHERE table_schema = CURRENT_SCHEMA() AND table_name = 'usuarios' AND column_name = 'senha_hash') AND objoid = (SELECT oid FROM pg_catalog.pg_class WHERE relname = 'usuarios' AND relnamespace = (SELECT oid FROM pg_catalog.pg_namespace WHERE nspname = CURRENT_SCHEMA()))

2026/07/11 11:46:10 [32m/home/humberto/Aplicativos/Manager-Restaurante-main/backend/pkg/database/postgres.go:78
[0m[33m[0.245ms] [34;1m[rows:0][0m SELECT description FROM pg_catalog.pg_description WHERE objsubid = (SELECT ordinal_position FROM information_schema.columns WHERE table_schema = CURRENT_SCHEMA() AND table_name = 'usuarios' AND column_name = 'role') AND objoid = (SELECT oid FROM pg_catalog.pg_class WHERE relname = 'usuarios' AND relnamespace = (SELECT oid FROM pg_catalog.pg_namespace WHERE nspname = CURRENT_SCHEMA()))

2026/07/11 11:46:10 [32m/home/humberto/Aplicativos/Manager-Restaurante-main/backend/pkg/database/postgres.go:78
[0m[33m[0.513ms] [34;1m[rows:0][0m SELECT description FROM pg_catalog.pg_description WHERE objsubid = (SELECT ordinal_position FROM information_schema.columns WHERE table_schema = CURRENT_SCHEMA() AND table_name = 'usuarios' AND column_name = 'created_at') AND objoid = (SELECT oid FROM pg_catalog.pg_class WHERE relname = 'usuarios' AND relnamespace = (SELECT oid FROM pg_catalog.pg_namespace WHERE nspname = CURRENT_SCHEMA()))

2026/07/11 11:46:10 [32m/home/humberto/Aplicativos/Manager-Restaurante-main/backend/pkg/database/postgres.go:78
[0m[33m[0.451ms] [34;1m[rows:0][0m SELECT description FROM pg_catalog.pg_description WHERE objsubid = (SELECT ordinal_position FROM information_schema.columns WHERE table_schema = CURRENT_SCHEMA() AND table_name = 'usuarios' AND column_name = 'updated_at') AND objoid = (SELECT oid FROM pg_catalog.pg_class WHERE relname = 'usuarios' AND relnamespace = (SELECT oid FROM pg_catalog.pg_namespace WHERE nspname = CURRENT_SCHEMA()))

2026/07/11 11:46:10 [32m/home/humberto/Aplicativos/Manager-Restaurante-main/backend/pkg/database/postgres.go:78
[0m[33m[0.902ms] [34;1m[rows:1][0m SELECT count(*) FROM pg_indexes WHERE tablename = 'usuarios' AND indexname = 'idx_usuarios_tenant_id' AND schemaname = CURRENT_SCHEMA()

2026/07/11 11:46:10 [32m/home/humberto/Aplicativos/Manager-Restaurante-main/backend/pkg/database/postgres.go:78
[0m[33m[0.804ms] [34;1m[rows:1][0m SELECT count(*) FROM pg_indexes WHERE tablename = 'usuarios' AND indexname = 'idx_usuarios_email' AND schemaname = CURRENT_SCHEMA()

2026/07/11 11:46:10 [32m/home/humberto/Aplicativos/Manager-Restaurante-main/backend/pkg/database/postgres.go:78
[0m[33m[0.741ms] [34;1m[rows:1][0m SELECT count(*) FROM information_schema.tables WHERE table_schema = CURRENT_SCHEMA() AND table_name = 'restaurantes' AND table_type = 'BASE TABLE'

2026/07/11 11:46:10 [32m/home/humberto/Aplicativos/Manager-Restaurante-main/backend/pkg/database/postgres.go:78
[0m[33m[0.120ms] [34;1m[rows:1][0m SELECT CURRENT_DATABASE()

2026/07/11 11:46:10 [32m/home/humberto/Aplicativos/Manager-Restaurante-main/backend/pkg/database/postgres.go:78
[0m[33m[5.759ms] [34;1m[rows:-][0m SELECT c.column_name, c.is_nullable = 'YES', c.udt_name, c.character_maximum_length, c.numeric_precision, c.numeric_precision_radix, c.numeric_scale, c.datetime_precision, 8 * typlen, c.column_default, pd.description, c.identity_increment FROM information_schema.columns AS c JOIN pg_type AS pgt ON c.udt_name = pgt.typname LEFT JOIN pg_catalog.pg_description as pd ON pd.objsubid = c.ordinal_position AND pd.objoid = (SELECT oid FROM pg_catalog.pg_class WHERE relname = c.table_name AND relnamespace = (SELECT oid FROM pg_catalog.pg_namespace WHERE nspname = c.table_schema)) where table_catalog = 'manager_restaurant' AND table_schema = CURRENT_SCHEMA() AND table_name = 'restaurantes'

2026/07/11 11:46:10 [32m/home/humberto/Aplicativos/Manager-Restaurante-main/backend/pkg/database/postgres.go:78
[0m[33m[0.816ms] [34;1m[rows:-][0m SELECT * FROM "restaurantes" LIMIT 5

2026/07/11 11:46:10 [32m/home/humberto/Aplicativos/Manager-Restaurante-main/backend/pkg/database/postgres.go:78
[0m[33m[4.788ms] [34;1m[rows:-][0m SELECT constraint_name FROM information_schema.table_constraints tc JOIN information_schema.constraint_column_usage AS ccu USING (constraint_schema, constraint_catalog, table_name, constraint_name) JOIN information_schema.columns AS c ON c.table_schema = tc.constraint_schema AND tc.table_name = c.table_name AND ccu.column_name = c.column_name WHERE constraint_type IN ('PRIMARY KEY', 'UNIQUE') AND c.table_catalog = 'manager_restaurant' AND c.table_schema = CURRENT_SCHEMA() AND c.table_name = 'restaurantes' AND constraint_type = 'UNIQUE'

2026/07/11 11:46:10 [32m/home/humberto/Aplicativos/Manager-Restaurante-main/backend/pkg/database/postgres.go:78
[0m[33m[6.921ms] [34;1m[rows:-][0m SELECT c.column_name, constraint_name, constraint_type FROM information_schema.table_constraints tc JOIN information_schema.constraint_column_usage AS ccu USING (constraint_schema, constraint_catalog, table_name, constraint_name) JOIN information_schema.columns AS c ON c.table_schema = tc.constraint_schema AND tc.table_name = c.table_name AND ccu.column_name = c.column_name WHERE constraint_type IN ('PRIMARY KEY', 'UNIQUE') AND c.table_catalog = 'manager_restaurant' AND c.table_schema = CURRENT_SCHEMA() AND c.table_name = 'restaurantes'

2026/07/11 11:46:10 [32m/home/humberto/Aplicativos/Manager-Restaurante-main/backend/pkg/database/postgres.go:78
[0m[33m[0.601ms] [34;1m[rows:-][0m SELECT a.attname as column_name, format_type(a.atttypid, a.atttypmod) AS data_type
		FROM pg_attribute a JOIN pg_class b ON a.attrelid = b.oid AND relnamespace = (SELECT oid FROM pg_catalog.pg_namespace WHERE nspname = CURRENT_SCHEMA())
		WHERE a.attnum > 0 -- hide internal columns
		AND NOT a.attisdropped -- hide deleted columns
		AND b.relname = 'restaurantes'

2026/07/11 11:46:10 [32m/home/humberto/Aplicativos/Manager-Restaurante-main/backend/pkg/database/postgres.go:78
[0m[33m[0.487ms] [34;1m[rows:0][0m SELECT description FROM pg_catalog.pg_description WHERE objsubid = (SELECT ordinal_position FROM information_schema.columns WHERE table_schema = CURRENT_SCHEMA() AND table_name = 'restaurantes' AND column_name = 'id') AND objoid = (SELECT oid FROM pg_catalog.pg_class WHERE relname = 'restaurantes' AND relnamespace = (SELECT oid FROM pg_catalog.pg_namespace WHERE nspname = CURRENT_SCHEMA()))

2026/07/11 11:46:10 [32m/home/humberto/Aplicativos/Manager-Restaurante-main/backend/pkg/database/postgres.go:78
[0m[33m[0.432ms] [34;1m[rows:0][0m SELECT description FROM pg_catalog.pg_description WHERE objsubid = (SELECT ordinal_position FROM information_schema.columns WHERE table_schema = CURRENT_SCHEMA() AND table_name = 'restaurantes' AND column_name = 'tenant_id') AND objoid = (SELECT oid FROM pg_catalog.pg_class WHERE relname = 'restaurantes' AND relnamespace = (SELECT oid FROM pg_catalog.pg_namespace WHERE nspname = CURRENT_SCHEMA()))

2026/07/11 11:46:10 [32m/home/humberto/Aplicativos/Manager-Restaurante-main/backend/pkg/database/postgres.go:78
[0m[33m[0.401ms] [34;1m[rows:0][0m SELECT description FROM pg_catalog.pg_description WHERE objsubid = (SELECT ordinal_position FROM information_schema.columns WHERE table_schema = CURRENT_SCHEMA() AND table_name = 'restaurantes' AND column_name = 'nome') AND objoid = (SELECT oid FROM pg_catalog.pg_class WHERE relname = 'restaurantes' AND relnamespace = (SELECT oid FROM pg_catalog.pg_namespace WHERE nspname = CURRENT_SCHEMA()))

2026/07/11 11:46:10 [32m/home/humberto/Aplicativos/Manager-Restaurante-main/backend/pkg/database/postgres.go:78
[0m[33m[0.401ms] [34;1m[rows:0][0m SELECT description FROM pg_catalog.pg_description WHERE objsubid = (SELECT ordinal_position FROM information_schema.columns WHERE table_schema = CURRENT_SCHEMA() AND table_name = 'restaurantes' AND column_name = 'endereco') AND objoid = (SELECT oid FROM pg_catalog.pg_class WHERE relname = 'restaurantes' AND relnamespace = (SELECT oid FROM pg_catalog.pg_namespace WHERE nspname = CURRENT_SCHEMA()))

2026/07/11 11:46:10 [32m/home/humberto/Aplicativos/Manager-Restaurante-main/backend/pkg/database/postgres.go:78
[0m[33m[0.397ms] [34;1m[rows:0][0m SELECT description FROM pg_catalog.pg_description WHERE objsubid = (SELECT ordinal_position FROM information_schema.columns WHERE table_schema = CURRENT_SCHEMA() AND table_name = 'restaurantes' AND column_name = 'created_at') AND objoid = (SELECT oid FROM pg_catalog.pg_class WHERE relname = 'restaurantes' AND relnamespace = (SELECT oid FROM pg_catalog.pg_namespace WHERE nspname = CURRENT_SCHEMA()))

2026/07/11 11:46:10 [32m/home/humberto/Aplicativos/Manager-Restaurante-main/backend/pkg/database/postgres.go:78
[0m[33m[0.396ms] [34;1m[rows:0][0m SELECT description FROM pg_catalog.pg_description WHERE objsubid = (SELECT ordinal_position FROM information_schema.columns WHERE table_schema = CURRENT_SCHEMA() AND table_name = 'restaurantes' AND column_name = 'updated_at') AND objoid = (SELECT oid FROM pg_catalog.pg_class WHERE relname = 'restaurantes' AND relnamespace = (SELECT oid FROM pg_catalog.pg_namespace WHERE nspname = CURRENT_SCHEMA()))

2026/07/11 11:46:10 [32m/home/humberto/Aplicativos/Manager-Restaurante-main/backend/pkg/database/postgres.go:78
[0m[33m[0.858ms] [34;1m[rows:1][0m SELECT count(*) FROM pg_indexes WHERE tablename = 'restaurantes' AND indexname = 'idx_restaurantes_tenant_id' AND schemaname = CURRENT_SCHEMA()

2026/07/11 11:46:10 [32m/home/humberto/Aplicativos/Manager-Restaurante-main/backend/pkg/database/postgres.go:78
[0m[33m[0.727ms] [34;1m[rows:1][0m SELECT count(*) FROM information_schema.tables WHERE table_schema = CURRENT_SCHEMA() AND table_name = 'mesas' AND table_type = 'BASE TABLE'

2026/07/11 11:46:10 [32m/home/humberto/Aplicativos/Manager-Restaurante-main/backend/pkg/database/postgres.go:78
[0m[33m[0.101ms] [34;1m[rows:1][0m SELECT CURRENT_DATABASE()

2026/07/11 11:46:10 [32m/home/humberto/Aplicativos/Manager-Restaurante-main/backend/pkg/database/postgres.go:78
[0m[33m[7.712ms] [34;1m[rows:-][0m SELECT c.column_name, c.is_nullable = 'YES', c.udt_name, c.character_maximum_length, c.numeric_precision, c.numeric_precision_radix, c.numeric_scale, c.datetime_precision, 8 * typlen, c.column_default, pd.description, c.identity_increment FROM information_schema.columns AS c JOIN pg_type AS pgt ON c.udt_name = pgt.typname LEFT JOIN pg_catalog.pg_description as pd ON pd.objsubid = c.ordinal_position AND pd.objoid = (SELECT oid FROM pg_catalog.pg_class WHERE relname = c.table_name AND relnamespace = (SELECT oid FROM pg_catalog.pg_namespace WHERE nspname = c.table_schema)) where table_catalog = 'manager_restaurant' AND table_schema = CURRENT_SCHEMA() AND table_name = 'mesas'

2026/07/11 11:46:10 [32m/home/humberto/Aplicativos/Manager-Restaurante-main/backend/pkg/database/postgres.go:78
[0m[33m[1.994ms] [34;1m[rows:-][0m SELECT * FROM "mesas" LIMIT 5

2026/07/11 11:46:10 [32m/home/humberto/Aplicativos/Manager-Restaurante-main/backend/pkg/database/postgres.go:78
[0m[33m[6.726ms] [34;1m[rows:-][0m SELECT constraint_name FROM information_schema.table_constraints tc JOIN information_schema.constraint_column_usage AS ccu USING (constraint_schema, constraint_catalog, table_name, constraint_name) JOIN information_schema.columns AS c ON c.table_schema = tc.constraint_schema AND tc.table_name = c.table_name AND ccu.column_name = c.column_name WHERE constraint_type IN ('PRIMARY KEY', 'UNIQUE') AND c.table_catalog = 'manager_restaurant' AND c.table_schema = CURRENT_SCHEMA() AND c.table_name = 'mesas' AND constraint_type = 'UNIQUE'

2026/07/11 11:46:10 [32m/home/humberto/Aplicativos/Manager-Restaurante-main/backend/pkg/database/postgres.go:78
[0m[33m[5.495ms] [34;1m[rows:-][0m SELECT c.column_name, constraint_name, constraint_type FROM information_schema.table_constraints tc JOIN information_schema.constraint_column_usage AS ccu USING (constraint_schema, constraint_catalog, table_name, constraint_name) JOIN information_schema.columns AS c ON c.table_schema = tc.constraint_schema AND tc.table_name = c.table_name AND ccu.column_name = c.column_name WHERE constraint_type IN ('PRIMARY KEY', 'UNIQUE') AND c.table_catalog = 'manager_restaurant' AND c.table_schema = CURRENT_SCHEMA() AND c.table_name = 'mesas'

2026/07/11 11:46:10 [32m/home/humberto/Aplicativos/Manager-Restaurante-main/backend/pkg/database/postgres.go:78
[0m[33m[0.763ms] [34;1m[rows:-][0m SELECT a.attname as column_name, format_type(a.atttypid, a.atttypmod) AS data_type
		FROM pg_attribute a JOIN pg_class b ON a.attrelid = b.oid AND relnamespace = (SELECT oid FROM pg_catalog.pg_namespace WHERE nspname = CURRENT_SCHEMA())
		WHERE a.attnum > 0 -- hide internal columns
		AND NOT a.attisdropped -- hide deleted columns
		AND b.relname = 'mesas'

2026/07/11 11:46:10 [32m/home/humberto/Aplicativos/Manager-Restaurante-main/backend/pkg/database/postgres.go:78
[0m[33m[0.604ms] [34;1m[rows:0][0m SELECT description FROM pg_catalog.pg_description WHERE objsubid = (SELECT ordinal_position FROM information_schema.columns WHERE table_schema = CURRENT_SCHEMA() AND table_name = 'mesas' AND column_name = 'id') AND objoid = (SELECT oid FROM pg_catalog.pg_class WHERE relname = 'mesas' AND relnamespace = (SELECT oid FROM pg_catalog.pg_namespace WHERE nspname = CURRENT_SCHEMA()))

2026/07/11 11:46:10 [32m/home/humberto/Aplicativos/Manager-Restaurante-main/backend/pkg/database/postgres.go:78
[0m[33m[0.498ms] [34;1m[rows:0][0m SELECT description FROM pg_catalog.pg_description WHERE objsubid = (SELECT ordinal_position FROM information_schema.columns WHERE table_schema = CURRENT_SCHEMA() AND table_name = 'mesas' AND column_name = 'tenant_id') AND objoid = (SELECT oid FROM pg_catalog.pg_class WHERE relname = 'mesas' AND relnamespace = (SELECT oid FROM pg_catalog.pg_namespace WHERE nspname = CURRENT_SCHEMA()))

2026/07/11 11:46:10 [32m/home/humberto/Aplicativos/Manager-Restaurante-main/backend/pkg/database/postgres.go:78
[0m[33m[0.395ms] [34;1m[rows:0][0m SELECT description FROM pg_catalog.pg_description WHERE objsubid = (SELECT ordinal_position FROM information_schema.columns WHERE table_schema = CURRENT_SCHEMA() AND table_name = 'mesas' AND column_name = 'numero') AND objoid = (SELECT oid FROM pg_catalog.pg_class WHERE relname = 'mesas' AND relnamespace = (SELECT oid FROM pg_catalog.pg_namespace WHERE nspname = CURRENT_SCHEMA()))

2026/07/11 11:46:10 [32m/home/humberto/Aplicativos/Manager-Restaurante-main/backend/pkg/database/postgres.go:78
[0m[33m[0.394ms] [34;1m[rows:0][0m SELECT description FROM pg_catalog.pg_description WHERE objsubid = (SELECT ordinal_position FROM information_schema.columns WHERE table_schema = CURRENT_SCHEMA() AND table_name = 'mesas' AND column_name = 'status') AND objoid = (SELECT oid FROM pg_catalog.pg_class WHERE relname = 'mesas' AND relnamespace = (SELECT oid FROM pg_catalog.pg_namespace WHERE nspname = CURRENT_SCHEMA()))

2026/07/11 11:46:10 [32m/home/humberto/Aplicativos/Manager-Restaurante-main/backend/pkg/database/postgres.go:78
[0m[33m[0.397ms] [34;1m[rows:0][0m SELECT description FROM pg_catalog.pg_description WHERE objsubid = (SELECT ordinal_position FROM information_schema.columns WHERE table_schema = CURRENT_SCHEMA() AND table_name = 'mesas' AND column_name = 'capacidade') AND objoid = (SELECT oid FROM pg_catalog.pg_class WHERE relname = 'mesas' AND relnamespace = (SELECT oid FROM pg_catalog.pg_namespace WHERE nspname = CURRENT_SCHEMA()))

2026/07/11 11:46:10 [32m/home/humberto/Aplicativos/Manager-Restaurante-main/backend/pkg/database/postgres.go:78
[0m[33m[0.406ms] [34;1m[rows:0][0m SELECT description FROM pg_catalog.pg_description WHERE objsubid = (SELECT ordinal_position FROM information_schema.columns WHERE table_schema = CURRENT_SCHEMA() AND table_name = 'mesas' AND column_name = 'formato') AND objoid = (SELECT oid FROM pg_catalog.pg_class WHERE relname = 'mesas' AND relnamespace = (SELECT oid FROM pg_catalog.pg_namespace WHERE nspname = CURRENT_SCHEMA()))

2026/07/11 11:46:10 [32m/home/humberto/Aplicativos/Manager-Restaurante-main/backend/pkg/database/postgres.go:78
[0m[33m[0.397ms] [34;1m[rows:0][0m SELECT description FROM pg_catalog.pg_description WHERE objsubid = (SELECT ordinal_position FROM information_schema.columns WHERE table_schema = CURRENT_SCHEMA() AND table_name = 'mesas' AND column_name = 'pos_x') AND objoid = (SELECT oid FROM pg_catalog.pg_class WHERE relname = 'mesas' AND relnamespace = (SELECT oid FROM pg_catalog.pg_namespace WHERE nspname = CURRENT_SCHEMA()))

2026/07/11 11:46:10 [32m/home/humberto/Aplicativos/Manager-Restaurante-main/backend/pkg/database/postgres.go:78
[0m[33m[0.408ms] [34;1m[rows:0][0m SELECT description FROM pg_catalog.pg_description WHERE objsubid = (SELECT ordinal_position FROM information_schema.columns WHERE table_schema = CURRENT_SCHEMA() AND table_name = 'mesas' AND column_name = 'pos_y') AND objoid = (SELECT oid FROM pg_catalog.pg_class WHERE relname = 'mesas' AND relnamespace = (SELECT oid FROM pg_catalog.pg_namespace WHERE nspname = CURRENT_SCHEMA()))

2026/07/11 11:46:10 [32m/home/humberto/Aplicativos/Manager-Restaurante-main/backend/pkg/database/postgres.go:78
[0m[33m[0.395ms] [34;1m[rows:0][0m SELECT description FROM pg_catalog.pg_description WHERE objsubid = (SELECT ordinal_position FROM information_schema.columns WHERE table_schema = CURRENT_SCHEMA() AND table_name = 'mesas' AND column_name = 'created_at') AND objoid = (SELECT oid FROM pg_catalog.pg_class WHERE relname = 'mesas' AND relnamespace = (SELECT oid FROM pg_catalog.pg_namespace WHERE nspname = CURRENT_SCHEMA()))

2026/07/11 11:46:10 [32m/home/humberto/Aplicativos/Manager-Restaurante-main/backend/pkg/database/postgres.go:78
[0m[33m[0.380ms] [34;1m[rows:0][0m SELECT description FROM pg_catalog.pg_description WHERE objsubid = (SELECT ordinal_position FROM information_schema.columns WHERE table_schema = CURRENT_SCHEMA() AND table_name = 'mesas' AND column_name = 'updated_at') AND objoid = (SELECT oid FROM pg_catalog.pg_class WHERE relname = 'mesas' AND relnamespace = (SELECT oid FROM pg_catalog.pg_namespace WHERE nspname = CURRENT_SCHEMA()))

2026/07/11 11:46:10 [32m/home/humberto/Aplicativos/Manager-Restaurante-main/backend/pkg/database/postgres.go:78
[0m[33m[0.896ms] [34;1m[rows:1][0m SELECT count(*) FROM pg_indexes WHERE tablename = 'mesas' AND indexname = 'idx_mesas_tenant_id' AND schemaname = CURRENT_SCHEMA()

2026/07/11 11:46:10 [32m/home/humberto/Aplicativos/Manager-Restaurante-main/backend/pkg/database/postgres.go:78
[0m[33m[0.748ms] [34;1m[rows:1][0m SELECT count(*) FROM information_schema.tables WHERE table_schema = CURRENT_SCHEMA() AND table_name = 'setors' AND table_type = 'BASE TABLE'

2026/07/11 11:46:10 [32m/home/humberto/Aplicativos/Manager-Restaurante-main/backend/pkg/database/postgres.go:78
[0m[33m[0.098ms] [34;1m[rows:1][0m SELECT CURRENT_DATABASE()

2026/07/11 11:46:10 [32m/home/humberto/Aplicativos/Manager-Restaurante-main/backend/pkg/database/postgres.go:78
[0m[33m[5.439ms] [34;1m[rows:-][0m SELECT c.column_name, c.is_nullable = 'YES', c.udt_name, c.character_maximum_length, c.numeric_precision, c.numeric_precision_radix, c.numeric_scale, c.datetime_precision, 8 * typlen, c.column_default, pd.description, c.identity_increment FROM information_schema.columns AS c JOIN pg_type AS pgt ON c.udt_name = pgt.typname LEFT JOIN pg_catalog.pg_description as pd ON pd.objsubid = c.ordinal_position AND pd.objoid = (SELECT oid FROM pg_catalog.pg_class WHERE relname = c.table_name AND relnamespace = (SELECT oid FROM pg_catalog.pg_namespace WHERE nspname = c.table_schema)) where table_catalog = 'manager_restaurant' AND table_schema = CURRENT_SCHEMA() AND table_name = 'setors'

2026/07/11 11:46:10 [32m/home/humberto/Aplicativos/Manager-Restaurante-main/backend/pkg/database/postgres.go:78
[0m[33m[0.880ms] [34;1m[rows:-][0m SELECT * FROM "setors" LIMIT 5

2026/07/11 11:46:10 [32m/home/humberto/Aplicativos/Manager-Restaurante-main/backend/pkg/database/postgres.go:78
[0m[33m[7.239ms] [34;1m[rows:-][0m SELECT constraint_name FROM information_schema.table_constraints tc JOIN information_schema.constraint_column_usage AS ccu USING (constraint_schema, constraint_catalog, table_name, constraint_name) JOIN information_schema.columns AS c ON c.table_schema = tc.constraint_schema AND tc.table_name = c.table_name AND ccu.column_name = c.column_name WHERE constraint_type IN ('PRIMARY KEY', 'UNIQUE') AND c.table_catalog = 'manager_restaurant' AND c.table_schema = CURRENT_SCHEMA() AND c.table_name = 'setors' AND constraint_type = 'UNIQUE'

2026/07/11 11:46:10 [32m/home/humberto/Aplicativos/Manager-Restaurante-main/backend/pkg/database/postgres.go:78
[0m[33m[6.178ms] [34;1m[rows:-][0m SELECT c.column_name, constraint_name, constraint_type FROM information_schema.table_constraints tc JOIN information_schema.constraint_column_usage AS ccu USING (constraint_schema, constraint_catalog, table_name, constraint_name) JOIN information_schema.columns AS c ON c.table_schema = tc.constraint_schema AND tc.table_name = c.table_name AND ccu.column_name = c.column_name WHERE constraint_type IN ('PRIMARY KEY', 'UNIQUE') AND c.table_catalog = 'manager_restaurant' AND c.table_schema = CURRENT_SCHEMA() AND c.table_name = 'setors'

2026/07/11 11:46:10 [32m/home/humberto/Aplicativos/Manager-Restaurante-main/backend/pkg/database/postgres.go:78
[0m[33m[0.568ms] [34;1m[rows:-][0m SELECT a.attname as column_name, format_type(a.atttypid, a.atttypmod) AS data_type
		FROM pg_attribute a JOIN pg_class b ON a.attrelid = b.oid AND relnamespace = (SELECT oid FROM pg_catalog.pg_namespace WHERE nspname = CURRENT_SCHEMA())
		WHERE a.attnum > 0 -- hide internal columns
		AND NOT a.attisdropped -- hide deleted columns
		AND b.relname = 'setors'

2026/07/11 11:46:10 [32m/home/humberto/Aplicativos/Manager-Restaurante-main/backend/pkg/database/postgres.go:78
[0m[33m[0.452ms] [34;1m[rows:0][0m SELECT description FROM pg_catalog.pg_description WHERE objsubid = (SELECT ordinal_position FROM information_schema.columns WHERE table_schema = CURRENT_SCHEMA() AND table_name = 'setors' AND column_name = 'id') AND objoid = (SELECT oid FROM pg_catalog.pg_class WHERE relname = 'setors' AND relnamespace = (SELECT oid FROM pg_catalog.pg_namespace WHERE nspname = CURRENT_SCHEMA()))

2026/07/11 11:46:10 [32m/home/humberto/Aplicativos/Manager-Restaurante-main/backend/pkg/database/postgres.go:78
[0m[33m[0.425ms] [34;1m[rows:0][0m SELECT description FROM pg_catalog.pg_description WHERE objsubid = (SELECT ordinal_position FROM information_schema.columns WHERE table_schema = CURRENT_SCHEMA() AND table_name = 'setors' AND column_name = 'tenant_id') AND objoid = (SELECT oid FROM pg_catalog.pg_class WHERE relname = 'setors' AND relnamespace = (SELECT oid FROM pg_catalog.pg_namespace WHERE nspname = CURRENT_SCHEMA()))

2026/07/11 11:46:10 [32m/home/humberto/Aplicativos/Manager-Restaurante-main/backend/pkg/database/postgres.go:78
[0m[33m[0.411ms] [34;1m[rows:0][0m SELECT description FROM pg_catalog.pg_description WHERE objsubid = (SELECT ordinal_position FROM information_schema.columns WHERE table_schema = CURRENT_SCHEMA() AND table_name = 'setors' AND column_name = 'nome') AND objoid = (SELECT oid FROM pg_catalog.pg_class WHERE relname = 'setors' AND relnamespace = (SELECT oid FROM pg_catalog.pg_namespace WHERE nspname = CURRENT_SCHEMA()))

2026/07/11 11:46:10 [32m/home/humberto/Aplicativos/Manager-Restaurante-main/backend/pkg/database/postgres.go:78
[0m[33m[0.417ms] [34;1m[rows:0][0m SELECT description FROM pg_catalog.pg_description WHERE objsubid = (SELECT ordinal_position FROM information_schema.columns WHERE table_schema = CURRENT_SCHEMA() AND table_name = 'setors' AND column_name = 'created_at') AND objoid = (SELECT oid FROM pg_catalog.pg_class WHERE relname = 'setors' AND relnamespace = (SELECT oid FROM pg_catalog.pg_namespace WHERE nspname = CURRENT_SCHEMA()))

2026/07/11 11:46:10 [32m/home/humberto/Aplicativos/Manager-Restaurante-main/backend/pkg/database/postgres.go:78
[0m[33m[0.406ms] [34;1m[rows:0][0m SELECT description FROM pg_catalog.pg_description WHERE objsubid = (SELECT ordinal_position FROM information_schema.columns WHERE table_schema = CURRENT_SCHEMA() AND table_name = 'setors' AND column_name = 'updated_at') AND objoid = (SELECT oid FROM pg_catalog.pg_class WHERE relname = 'setors' AND relnamespace = (SELECT oid FROM pg_catalog.pg_namespace WHERE nspname = CURRENT_SCHEMA()))

2026/07/11 11:46:10 [32m/home/humberto/Aplicativos/Manager-Restaurante-main/backend/pkg/database/postgres.go:78
[0m[33m[0.868ms] [34;1m[rows:1][0m SELECT count(*) FROM pg_indexes WHERE tablename = 'setors' AND indexname = 'idx_setors_tenant_id' AND schemaname = CURRENT_SCHEMA()

2026/07/11 11:46:10 [32m/home/humberto/Aplicativos/Manager-Restaurante-main/backend/pkg/database/postgres.go:78
[0m[33m[0.822ms] [34;1m[rows:1][0m SELECT count(*) FROM information_schema.tables WHERE table_schema = CURRENT_SCHEMA() AND table_name = 'categoria' AND table_type = 'BASE TABLE'

2026/07/11 11:46:10 [32m/home/humberto/Aplicativos/Manager-Restaurante-main/backend/pkg/database/postgres.go:78
[0m[33m[0.113ms] [34;1m[rows:1][0m SELECT CURRENT_DATABASE()

2026/07/11 11:46:10 [32m/home/humberto/Aplicativos/Manager-Restaurante-main/backend/pkg/database/postgres.go:78
[0m[33m[5.914ms] [34;1m[rows:-][0m SELECT c.column_name, c.is_nullable = 'YES', c.udt_name, c.character_maximum_length, c.numeric_precision, c.numeric_precision_radix, c.numeric_scale, c.datetime_precision, 8 * typlen, c.column_default, pd.description, c.identity_increment FROM information_schema.columns AS c JOIN pg_type AS pgt ON c.udt_name = pgt.typname LEFT JOIN pg_catalog.pg_description as pd ON pd.objsubid = c.ordinal_position AND pd.objoid = (SELECT oid FROM pg_catalog.pg_class WHERE relname = c.table_name AND relnamespace = (SELECT oid FROM pg_catalog.pg_namespace WHERE nspname = c.table_schema)) where table_catalog = 'manager_restaurant' AND table_schema = CURRENT_SCHEMA() AND table_name = 'categoria'

2026/07/11 11:46:10 [32m/home/humberto/Aplicativos/Manager-Restaurante-main/backend/pkg/database/postgres.go:78
[0m[33m[1.896ms] [34;1m[rows:-][0m SELECT * FROM "categoria" LIMIT 5

2026/07/11 11:46:10 [32m/home/humberto/Aplicativos/Manager-Restaurante-main/backend/pkg/database/postgres.go:78
[0m[33m[4.220ms] [34;1m[rows:-][0m SELECT constraint_name FROM information_schema.table_constraints tc JOIN information_schema.constraint_column_usage AS ccu USING (constraint_schema, constraint_catalog, table_name, constraint_name) JOIN information_schema.columns AS c ON c.table_schema = tc.constraint_schema AND tc.table_name = c.table_name AND ccu.column_name = c.column_name WHERE constraint_type IN ('PRIMARY KEY', 'UNIQUE') AND c.table_catalog = 'manager_restaurant' AND c.table_schema = CURRENT_SCHEMA() AND c.table_name = 'categoria' AND constraint_type = 'UNIQUE'

2026/07/11 11:46:10 [32m/home/humberto/Aplicativos/Manager-Restaurante-main/backend/pkg/database/postgres.go:78
[0m[33m[7.243ms] [34;1m[rows:-][0m SELECT c.column_name, constraint_name, constraint_type FROM information_schema.table_constraints tc JOIN information_schema.constraint_column_usage AS ccu USING (constraint_schema, constraint_catalog, table_name, constraint_name) JOIN information_schema.columns AS c ON c.table_schema = tc.constraint_schema AND tc.table_name = c.table_name AND ccu.column_name = c.column_name WHERE constraint_type IN ('PRIMARY KEY', 'UNIQUE') AND c.table_catalog = 'manager_restaurant' AND c.table_schema = CURRENT_SCHEMA() AND c.table_name = 'categoria'

2026/07/11 11:46:10 [32m/home/humberto/Aplicativos/Manager-Restaurante-main/backend/pkg/database/postgres.go:78
[0m[33m[0.607ms] [34;1m[rows:-][0m SELECT a.attname as column_name, format_type(a.atttypid, a.atttypmod) AS data_type
		FROM pg_attribute a JOIN pg_class b ON a.attrelid = b.oid AND relnamespace = (SELECT oid FROM pg_catalog.pg_namespace WHERE nspname = CURRENT_SCHEMA())
		WHERE a.attnum > 0 -- hide internal columns
		AND NOT a.attisdropped -- hide deleted columns
		AND b.relname = 'categoria'

2026/07/11 11:46:10 [32m/home/humberto/Aplicativos/Manager-Restaurante-main/backend/pkg/database/postgres.go:78
[0m[33m[0.481ms] [34;1m[rows:0][0m SELECT description FROM pg_catalog.pg_description WHERE objsubid = (SELECT ordinal_position FROM information_schema.columns WHERE table_schema = CURRENT_SCHEMA() AND table_name = 'categoria' AND column_name = 'id') AND objoid = (SELECT oid FROM pg_catalog.pg_class WHERE relname = 'categoria' AND relnamespace = (SELECT oid FROM pg_catalog.pg_namespace WHERE nspname = CURRENT_SCHEMA()))

2026/07/11 11:46:10 [32m/home/humberto/Aplicativos/Manager-Restaurante-main/backend/pkg/database/postgres.go:78
[0m[33m[0.507ms] [34;1m[rows:0][0m SELECT description FROM pg_catalog.pg_description WHERE objsubid = (SELECT ordinal_position FROM information_schema.columns WHERE table_schema = CURRENT_SCHEMA() AND table_name = 'categoria' AND column_name = 'tenant_id') AND objoid = (SELECT oid FROM pg_catalog.pg_class WHERE relname = 'categoria' AND relnamespace = (SELECT oid FROM pg_catalog.pg_namespace WHERE nspname = CURRENT_SCHEMA()))

2026/07/11 11:46:10 [32m/home/humberto/Aplicativos/Manager-Restaurante-main/backend/pkg/database/postgres.go:78
[0m[33m[0.412ms] [34;1m[rows:0][0m SELECT description FROM pg_catalog.pg_description WHERE objsubid = (SELECT ordinal_position FROM information_schema.columns WHERE table_schema = CURRENT_SCHEMA() AND table_name = 'categoria' AND column_name = 'nome') AND objoid = (SELECT oid FROM pg_catalog.pg_class WHERE relname = 'categoria' AND relnamespace = (SELECT oid FROM pg_catalog.pg_namespace WHERE nspname = CURRENT_SCHEMA()))

2026/07/11 11:46:10 [32m/home/humberto/Aplicativos/Manager-Restaurante-main/backend/pkg/database/postgres.go:78
[0m[33m[0.414ms] [34;1m[rows:0][0m SELECT description FROM pg_catalog.pg_description WHERE objsubid = (SELECT ordinal_position FROM information_schema.columns WHERE table_schema = CURRENT_SCHEMA() AND table_name = 'categoria' AND column_name = 'descricao') AND objoid = (SELECT oid FROM pg_catalog.pg_class WHERE relname = 'categoria' AND relnamespace = (SELECT oid FROM pg_catalog.pg_namespace WHERE nspname = CURRENT_SCHEMA()))

2026/07/11 11:46:10 [32m/home/humberto/Aplicativos/Manager-Restaurante-main/backend/pkg/database/postgres.go:78
[0m[33m[0.395ms] [34;1m[rows:0][0m SELECT description FROM pg_catalog.pg_description WHERE objsubid = (SELECT ordinal_position FROM information_schema.columns WHERE table_schema = CURRENT_SCHEMA() AND table_name = 'categoria' AND column_name = 'created_at') AND objoid = (SELECT oid FROM pg_catalog.pg_class WHERE relname = 'categoria' AND relnamespace = (SELECT oid FROM pg_catalog.pg_namespace WHERE nspname = CURRENT_SCHEMA()))

2026/07/11 11:46:10 [32m/home/humberto/Aplicativos/Manager-Restaurante-main/backend/pkg/database/postgres.go:78
[0m[33m[0.376ms] [34;1m[rows:0][0m SELECT description FROM pg_catalog.pg_description WHERE objsubid = (SELECT ordinal_position FROM information_schema.columns WHERE table_schema = CURRENT_SCHEMA() AND table_name = 'categoria' AND column_name = 'updated_at') AND objoid = (SELECT oid FROM pg_catalog.pg_class WHERE relname = 'categoria' AND relnamespace = (SELECT oid FROM pg_catalog.pg_namespace WHERE nspname = CURRENT_SCHEMA()))

2026/07/11 11:46:10 [32m/home/humberto/Aplicativos/Manager-Restaurante-main/backend/pkg/database/postgres.go:78
[0m[33m[0.222ms] [34;1m[rows:1][0m SELECT count(*) FROM pg_indexes WHERE tablename = 'categoria' AND indexname = 'idx_categoria_tenant_id' AND schemaname = CURRENT_SCHEMA()

2026/07/11 11:46:10 [32m/home/humberto/Aplicativos/Manager-Restaurante-main/backend/pkg/database/postgres.go:78
[0m[33m[0.189ms] [34;1m[rows:1][0m SELECT count(*) FROM information_schema.tables WHERE table_schema = CURRENT_SCHEMA() AND table_name = 'produtos' AND table_type = 'BASE TABLE'

2026/07/11 11:46:10 [32m/home/humberto/Aplicativos/Manager-Restaurante-main/backend/pkg/database/postgres.go:78
[0m[33m[0.086ms] [34;1m[rows:1][0m SELECT CURRENT_DATABASE()

2026/07/11 11:46:10 [32m/home/humberto/Aplicativos/Manager-Restaurante-main/backend/pkg/database/postgres.go:78
[0m[33m[2.891ms] [34;1m[rows:-][0m SELECT c.column_name, c.is_nullable = 'YES', c.udt_name, c.character_maximum_length, c.numeric_precision, c.numeric_precision_radix, c.numeric_scale, c.datetime_precision, 8 * typlen, c.column_default, pd.description, c.identity_increment FROM information_schema.columns AS c JOIN pg_type AS pgt ON c.udt_name = pgt.typname LEFT JOIN pg_catalog.pg_description as pd ON pd.objsubid = c.ordinal_position AND pd.objoid = (SELECT oid FROM pg_catalog.pg_class WHERE relname = c.table_name AND relnamespace = (SELECT oid FROM pg_catalog.pg_namespace WHERE nspname = c.table_schema)) where table_catalog = 'manager_restaurant' AND table_schema = CURRENT_SCHEMA() AND table_name = 'produtos'

2026/07/11 11:46:10 [32m/home/humberto/Aplicativos/Manager-Restaurante-main/backend/pkg/database/postgres.go:78
[0m[33m[1.209ms] [34;1m[rows:-][0m SELECT * FROM "produtos" LIMIT 5

2026/07/11 11:46:10 [32m/home/humberto/Aplicativos/Manager-Restaurante-main/backend/pkg/database/postgres.go:78
[0m[33m[1.365ms] [34;1m[rows:-][0m SELECT constraint_name FROM information_schema.table_constraints tc JOIN information_schema.constraint_column_usage AS ccu USING (constraint_schema, constraint_catalog, table_name, constraint_name) JOIN information_schema.columns AS c ON c.table_schema = tc.constraint_schema AND tc.table_name = c.table_name AND ccu.column_name = c.column_name WHERE constraint_type IN ('PRIMARY KEY', 'UNIQUE') AND c.table_catalog = 'manager_restaurant' AND c.table_schema = CURRENT_SCHEMA() AND c.table_name = 'produtos' AND constraint_type = 'UNIQUE'

2026/07/11 11:46:10 [32m/home/humberto/Aplicativos/Manager-Restaurante-main/backend/pkg/database/postgres.go:78
[0m[33m[1.293ms] [34;1m[rows:-][0m SELECT c.column_name, constraint_name, constraint_type FROM information_schema.table_constraints tc JOIN information_schema.constraint_column_usage AS ccu USING (constraint_schema, constraint_catalog, table_name, constraint_name) JOIN information_schema.columns AS c ON c.table_schema = tc.constraint_schema AND tc.table_name = c.table_name AND ccu.column_name = c.column_name WHERE constraint_type IN ('PRIMARY KEY', 'UNIQUE') AND c.table_catalog = 'manager_restaurant' AND c.table_schema = CURRENT_SCHEMA() AND c.table_name = 'produtos'

2026/07/11 11:46:10 [32m/home/humberto/Aplicativos/Manager-Restaurante-main/backend/pkg/database/postgres.go:78
[0m[33m[0.177ms] [34;1m[rows:-][0m SELECT a.attname as column_name, format_type(a.atttypid, a.atttypmod) AS data_type
		FROM pg_attribute a JOIN pg_class b ON a.attrelid = b.oid AND relnamespace = (SELECT oid FROM pg_catalog.pg_namespace WHERE nspname = CURRENT_SCHEMA())
		WHERE a.attnum > 0 -- hide internal columns
		AND NOT a.attisdropped -- hide deleted columns
		AND b.relname = 'produtos'

2026/07/11 11:46:10 [32m/home/humberto/Aplicativos/Manager-Restaurante-main/backend/pkg/database/postgres.go:78
[0m[33m[0.413ms] [34;1m[rows:0][0m SELECT description FROM pg_catalog.pg_description WHERE objsubid = (SELECT ordinal_position FROM information_schema.columns WHERE table_schema = CURRENT_SCHEMA() AND table_name = 'produtos' AND column_name = 'id') AND objoid = (SELECT oid FROM pg_catalog.pg_class WHERE relname = 'produtos' AND relnamespace = (SELECT oid FROM pg_catalog.pg_namespace WHERE nspname = CURRENT_SCHEMA()))

2026/07/11 11:46:10 [32m/home/humberto/Aplicativos/Manager-Restaurante-main/backend/pkg/database/postgres.go:78
[0m[33m[0.382ms] [34;1m[rows:0][0m SELECT description FROM pg_catalog.pg_description WHERE objsubid = (SELECT ordinal_position FROM information_schema.columns WHERE table_schema = CURRENT_SCHEMA() AND table_name = 'produtos' AND column_name = 'tenant_id') AND objoid = (SELECT oid FROM pg_catalog.pg_class WHERE relname = 'produtos' AND relnamespace = (SELECT oid FROM pg_catalog.pg_namespace WHERE nspname = CURRENT_SCHEMA()))

2026/07/11 11:46:10 [32m/home/humberto/Aplicativos/Manager-Restaurante-main/backend/pkg/database/postgres.go:78
[0m[33m[0.369ms] [34;1m[rows:0][0m SELECT description FROM pg_catalog.pg_description WHERE objsubid = (SELECT ordinal_position FROM information_schema.columns WHERE table_schema = CURRENT_SCHEMA() AND table_name = 'produtos' AND column_name = 'categoria_id') AND objoid = (SELECT oid FROM pg_catalog.pg_class WHERE relname = 'produtos' AND relnamespace = (SELECT oid FROM pg_catalog.pg_namespace WHERE nspname = CURRENT_SCHEMA()))

2026/07/11 11:46:10 [32m/home/humberto/Aplicativos/Manager-Restaurante-main/backend/pkg/database/postgres.go:78
[0m[33m[0.387ms] [34;1m[rows:0][0m SELECT description FROM pg_catalog.pg_description WHERE objsubid = (SELECT ordinal_position FROM information_schema.columns WHERE table_schema = CURRENT_SCHEMA() AND table_name = 'produtos' AND column_name = 'nome') AND objoid = (SELECT oid FROM pg_catalog.pg_class WHERE relname = 'produtos' AND relnamespace = (SELECT oid FROM pg_catalog.pg_namespace WHERE nspname = CURRENT_SCHEMA()))

2026/07/11 11:46:10 [32m/home/humberto/Aplicativos/Manager-Restaurante-main/backend/pkg/database/postgres.go:78
[0m[33m[0.370ms] [34;1m[rows:0][0m SELECT description FROM pg_catalog.pg_description WHERE objsubid = (SELECT ordinal_position FROM information_schema.columns WHERE table_schema = CURRENT_SCHEMA() AND table_name = 'produtos' AND column_name = 'descricao') AND objoid = (SELECT oid FROM pg_catalog.pg_class WHERE relname = 'produtos' AND relnamespace = (SELECT oid FROM pg_catalog.pg_namespace WHERE nspname = CURRENT_SCHEMA()))

2026/07/11 11:46:10 [32m/home/humberto/Aplicativos/Manager-Restaurante-main/backend/pkg/database/postgres.go:78
[0m[33m[0.552ms] [34;1m[rows:0][0m SELECT description FROM pg_catalog.pg_description WHERE objsubid = (SELECT ordinal_position FROM information_schema.columns WHERE table_schema = CURRENT_SCHEMA() AND table_name = 'produtos' AND column_name = 'preco') AND objoid = (SELECT oid FROM pg_catalog.pg_class WHERE relname = 'produtos' AND relnamespace = (SELECT oid FROM pg_catalog.pg_namespace WHERE nspname = CURRENT_SCHEMA()))

2026/07/11 11:46:10 [32m/home/humberto/Aplicativos/Manager-Restaurante-main/backend/pkg/database/postgres.go:78
[0m[33m[0.449ms] [34;1m[rows:0][0m SELECT description FROM pg_catalog.pg_description WHERE objsubid = (SELECT ordinal_position FROM information_schema.columns WHERE table_schema = CURRENT_SCHEMA() AND table_name = 'produtos' AND column_name = 'codigo_barras') AND objoid = (SELECT oid FROM pg_catalog.pg_class WHERE relname = 'produtos' AND relnamespace = (SELECT oid FROM pg_catalog.pg_namespace WHERE nspname = CURRENT_SCHEMA()))

2026/07/11 11:46:10 [32m/home/humberto/Aplicativos/Manager-Restaurante-main/backend/pkg/database/postgres.go:78
[0m[33m[0.399ms] [34;1m[rows:0][0m SELECT description FROM pg_catalog.pg_description WHERE objsubid = (SELECT ordinal_position FROM information_schema.columns WHERE table_schema = CURRENT_SCHEMA() AND table_name = 'produtos' AND column_name = 'imagem_url') AND objoid = (SELECT oid FROM pg_catalog.pg_class WHERE relname = 'produtos' AND relnamespace = (SELECT oid FROM pg_catalog.pg_namespace WHERE nspname = CURRENT_SCHEMA()))

2026/07/11 11:46:10 [32m/home/humberto/Aplicativos/Manager-Restaurante-main/backend/pkg/database/postgres.go:78
[0m[33m[0.380ms] [34;1m[rows:0][0m SELECT description FROM pg_catalog.pg_description WHERE objsubid = (SELECT ordinal_position FROM information_schema.columns WHERE table_schema = CURRENT_SCHEMA() AND table_name = 'produtos' AND column_name = 'ativo') AND objoid = (SELECT oid FROM pg_catalog.pg_class WHERE relname = 'produtos' AND relnamespace = (SELECT oid FROM pg_catalog.pg_namespace WHERE nspname = CURRENT_SCHEMA()))

2026/07/11 11:46:10 [32m/home/humberto/Aplicativos/Manager-Restaurante-main/backend/pkg/database/postgres.go:78
[0m[33m[0.380ms] [34;1m[rows:0][0m SELECT description FROM pg_catalog.pg_description WHERE objsubid = (SELECT ordinal_position FROM information_schema.columns WHERE table_schema = CURRENT_SCHEMA() AND table_name = 'produtos' AND column_name = 'setor_id') AND objoid = (SELECT oid FROM pg_catalog.pg_class WHERE relname = 'produtos' AND relnamespace = (SELECT oid FROM pg_catalog.pg_namespace WHERE nspname = CURRENT_SCHEMA()))

2026/07/11 11:46:10 [32m/home/humberto/Aplicativos/Manager-Restaurante-main/backend/pkg/database/postgres.go:78
[0m[33m[0.383ms] [34;1m[rows:0][0m SELECT description FROM pg_catalog.pg_description WHERE objsubid = (SELECT ordinal_position FROM information_schema.columns WHERE table_schema = CURRENT_SCHEMA() AND table_name = 'produtos' AND column_name = 'tipo') AND objoid = (SELECT oid FROM pg_catalog.pg_class WHERE relname = 'produtos' AND relnamespace = (SELECT oid FROM pg_catalog.pg_namespace WHERE nspname = CURRENT_SCHEMA()))

2026/07/11 11:46:10 [32m/home/humberto/Aplicativos/Manager-Restaurante-main/backend/pkg/database/postgres.go:78
[0m[33m[0.371ms] [34;1m[rows:0][0m SELECT description FROM pg_catalog.pg_description WHERE objsubid = (SELECT ordinal_position FROM information_schema.columns WHERE table_schema = CURRENT_SCHEMA() AND table_name = 'produtos' AND column_name = 'unidade_medida') AND objoid = (SELECT oid FROM pg_catalog.pg_class WHERE relname = 'produtos' AND relnamespace = (SELECT oid FROM pg_catalog.pg_namespace WHERE nspname = CURRENT_SCHEMA()))

2026/07/11 11:46:10 [32m/home/humberto/Aplicativos/Manager-Restaurante-main/backend/pkg/database/postgres.go:78
[0m[33m[0.481ms] [34;1m[rows:0][0m SELECT description FROM pg_catalog.pg_description WHERE objsubid = (SELECT ordinal_position FROM information_schema.columns WHERE table_schema = CURRENT_SCHEMA() AND table_name = 'produtos' AND column_name = 'created_at') AND objoid = (SELECT oid FROM pg_catalog.pg_class WHERE relname = 'produtos' AND relnamespace = (SELECT oid FROM pg_catalog.pg_namespace WHERE nspname = CURRENT_SCHEMA()))

2026/07/11 11:46:10 [32m/home/humberto/Aplicativos/Manager-Restaurante-main/backend/pkg/database/postgres.go:78
[0m[33m[0.285ms] [34;1m[rows:0][0m SELECT description FROM pg_catalog.pg_description WHERE objsubid = (SELECT ordinal_position FROM information_schema.columns WHERE table_schema = CURRENT_SCHEMA() AND table_name = 'produtos' AND column_name = 'updated_at') AND objoid = (SELECT oid FROM pg_catalog.pg_class WHERE relname = 'produtos' AND relnamespace = (SELECT oid FROM pg_catalog.pg_namespace WHERE nspname = CURRENT_SCHEMA()))

2026/07/11 11:46:10 [32m/home/humberto/Aplicativos/Manager-Restaurante-main/backend/pkg/database/postgres.go:78
[0m[33m[0.263ms] [34;1m[rows:1][0m SELECT count(*) FROM pg_indexes WHERE tablename = 'produtos' AND indexname = 'idx_produtos_tenant_id' AND schemaname = CURRENT_SCHEMA()

2026/07/11 11:46:10 [32m/home/humberto/Aplicativos/Manager-Restaurante-main/backend/pkg/database/postgres.go:78
[0m[33m[0.231ms] [34;1m[rows:1][0m SELECT count(*) FROM pg_indexes WHERE tablename = 'produtos' AND indexname = 'idx_produtos_codigo_barras' AND schemaname = CURRENT_SCHEMA()

2026/07/11 11:46:10 [32m/home/humberto/Aplicativos/Manager-Restaurante-main/backend/pkg/database/postgres.go:78
[0m[33m[0.278ms] [34;1m[rows:1][0m SELECT count(*) FROM information_schema.tables WHERE table_schema = CURRENT_SCHEMA() AND table_name = 'adicionals' AND table_type = 'BASE TABLE'

2026/07/11 11:46:10 [32m/home/humberto/Aplicativos/Manager-Restaurante-main/backend/pkg/database/postgres.go:78
[0m[33m[0.096ms] [34;1m[rows:1][0m SELECT CURRENT_DATABASE()

2026/07/11 11:46:10 [32m/home/humberto/Aplicativos/Manager-Restaurante-main/backend/pkg/database/postgres.go:78
[0m[33m[1.636ms] [34;1m[rows:-][0m SELECT c.column_name, c.is_nullable = 'YES', c.udt_name, c.character_maximum_length, c.numeric_precision, c.numeric_precision_radix, c.numeric_scale, c.datetime_precision, 8 * typlen, c.column_default, pd.description, c.identity_increment FROM information_schema.columns AS c JOIN pg_type AS pgt ON c.udt_name = pgt.typname LEFT JOIN pg_catalog.pg_description as pd ON pd.objsubid = c.ordinal_position AND pd.objoid = (SELECT oid FROM pg_catalog.pg_class WHERE relname = c.table_name AND relnamespace = (SELECT oid FROM pg_catalog.pg_namespace WHERE nspname = c.table_schema)) where table_catalog = 'manager_restaurant' AND table_schema = CURRENT_SCHEMA() AND table_name = 'adicionals'

2026/07/11 11:46:10 [32m/home/humberto/Aplicativos/Manager-Restaurante-main/backend/pkg/database/postgres.go:78
[0m[33m[0.752ms] [34;1m[rows:-][0m SELECT * FROM "adicionals" LIMIT 5

2026/07/11 11:46:10 [32m/home/humberto/Aplicativos/Manager-Restaurante-main/backend/pkg/database/postgres.go:78
[0m[33m[0.825ms] [34;1m[rows:-][0m SELECT constraint_name FROM information_schema.table_constraints tc JOIN information_schema.constraint_column_usage AS ccu USING (constraint_schema, constraint_catalog, table_name, constraint_name) JOIN information_schema.columns AS c ON c.table_schema = tc.constraint_schema AND tc.table_name = c.table_name AND ccu.column_name = c.column_name WHERE constraint_type IN ('PRIMARY KEY', 'UNIQUE') AND c.table_catalog = 'manager_restaurant' AND c.table_schema = CURRENT_SCHEMA() AND c.table_name = 'adicionals' AND constraint_type = 'UNIQUE'

2026/07/11 11:46:10 [32m/home/humberto/Aplicativos/Manager-Restaurante-main/backend/pkg/database/postgres.go:78
[0m[33m[0.817ms] [34;1m[rows:-][0m SELECT c.column_name, constraint_name, constraint_type FROM information_schema.table_constraints tc JOIN information_schema.constraint_column_usage AS ccu USING (constraint_schema, constraint_catalog, table_name, constraint_name) JOIN information_schema.columns AS c ON c.table_schema = tc.constraint_schema AND tc.table_name = c.table_name AND ccu.column_name = c.column_name WHERE constraint_type IN ('PRIMARY KEY', 'UNIQUE') AND c.table_catalog = 'manager_restaurant' AND c.table_schema = CURRENT_SCHEMA() AND c.table_name = 'adicionals'

2026/07/11 11:46:10 [32m/home/humberto/Aplicativos/Manager-Restaurante-main/backend/pkg/database/postgres.go:78
[0m[33m[0.170ms] [34;1m[rows:-][0m SELECT a.attname as column_name, format_type(a.atttypid, a.atttypmod) AS data_type
		FROM pg_attribute a JOIN pg_class b ON a.attrelid = b.oid AND relnamespace = (SELECT oid FROM pg_catalog.pg_namespace WHERE nspname = CURRENT_SCHEMA())
		WHERE a.attnum > 0 -- hide internal columns
		AND NOT a.attisdropped -- hide deleted columns
		AND b.relname = 'adicionals'

2026/07/11 11:46:10 [32m/home/humberto/Aplicativos/Manager-Restaurante-main/backend/pkg/database/postgres.go:78
[0m[33m[0.390ms] [34;1m[rows:0][0m SELECT description FROM pg_catalog.pg_description WHERE objsubid = (SELECT ordinal_position FROM information_schema.columns WHERE table_schema = CURRENT_SCHEMA() AND table_name = 'adicionals' AND column_name = 'id') AND objoid = (SELECT oid FROM pg_catalog.pg_class WHERE relname = 'adicionals' AND relnamespace = (SELECT oid FROM pg_catalog.pg_namespace WHERE nspname = CURRENT_SCHEMA()))

2026/07/11 11:46:10 [32m/home/humberto/Aplicativos/Manager-Restaurante-main/backend/pkg/database/postgres.go:78
[0m[33m[0.405ms] [34;1m[rows:0][0m SELECT description FROM pg_catalog.pg_description WHERE objsubid = (SELECT ordinal_position FROM information_schema.columns WHERE table_schema = CURRENT_SCHEMA() AND table_name = 'adicionals' AND column_name = 'tenant_id') AND objoid = (SELECT oid FROM pg_catalog.pg_class WHERE relname = 'adicionals' AND relnamespace = (SELECT oid FROM pg_catalog.pg_namespace WHERE nspname = CURRENT_SCHEMA()))

2026/07/11 11:46:10 [32m/home/humberto/Aplicativos/Manager-Restaurante-main/backend/pkg/database/postgres.go:78
[0m[33m[0.387ms] [34;1m[rows:0][0m SELECT description FROM pg_catalog.pg_description WHERE objsubid = (SELECT ordinal_position FROM information_schema.columns WHERE table_schema = CURRENT_SCHEMA() AND table_name = 'adicionals' AND column_name = 'nome') AND objoid = (SELECT oid FROM pg_catalog.pg_class WHERE relname = 'adicionals' AND relnamespace = (SELECT oid FROM pg_catalog.pg_namespace WHERE nspname = CURRENT_SCHEMA()))

2026/07/11 11:46:10 [32m
[0m[33m[0.099ms] [34;1m[rows:1][0m SELECT CURRENT_DATABASE()

2026/07/11 11:46:10 [32m
[0m[33m[1.229ms] [34;1m[rows:-][0m SELECT c.column_name, c.is_nullable = 'YES', c.udt_name, c.character_maximum_length, c.numeric_precision, c.numeric_precision_radix, c.numeric_scale, c.datetime_precision, 8 * typlen, c.column_default, pd.description, c.identity_increment FROM information_schema.columns AS c JOIN pg_type AS pgt ON c.udt_name = pgt.typname LEFT JOIN pg_catalog.pg_description as pd ON pd.objsubid = c.ordinal_position AND pd.objoid = (SELECT oid FROM pg_catalog.pg_class WHERE relname = c.table_name AND relnamespace = (SELECT oid FROM pg_catalog.pg_namespace WHERE nspname = c.table_schema)) where table_catalog = 'manager_restaurant' AND table_schema = CURRENT_SCHEMA() AND table_name = 'adicionals'

2026/07/11 11:46:10 [32m
[0m[33m[0.346ms] [34;1m[rows:-][0m SELECT * FROM "adicionals" LIMIT 5

2026/07/11 11:46:10 [32m
[0m[33m[0.714ms] [34;1m[rows:-][0m SELECT constraint_name FROM information_schema.table_constraints tc JOIN information_schema.constraint_column_usage AS ccu USING (constraint_schema, constraint_catalog, table_name, constraint_name) JOIN information_schema.columns AS c ON c.table_schema = tc.constraint_schema AND tc.table_name = c.table_name AND ccu.column_name = c.column_name WHERE constraint_type IN ('PRIMARY KEY', 'UNIQUE') AND c.table_catalog = 'manager_restaurant' AND c.table_schema = CURRENT_SCHEMA() AND c.table_name = 'adicionals' AND constraint_type = 'UNIQUE'

2026/07/11 11:46:10 [32m
[0m[33m[0.682ms] [34;1m[rows:-][0m SELECT c.column_name, constraint_name, constraint_type FROM information_schema.table_constraints tc JOIN information_schema.constraint_column_usage AS ccu USING (constraint_schema, constraint_catalog, table_name, constraint_name) JOIN information_schema.columns AS c ON c.table_schema = tc.constraint_schema AND tc.table_name = c.table_name AND ccu.column_name = c.column_name WHERE constraint_type IN ('PRIMARY KEY', 'UNIQUE') AND c.table_catalog = 'manager_restaurant' AND c.table_schema = CURRENT_SCHEMA() AND c.table_name = 'adicionals'

2026/07/11 11:46:10 [32m
[0m[33m[0.233ms] [34;1m[rows:-][0m SELECT a.attname as column_name, format_type(a.atttypid, a.atttypmod) AS data_type
		FROM pg_attribute a JOIN pg_class b ON a.attrelid = b.oid AND relnamespace = (SELECT oid FROM pg_catalog.pg_namespace WHERE nspname = CURRENT_SCHEMA())
		WHERE a.attnum > 0 -- hide internal columns
		AND NOT a.attisdropped -- hide deleted columns
		AND b.relname = 'adicionals'

2026/07/11 11:46:10 [32m
[0m[33m[2.515ms] [34;1m[rows:0][0m ALTER TABLE "adicionals" ALTER COLUMN "preco" TYPE numeric(10,2) USING "preco"::numeric(10,2)

2026/07/11 11:46:10 [32m/home/humberto/Aplicativos/Manager-Restaurante-main/backend/pkg/database/postgres.go:78
[0m[33m[1.322ms] [34;1m[rows:0][0m ALTER TABLE "adicionals" ALTER COLUMN "preco" SET DEFAULT 0

2026/07/11 11:46:10 [32m/home/humberto/Aplicativos/Manager-Restaurante-main/backend/pkg/database/postgres.go:78
[0m[33m[0.499ms] [34;1m[rows:0][0m SELECT description FROM pg_catalog.pg_description WHERE objsubid = (SELECT ordinal_position FROM information_schema.columns WHERE table_schema = CURRENT_SCHEMA() AND table_name = 'adicionals' AND column_name = 'preco') AND objoid = (SELECT oid FROM pg_catalog.pg_class WHERE relname = 'adicionals' AND relnamespace = (SELECT oid FROM pg_catalog.pg_namespace WHERE nspname = CURRENT_SCHEMA()))

2026/07/11 11:46:10 [32m/home/humberto/Aplicativos/Manager-Restaurante-main/backend/pkg/database/postgres.go:78
[0m[33m[0.439ms] [34;1m[rows:0][0m SELECT description FROM pg_catalog.pg_description WHERE objsubid = (SELECT ordinal_position FROM information_schema.columns WHERE table_schema = CURRENT_SCHEMA() AND table_name = 'adicionals' AND column_name = 'created_at') AND objoid = (SELECT oid FROM pg_catalog.pg_class WHERE relname = 'adicionals' AND relnamespace = (SELECT oid FROM pg_catalog.pg_namespace WHERE nspname = CURRENT_SCHEMA()))

2026/07/11 11:46:10 [32m/home/humberto/Aplicativos/Manager-Restaurante-main/backend/pkg/database/postgres.go:78
[0m[33m[0.399ms] [34;1m[rows:0][0m SELECT description FROM pg_catalog.pg_description WHERE objsubid = (SELECT ordinal_position FROM information_schema.columns WHERE table_schema = CURRENT_SCHEMA() AND table_name = 'adicionals' AND column_name = 'updated_at') AND objoid = (SELECT oid FROM pg_catalog.pg_class WHERE relname = 'adicionals' AND relnamespace = (SELECT oid FROM pg_catalog.pg_namespace WHERE nspname = CURRENT_SCHEMA()))

2026/07/11 11:46:10 [32m/home/humberto/Aplicativos/Manager-Restaurante-main/backend/pkg/database/postgres.go:78
[0m[33m[0.226ms] [34;1m[rows:1][0m SELECT count(*) FROM pg_indexes WHERE tablename = 'adicionals' AND indexname = 'idx_adicionals_tenant_id' AND schemaname = CURRENT_SCHEMA()

2026/07/11 11:46:10 [32m/home/humberto/Aplicativos/Manager-Restaurante-main/backend/pkg/database/postgres.go:78
[0m[33m[0.212ms] [34;1m[rows:1][0m SELECT count(*) FROM information_schema.tables WHERE table_schema = CURRENT_SCHEMA() AND table_name = 'comandas' AND table_type = 'BASE TABLE'

2026/07/11 11:46:10 [32m/home/humberto/Aplicativos/Manager-Restaurante-main/backend/pkg/database/postgres.go:78
[0m[33m[0.104ms] [34;1m[rows:1][0m SELECT CURRENT_DATABASE()

2026/07/11 11:46:10 [32m/home/humberto/Aplicativos/Manager-Restaurante-main/backend/pkg/database/postgres.go:78
[0m[33m[1.474ms] [34;1m[rows:-][0m SELECT c.column_name, c.is_nullable = 'YES', c.udt_name, c.character_maximum_length, c.numeric_precision, c.numeric_precision_radix, c.numeric_scale, c.datetime_precision, 8 * typlen, c.column_default, pd.description, c.identity_increment FROM information_schema.columns AS c JOIN pg_type AS pgt ON c.udt_name = pgt.typname LEFT JOIN pg_catalog.pg_description as pd ON pd.objsubid = c.ordinal_position AND pd.objoid = (SELECT oid FROM pg_catalog.pg_class WHERE relname = c.table_name AND relnamespace = (SELECT oid FROM pg_catalog.pg_namespace WHERE nspname = c.table_schema)) where table_catalog = 'manager_restaurant' AND table_schema = CURRENT_SCHEMA() AND table_name = 'comandas'

2026/07/11 11:46:10 [32m/home/humberto/Aplicativos/Manager-Restaurante-main/backend/pkg/database/postgres.go:78
[0m[33m[0.767ms] [34;1m[rows:-][0m SELECT * FROM "comandas" LIMIT 5

2026/07/11 11:46:10 [32m/home/humberto/Aplicativos/Manager-Restaurante-main/backend/pkg/database/postgres.go:78
[0m[33m[0.871ms] [34;1m[rows:-][0m SELECT constraint_name FROM information_schema.table_constraints tc JOIN information_schema.constraint_column_usage AS ccu USING (constraint_schema, constraint_catalog, table_name, constraint_name) JOIN information_schema.columns AS c ON c.table_schema = tc.constraint_schema AND tc.table_name = c.table_name AND ccu.column_name = c.column_name WHERE constraint_type IN ('PRIMARY KEY', 'UNIQUE') AND c.table_catalog = 'manager_restaurant' AND c.table_schema = CURRENT_SCHEMA() AND c.table_name = 'comandas' AND constraint_type = 'UNIQUE'

2026/07/11 11:46:10 [32m/home/humberto/Aplicativos/Manager-Restaurante-main/backend/pkg/database/postgres.go:78
[0m[33m[0.934ms] [34;1m[rows:-][0m SELECT c.column_name, constraint_name, constraint_type FROM information_schema.table_constraints tc JOIN information_schema.constraint_column_usage AS ccu USING (constraint_schema, constraint_catalog, table_name, constraint_name) JOIN information_schema.columns AS c ON c.table_schema = tc.constraint_schema AND tc.table_name = c.table_name AND ccu.column_name = c.column_name WHERE constraint_type IN ('PRIMARY KEY', 'UNIQUE') AND c.table_catalog = 'manager_restaurant' AND c.table_schema = CURRENT_SCHEMA() AND c.table_name = 'comandas'

2026/07/11 11:46:10 [32m/home/humberto/Aplicativos/Manager-Restaurante-main/backend/pkg/database/postgres.go:78
[0m[33m[0.176ms] [34;1m[rows:-][0m SELECT a.attname as column_name, format_type(a.atttypid, a.atttypmod) AS data_type
		FROM pg_attribute a JOIN pg_class b ON a.attrelid = b.oid AND relnamespace = (SELECT oid FROM pg_catalog.pg_namespace WHERE nspname = CURRENT_SCHEMA())
		WHERE a.attnum > 0 -- hide internal columns
		AND NOT a.attisdropped -- hide deleted columns
		AND b.relname = 'comandas'

2026/07/11 11:46:10 [32m/home/humberto/Aplicativos/Manager-Restaurante-main/backend/pkg/database/postgres.go:78
[0m[33m[0.406ms] [34;1m[rows:0][0m SELECT description FROM pg_catalog.pg_description WHERE objsubid = (SELECT ordinal_position FROM information_schema.columns WHERE table_schema = CURRENT_SCHEMA() AND table_name = 'comandas' AND column_name = 'id') AND objoid = (SELECT oid FROM pg_catalog.pg_class WHERE relname = 'comandas' AND relnamespace = (SELECT oid FROM pg_catalog.pg_namespace WHERE nspname = CURRENT_SCHEMA()))

2026/07/11 11:46:10 [32m/home/humberto/Aplicativos/Manager-Restaurante-main/backend/pkg/database/postgres.go:78
[0m[33m[0.388ms] [34;1m[rows:0][0m SELECT description FROM pg_catalog.pg_description WHERE objsubid = (SELECT ordinal_position FROM information_schema.columns WHERE table_schema = CURRENT_SCHEMA() AND table_name = 'comandas' AND column_name = 'tenant_id') AND objoid = (SELECT oid FROM pg_catalog.pg_class WHERE relname = 'comandas' AND relnamespace = (SELECT oid FROM pg_catalog.pg_namespace WHERE nspname = CURRENT_SCHEMA()))

2026/07/11 11:46:10 [32m/home/humberto/Aplicativos/Manager-Restaurante-main/backend/pkg/database/postgres.go:78
[0m[33m[0.387ms] [34;1m[rows:0][0m SELECT description FROM pg_catalog.pg_description WHERE objsubid = (SELECT ordinal_position FROM information_schema.columns WHERE table_schema = CURRENT_SCHEMA() AND table_name = 'comandas' AND column_name = 'mesa_id') AND objoid = (SELECT oid FROM pg_catalog.pg_class WHERE relname = 'comandas' AND relnamespace = (SELECT oid FROM pg_catalog.pg_namespace WHERE nspname = CURRENT_SCHEMA()))

2026/07/11 11:46:10 [32m/home/humberto/Aplicativos/Manager-Restaurante-main/backend/pkg/database/postgres.go:78
[0m[33m[0.380ms] [34;1m[rows:0][0m SELECT description FROM pg_catalog.pg_description WHERE objsubid = (SELECT ordinal_position FROM information_schema.columns WHERE table_schema = CURRENT_SCHEMA() AND table_name = 'comandas' AND column_name = 'numero') AND objoid = (SELECT oid FROM pg_catalog.pg_class WHERE relname = 'comandas' AND relnamespace = (SELECT oid FROM pg_catalog.pg_namespace WHERE nspname = CURRENT_SCHEMA()))

2026/07/11 11:46:10 [32m/home/humberto/Aplicativos/Manager-Restaurante-main/backend/pkg/database/postgres.go:78
[0m[33m[0.395ms] [34;1m[rows:0][0m SELECT description FROM pg_catalog.pg_description WHERE objsubid = (SELECT ordinal_position FROM information_schema.columns WHERE table_schema = CURRENT_SCHEMA() AND table_name = 'comandas' AND column_name = 'status') AND objoid = (SELECT oid FROM pg_catalog.pg_class WHERE relname = 'comandas' AND relnamespace = (SELECT oid FROM pg_catalog.pg_namespace WHERE nspname = CURRENT_SCHEMA()))

2026/07/11 11:46:10 [32m
[0m[33m[0.099ms] [34;1m[rows:1][0m SELECT CURRENT_DATABASE()

2026/07/11 11:46:10 [32m
[0m[33m[1.321ms] [34;1m[rows:-][0m SELECT c.column_name, c.is_nullable = 'YES', c.udt_name, c.character_maximum_length, c.numeric_precision, c.numeric_precision_radix, c.numeric_scale, c.datetime_precision, 8 * typlen, c.column_default, pd.description, c.identity_increment FROM information_schema.columns AS c JOIN pg_type AS pgt ON c.udt_name = pgt.typname LEFT JOIN pg_catalog.pg_description as pd ON pd.objsubid = c.ordinal_position AND pd.objoid = (SELECT oid FROM pg_catalog.pg_class WHERE relname = c.table_name AND relnamespace = (SELECT oid FROM pg_catalog.pg_namespace WHERE nspname = c.table_schema)) where table_catalog = 'manager_restaurant' AND table_schema = CURRENT_SCHEMA() AND table_name = 'comandas'

2026/07/11 11:46:10 [32m
[0m[33m[0.163ms] [34;1m[rows:-][0m SELECT * FROM "comandas" LIMIT 5

2026/07/11 11:46:10 [32m
[0m[33m[0.864ms] [34;1m[rows:-][0m SELECT constraint_name FROM information_schema.table_constraints tc JOIN information_schema.constraint_column_usage AS ccu USING (constraint_schema, constraint_catalog, table_name, constraint_name) JOIN information_schema.columns AS c ON c.table_schema = tc.constraint_schema AND tc.table_name = c.table_name AND ccu.column_name = c.column_name WHERE constraint_type IN ('PRIMARY KEY', 'UNIQUE') AND c.table_catalog = 'manager_restaurant' AND c.table_schema = CURRENT_SCHEMA() AND c.table_name = 'comandas' AND constraint_type = 'UNIQUE'

2026/07/11 11:46:10 [32m
[0m[33m[0.864ms] [34;1m[rows:-][0m SELECT c.column_name, constraint_name, constraint_type FROM information_schema.table_constraints tc JOIN information_schema.constraint_column_usage AS ccu USING (constraint_schema, constraint_catalog, table_name, constraint_name) JOIN information_schema.columns AS c ON c.table_schema = tc.constraint_schema AND tc.table_name = c.table_name AND ccu.column_name = c.column_name WHERE constraint_type IN ('PRIMARY KEY', 'UNIQUE') AND c.table_catalog = 'manager_restaurant' AND c.table_schema = CURRENT_SCHEMA() AND c.table_name = 'comandas'

2026/07/11 11:46:10 [32m
[0m[33m[0.162ms] [34;1m[rows:-][0m SELECT a.attname as column_name, format_type(a.atttypid, a.atttypmod) AS data_type
		FROM pg_attribute a JOIN pg_class b ON a.attrelid = b.oid AND relnamespace = (SELECT oid FROM pg_catalog.pg_namespace WHERE nspname = CURRENT_SCHEMA())
		WHERE a.attnum > 0 -- hide internal columns
		AND NOT a.attisdropped -- hide deleted columns
		AND b.relname = 'comandas'

2026/07/11 11:46:10 [32m
[0m[33m[1.256ms] [34;1m[rows:0][0m ALTER TABLE "comandas" ALTER COLUMN "total" TYPE numeric(10,2) USING "total"::numeric(10,2)

2026/07/11 11:46:10 [32m/home/humberto/Aplicativos/Manager-Restaurante-main/backend/pkg/database/postgres.go:78
[0m[33m[1.264ms] [34;1m[rows:0][0m ALTER TABLE "comandas" ALTER COLUMN "total" SET DEFAULT 0

2026/07/11 11:46:10 [32m/home/humberto/Aplicativos/Manager-Restaurante-main/backend/pkg/database/postgres.go:78
[0m[33m[0.565ms] [34;1m[rows:0][0m SELECT description FROM pg_catalog.pg_description WHERE objsubid = (SELECT ordinal_position FROM information_schema.columns WHERE table_schema = CURRENT_SCHEMA() AND table_name = 'comandas' AND column_name = 'total') AND objoid = (SELECT oid FROM pg_catalog.pg_class WHERE relname = 'comandas' AND relnamespace = (SELECT oid FROM pg_catalog.pg_namespace WHERE nspname = CURRENT_SCHEMA()))

2026/07/11 11:46:10 [32m/home/humberto/Aplicativos/Manager-Restaurante-main/backend/pkg/database/postgres.go:78
[0m[33m[0.409ms] [34;1m[rows:0][0m SELECT description FROM pg_catalog.pg_description WHERE objsubid = (SELECT ordinal_position FROM information_schema.columns WHERE table_schema = CURRENT_SCHEMA() AND table_name = 'comandas' AND column_name = 'created_at') AND objoid = (SELECT oid FROM pg_catalog.pg_class WHERE relname = 'comandas' AND relnamespace = (SELECT oid FROM pg_catalog.pg_namespace WHERE nspname = CURRENT_SCHEMA()))

2026/07/11 11:46:10 [32m/home/humberto/Aplicativos/Manager-Restaurante-main/backend/pkg/database/postgres.go:78
[0m[33m[0.409ms] [34;1m[rows:0][0m SELECT description FROM pg_catalog.pg_description WHERE objsubid = (SELECT ordinal_position FROM information_schema.columns WHERE table_schema = CURRENT_SCHEMA() AND table_name = 'comandas' AND column_name = 'updated_at') AND objoid = (SELECT oid FROM pg_catalog.pg_class WHERE relname = 'comandas' AND relnamespace = (SELECT oid FROM pg_catalog.pg_namespace WHERE nspname = CURRENT_SCHEMA()))

2026/07/11 11:46:10 [32m/home/humberto/Aplicativos/Manager-Restaurante-main/backend/pkg/database/postgres.go:78
[0m[33m[0.222ms] [34;1m[rows:1][0m SELECT count(*) FROM pg_indexes WHERE tablename = 'comandas' AND indexname = 'idx_comandas_tenant_id' AND schemaname = CURRENT_SCHEMA()

2026/07/11 11:46:10 [32m/home/humberto/Aplicativos/Manager-Restaurante-main/backend/pkg/database/postgres.go:78
[0m[33m[0.214ms] [34;1m[rows:1][0m SELECT count(*) FROM information_schema.tables WHERE table_schema = CURRENT_SCHEMA() AND table_name = 'pedidos' AND table_type = 'BASE TABLE'

2026/07/11 11:46:10 [32m/home/humberto/Aplicativos/Manager-Restaurante-main/backend/pkg/database/postgres.go:78
[0m[33m[0.092ms] [34;1m[rows:1][0m SELECT CURRENT_DATABASE()

2026/07/11 11:46:10 [32m/home/humberto/Aplicativos/Manager-Restaurante-main/backend/pkg/database/postgres.go:78
[0m[33m[2.023ms] [34;1m[rows:-][0m SELECT c.column_name, c.is_nullable = 'YES', c.udt_name, c.character_maximum_length, c.numeric_precision, c.numeric_precision_radix, c.numeric_scale, c.datetime_precision, 8 * typlen, c.column_default, pd.description, c.identity_increment FROM information_schema.columns AS c JOIN pg_type AS pgt ON c.udt_name = pgt.typname LEFT JOIN pg_catalog.pg_description as pd ON pd.objsubid = c.ordinal_position AND pd.objoid = (SELECT oid FROM pg_catalog.pg_class WHERE relname = c.table_name AND relnamespace = (SELECT oid FROM pg_catalog.pg_namespace WHERE nspname = c.table_schema)) where table_catalog = 'manager_restaurant' AND table_schema = CURRENT_SCHEMA() AND table_name = 'pedidos'

2026/07/11 11:46:10 [32m/home/humberto/Aplicativos/Manager-Restaurante-main/backend/pkg/database/postgres.go:78
[0m[33m[1.099ms] [34;1m[rows:-][0m SELECT * FROM "pedidos" LIMIT 5

2026/07/11 11:46:10 [32m/home/humberto/Aplicativos/Manager-Restaurante-main/backend/pkg/database/postgres.go:78
[0m[33m[1.312ms] [34;1m[rows:-][0m SELECT constraint_name FROM information_schema.table_constraints tc JOIN information_schema.constraint_column_usage AS ccu USING (constraint_schema, constraint_catalog, table_name, constraint_name) JOIN information_schema.columns AS c ON c.table_schema = tc.constraint_schema AND tc.table_name = c.table_name AND ccu.column_name = c.column_name WHERE constraint_type IN ('PRIMARY KEY', 'UNIQUE') AND c.table_catalog = 'manager_restaurant' AND c.table_schema = CURRENT_SCHEMA() AND c.table_name = 'pedidos' AND constraint_type = 'UNIQUE'

2026/07/11 11:46:10 [32m/home/humberto/Aplicativos/Manager-Restaurante-main/backend/pkg/database/postgres.go:78
[0m[33m[1.272ms] [34;1m[rows:-][0m SELECT c.column_name, constraint_name, constraint_type FROM information_schema.table_constraints tc JOIN information_schema.constraint_column_usage AS ccu USING (constraint_schema, constraint_catalog, table_name, constraint_name) JOIN information_schema.columns AS c ON c.table_schema = tc.constraint_schema AND tc.table_name = c.table_name AND ccu.column_name = c.column_name WHERE constraint_type IN ('PRIMARY KEY', 'UNIQUE') AND c.table_catalog = 'manager_restaurant' AND c.table_schema = CURRENT_SCHEMA() AND c.table_name = 'pedidos'

2026/07/11 11:46:10 [32m/home/humberto/Aplicativos/Manager-Restaurante-main/backend/pkg/database/postgres.go:78
[0m[33m[0.177ms] [34;1m[rows:-][0m SELECT a.attname as column_name, format_type(a.atttypid, a.atttypmod) AS data_type
		FROM pg_attribute a JOIN pg_class b ON a.attrelid = b.oid AND relnamespace = (SELECT oid FROM pg_catalog.pg_namespace WHERE nspname = CURRENT_SCHEMA())
		WHERE a.attnum > 0 -- hide internal columns
		AND NOT a.attisdropped -- hide deleted columns
		AND b.relname = 'pedidos'

2026/07/11 11:46:10 [32m/home/humberto/Aplicativos/Manager-Restaurante-main/backend/pkg/database/postgres.go:78
[0m[33m[0.742ms] [34;1m[rows:0][0m SELECT description FROM pg_catalog.pg_description WHERE objsubid = (SELECT ordinal_position FROM information_schema.columns WHERE table_schema = CURRENT_SCHEMA() AND table_name = 'pedidos' AND column_name = 'id') AND objoid = (SELECT oid FROM pg_catalog.pg_class WHERE relname = 'pedidos' AND relnamespace = (SELECT oid FROM pg_catalog.pg_namespace WHERE nspname = CURRENT_SCHEMA()))

2026/07/11 11:46:10 [32m/home/humberto/Aplicativos/Manager-Restaurante-main/backend/pkg/database/postgres.go:78
[0m[33m[0.642ms] [34;1m[rows:0][0m SELECT description FROM pg_catalog.pg_description WHERE objsubid = (SELECT ordinal_position FROM information_schema.columns WHERE table_schema = CURRENT_SCHEMA() AND table_name = 'pedidos' AND column_name = 'tenant_id') AND objoid = (SELECT oid FROM pg_catalog.pg_class WHERE relname = 'pedidos' AND relnamespace = (SELECT oid FROM pg_catalog.pg_namespace WHERE nspname = CURRENT_SCHEMA()))

2026/07/11 11:46:10 [32m/home/humberto/Aplicativos/Manager-Restaurante-main/backend/pkg/database/postgres.go:78
[0m[33m[0.478ms] [34;1m[rows:0][0m SELECT description FROM pg_catalog.pg_description WHERE objsubid = (SELECT ordinal_position FROM information_schema.columns WHERE table_schema = CURRENT_SCHEMA() AND table_name = 'pedidos' AND column_name = 'comanda_id') AND objoid = (SELECT oid FROM pg_catalog.pg_class WHERE relname = 'pedidos' AND relnamespace = (SELECT oid FROM pg_catalog.pg_namespace WHERE nspname = CURRENT_SCHEMA()))

2026/07/11 11:46:10 [32m/home/humberto/Aplicativos/Manager-Restaurante-main/backend/pkg/database/postgres.go:78
[0m[33m[0.631ms] [34;1m[rows:0][0m SELECT description FROM pg_catalog.pg_description WHERE objsubid = (SELECT ordinal_position FROM information_schema.columns WHERE table_schema = CURRENT_SCHEMA() AND table_name = 'pedidos' AND column_name = 'mesa_id') AND objoid = (SELECT oid FROM pg_catalog.pg_class WHERE relname = 'pedidos' AND relnamespace = (SELECT oid FROM pg_catalog.pg_namespace WHERE nspname = CURRENT_SCHEMA()))

2026/07/11 11:46:10 [32m/home/humberto/Aplicativos/Manager-Restaurante-main/backend/pkg/database/postgres.go:78
[0m[33m[0.513ms] [34;1m[rows:0][0m SELECT description FROM pg_catalog.pg_description WHERE objsubid = (SELECT ordinal_position FROM information_schema.columns WHERE table_schema = CURRENT_SCHEMA() AND table_name = 'pedidos' AND column_name = 'status') AND objoid = (SELECT oid FROM pg_catalog.pg_class WHERE relname = 'pedidos' AND relnamespace = (SELECT oid FROM pg_catalog.pg_namespace WHERE nspname = CURRENT_SCHEMA()))

2026/07/11 11:46:10 [32m/home/humberto/Aplicativos/Manager-Restaurante-main/backend/pkg/database/postgres.go:78
[0m[33m[0.570ms] [34;1m[rows:0][0m SELECT description FROM pg_catalog.pg_description WHERE objsubid = (SELECT ordinal_position FROM information_schema.columns WHERE table_schema = CURRENT_SCHEMA() AND table_name = 'pedidos' AND column_name = 'origem') AND objoid = (SELECT oid FROM pg_catalog.pg_class WHERE relname = 'pedidos' AND relnamespace = (SELECT oid FROM pg_catalog.pg_namespace WHERE nspname = CURRENT_SCHEMA()))

2026/07/11 11:46:10 [32m
[0m[33m[0.191ms] [34;1m[rows:1][0m SELECT CURRENT_DATABASE()

2026/07/11 11:46:10 [32m
[0m[33m[1.793ms] [34;1m[rows:-][0m SELECT c.column_name, c.is_nullable = 'YES', c.udt_name, c.character_maximum_length, c.numeric_precision, c.numeric_precision_radix, c.numeric_scale, c.datetime_precision, 8 * typlen, c.column_default, pd.description, c.identity_increment FROM information_schema.columns AS c JOIN pg_type AS pgt ON c.udt_name = pgt.typname LEFT JOIN pg_catalog.pg_description as pd ON pd.objsubid = c.ordinal_position AND pd.objoid = (SELECT oid FROM pg_catalog.pg_class WHERE relname = c.table_name AND relnamespace = (SELECT oid FROM pg_catalog.pg_namespace WHERE nspname = c.table_schema)) where table_catalog = 'manager_restaurant' AND table_schema = CURRENT_SCHEMA() AND table_name = 'pedidos'

2026/07/11 11:46:10 [32m
[0m[33m[0.245ms] [34;1m[rows:-][0m SELECT * FROM "pedidos" LIMIT 5

2026/07/11 11:46:10 [32m
[0m[33m[1.356ms] [34;1m[rows:-][0m SELECT constraint_name FROM information_schema.table_constraints tc JOIN information_schema.constraint_column_usage AS ccu USING (constraint_schema, constraint_catalog, table_name, constraint_name) JOIN information_schema.columns AS c ON c.table_schema = tc.constraint_schema AND tc.table_name = c.table_name AND ccu.column_name = c.column_name WHERE constraint_type IN ('PRIMARY KEY', 'UNIQUE') AND c.table_catalog = 'manager_restaurant' AND c.table_schema = CURRENT_SCHEMA() AND c.table_name = 'pedidos' AND constraint_type = 'UNIQUE'

2026/07/11 11:46:10 [32m
[0m[33m[1.497ms] [34;1m[rows:-][0m SELECT c.column_name, constraint_name, constraint_type FROM information_schema.table_constraints tc JOIN information_schema.constraint_column_usage AS ccu USING (constraint_schema, constraint_catalog, table_name, constraint_name) JOIN information_schema.columns AS c ON c.table_schema = tc.constraint_schema AND tc.table_name = c.table_name AND ccu.column_name = c.column_name WHERE constraint_type IN ('PRIMARY KEY', 'UNIQUE') AND c.table_catalog = 'manager_restaurant' AND c.table_schema = CURRENT_SCHEMA() AND c.table_name = 'pedidos'

2026/07/11 11:46:10 [32m
[0m[33m[0.220ms] [34;1m[rows:-][0m SELECT a.attname as column_name, format_type(a.atttypid, a.atttypmod) AS data_type
		FROM pg_attribute a JOIN pg_class b ON a.attrelid = b.oid AND relnamespace = (SELECT oid FROM pg_catalog.pg_namespace WHERE nspname = CURRENT_SCHEMA())
		WHERE a.attnum > 0 -- hide internal columns
		AND NOT a.attisdropped -- hide deleted columns
		AND b.relname = 'pedidos'

2026/07/11 11:46:10 [32m
[0m[33m[1.473ms] [34;1m[rows:0][0m ALTER TABLE "pedidos" ALTER COLUMN "total" TYPE numeric(10,2) USING "total"::numeric(10,2)

2026/07/11 11:46:10 [32m/home/humberto/Aplicativos/Manager-Restaurante-main/backend/pkg/database/postgres.go:78
[0m[33m[1.196ms] [34;1m[rows:0][0m ALTER TABLE "pedidos" ALTER COLUMN "total" SET DEFAULT 0

2026/07/11 11:46:10 [32m/home/humberto/Aplicativos/Manager-Restaurante-main/backend/pkg/database/postgres.go:78
[0m[33m[0.446ms] [34;1m[rows:0][0m SELECT description FROM pg_catalog.pg_description WHERE objsubid = (SELECT ordinal_position FROM information_schema.columns WHERE table_schema = CURRENT_SCHEMA() AND table_name = 'pedidos' AND column_name = 'total') AND objoid = (SELECT oid FROM pg_catalog.pg_class WHERE relname = 'pedidos' AND relnamespace = (SELECT oid FROM pg_catalog.pg_namespace WHERE nspname = CURRENT_SCHEMA()))

2026/07/11 11:46:10 [32m/home/humberto/Aplicativos/Manager-Restaurante-main/backend/pkg/database/postgres.go:78
[0m[33m[0.392ms] [34;1m[rows:0][0m SELECT description FROM pg_catalog.pg_description WHERE objsubid = (SELECT ordinal_position FROM information_schema.columns WHERE table_schema = CURRENT_SCHEMA() AND table_name = 'pedidos' AND column_name = 'cliente_id') AND objoid = (SELECT oid FROM pg_catalog.pg_class WHERE relname = 'pedidos' AND relnamespace = (SELECT oid FROM pg_catalog.pg_namespace WHERE nspname = CURRENT_SCHEMA()))

2026/07/11 11:46:10 [32m/home/humberto/Aplicativos/Manager-Restaurante-main/backend/pkg/database/postgres.go:78
[0m[33m[0.382ms] [34;1m[rows:0][0m SELECT description FROM pg_catalog.pg_description WHERE objsubid = (SELECT ordinal_position FROM information_schema.columns WHERE table_schema = CURRENT_SCHEMA() AND table_name = 'pedidos' AND column_name = 'entregador_id') AND objoid = (SELECT oid FROM pg_catalog.pg_class WHERE relname = 'pedidos' AND relnamespace = (SELECT oid FROM pg_catalog.pg_namespace WHERE nspname = CURRENT_SCHEMA()))

2026/07/11 11:46:10 [32m/home/humberto/Aplicativos/Manager-Restaurante-main/backend/pkg/database/postgres.go:78
[0m[33m[0.376ms] [34;1m[rows:0][0m SELECT description FROM pg_catalog.pg_description WHERE objsubid = (SELECT ordinal_position FROM information_schema.columns WHERE table_schema = CURRENT_SCHEMA() AND table_name = 'pedidos' AND column_name = 'endereco_entrega') AND objoid = (SELECT oid FROM pg_catalog.pg_class WHERE relname = 'pedidos' AND relnamespace = (SELECT oid FROM pg_catalog.pg_namespace WHERE nspname = CURRENT_SCHEMA()))

2026/07/11 11:46:10 [32m/home/humberto/Aplicativos/Manager-Restaurante-main/backend/pkg/database/postgres.go:78
[0m[33m[0.379ms] [34;1m[rows:0][0m SELECT description FROM pg_catalog.pg_description WHERE objsubid = (SELECT ordinal_position FROM information_schema.columns WHERE table_schema = CURRENT_SCHEMA() AND table_name = 'pedidos' AND column_name = 'cpf_cnpj_cliente') AND objoid = (SELECT oid FROM pg_catalog.pg_class WHERE relname = 'pedidos' AND relnamespace = (SELECT oid FROM pg_catalog.pg_namespace WHERE nspname = CURRENT_SCHEMA()))

2026/07/11 11:46:10 [32m/home/humberto/Aplicativos/Manager-Restaurante-main/backend/pkg/database/postgres.go:78
[0m[33m[0.367ms] [34;1m[rows:0][0m SELECT description FROM pg_catalog.pg_description WHERE objsubid = (SELECT ordinal_position FROM information_schema.columns WHERE table_schema = CURRENT_SCHEMA() AND table_name = 'pedidos' AND column_name = 'chave_acesso_nfe') AND objoid = (SELECT oid FROM pg_catalog.pg_class WHERE relname = 'pedidos' AND relnamespace = (SELECT oid FROM pg_catalog.pg_namespace WHERE nspname = CURRENT_SCHEMA()))

2026/07/11 11:46:10 [32m/home/humberto/Aplicativos/Manager-Restaurante-main/backend/pkg/database/postgres.go:78
[0m[33m[0.383ms] [34;1m[rows:0][0m SELECT description FROM pg_catalog.pg_description WHERE objsubid = (SELECT ordinal_position FROM information_schema.columns WHERE table_schema = CURRENT_SCHEMA() AND table_name = 'pedidos' AND column_name = 'url_cupom_fiscal') AND objoid = (SELECT oid FROM pg_catalog.pg_class WHERE relname = 'pedidos' AND relnamespace = (SELECT oid FROM pg_catalog.pg_namespace WHERE nspname = CURRENT_SCHEMA()))

2026/07/11 11:46:10 [32m/home/humberto/Aplicativos/Manager-Restaurante-main/backend/pkg/database/postgres.go:78
[0m[33m[0.366ms] [34;1m[rows:0][0m SELECT description FROM pg_catalog.pg_description WHERE objsubid = (SELECT ordinal_position FROM information_schema.columns WHERE table_schema = CURRENT_SCHEMA() AND table_name = 'pedidos' AND column_name = 'created_at') AND objoid = (SELECT oid FROM pg_catalog.pg_class WHERE relname = 'pedidos' AND relnamespace = (SELECT oid FROM pg_catalog.pg_namespace WHERE nspname = CURRENT_SCHEMA()))

2026/07/11 11:46:10 [32m/home/humberto/Aplicativos/Manager-Restaurante-main/backend/pkg/database/postgres.go:78
[0m[33m[0.363ms] [34;1m[rows:0][0m SELECT description FROM pg_catalog.pg_description WHERE objsubid = (SELECT ordinal_position FROM information_schema.columns WHERE table_schema = CURRENT_SCHEMA() AND table_name = 'pedidos' AND column_name = 'updated_at') AND objoid = (SELECT oid FROM pg_catalog.pg_class WHERE relname = 'pedidos' AND relnamespace = (SELECT oid FROM pg_catalog.pg_namespace WHERE nspname = CURRENT_SCHEMA()))

2026/07/11 11:46:10 [32m/home/humberto/Aplicativos/Manager-Restaurante-main/backend/pkg/database/postgres.go:78
[0m[33m[0.230ms] [34;1m[rows:1][0m SELECT count(*) FROM pg_indexes WHERE tablename = 'pedidos' AND indexname = 'idx_pedidos_tenant_id' AND schemaname = CURRENT_SCHEMA()

2026/07/11 11:46:10 [32m/home/humberto/Aplicativos/Manager-Restaurante-main/backend/pkg/database/postgres.go:78
[0m[33m[0.195ms] [34;1m[rows:1][0m SELECT count(*) FROM information_schema.tables WHERE table_schema = CURRENT_SCHEMA() AND table_name = 'item_pedidos' AND table_type = 'BASE TABLE'

2026/07/11 11:46:10 [32m/home/humberto/Aplicativos/Manager-Restaurante-main/backend/pkg/database/postgres.go:78
[0m[33m[0.089ms] [34;1m[rows:1][0m SELECT CURRENT_DATABASE()

2026/07/11 11:46:10 [32m/home/humberto/Aplicativos/Manager-Restaurante-main/backend/pkg/database/postgres.go:78
[0m[33m[1.918ms] [34;1m[rows:-][0m SELECT c.column_name, c.is_nullable = 'YES', c.udt_name, c.character_maximum_length, c.numeric_precision, c.numeric_precision_radix, c.numeric_scale, c.datetime_precision, 8 * typlen, c.column_default, pd.description, c.identity_increment FROM information_schema.columns AS c JOIN pg_type AS pgt ON c.udt_name = pgt.typname LEFT JOIN pg_catalog.pg_description as pd ON pd.objsubid = c.ordinal_position AND pd.objoid = (SELECT oid FROM pg_catalog.pg_class WHERE relname = c.table_name AND relnamespace = (SELECT oid FROM pg_catalog.pg_namespace WHERE nspname = c.table_schema)) where table_catalog = 'manager_restaurant' AND table_schema = CURRENT_SCHEMA() AND table_name = 'item_pedidos'

2026/07/11 11:46:10 [32m/home/humberto/Aplicativos/Manager-Restaurante-main/backend/pkg/database/postgres.go:78
[0m[33m[1.339ms] [34;1m[rows:-][0m SELECT * FROM "item_pedidos" LIMIT 5

2026/07/11 11:46:10 [32m/home/humberto/Aplicativos/Manager-Restaurante-main/backend/pkg/database/postgres.go:78
[0m[33m[1.095ms] [34;1m[rows:-][0m SELECT constraint_name FROM information_schema.table_constraints tc JOIN information_schema.constraint_column_usage AS ccu USING (constraint_schema, constraint_catalog, table_name, constraint_name) JOIN information_schema.columns AS c ON c.table_schema = tc.constraint_schema AND tc.table_name = c.table_name AND ccu.column_name = c.column_name WHERE constraint_type IN ('PRIMARY KEY', 'UNIQUE') AND c.table_catalog = 'manager_restaurant' AND c.table_schema = CURRENT_SCHEMA() AND c.table_name = 'item_pedidos' AND constraint_type = 'UNIQUE'

2026/07/11 11:46:10 [32m/home/humberto/Aplicativos/Manager-Restaurante-main/backend/pkg/database/postgres.go:78
[0m[33m[1.058ms] [34;1m[rows:-][0m SELECT c.column_name, constraint_name, constraint_type FROM information_schema.table_constraints tc JOIN information_schema.constraint_column_usage AS ccu USING (constraint_schema, constraint_catalog, table_name, constraint_name) JOIN information_schema.columns AS c ON c.table_schema = tc.constraint_schema AND tc.table_name = c.table_name AND ccu.column_name = c.column_name WHERE constraint_type IN ('PRIMARY KEY', 'UNIQUE') AND c.table_catalog = 'manager_restaurant' AND c.table_schema = CURRENT_SCHEMA() AND c.table_name = 'item_pedidos'

2026/07/11 11:46:10 [32m/home/humberto/Aplicativos/Manager-Restaurante-main/backend/pkg/database/postgres.go:78
[0m[33m[0.177ms] [34;1m[rows:-][0m SELECT a.attname as column_name, format_type(a.atttypid, a.atttypmod) AS data_type
		FROM pg_attribute a JOIN pg_class b ON a.attrelid = b.oid AND relnamespace = (SELECT oid FROM pg_catalog.pg_namespace WHERE nspname = CURRENT_SCHEMA())
		WHERE a.attnum > 0 -- hide internal columns
		AND NOT a.attisdropped -- hide deleted columns
		AND b.relname = 'item_pedidos'

2026/07/11 11:46:10 [32m/home/humberto/Aplicativos/Manager-Restaurante-main/backend/pkg/database/postgres.go:78
[0m[33m[0.399ms] [34;1m[rows:0][0m SELECT description FROM pg_catalog.pg_description WHERE objsubid = (SELECT ordinal_position FROM information_schema.columns WHERE table_schema = CURRENT_SCHEMA() AND table_name = 'item_pedidos' AND column_name = 'id') AND objoid = (SELECT oid FROM pg_catalog.pg_class WHERE relname = 'item_pedidos' AND relnamespace = (SELECT oid FROM pg_catalog.pg_namespace WHERE nspname = CURRENT_SCHEMA()))

2026/07/11 11:46:10 [32m/home/humberto/Aplicativos/Manager-Restaurante-main/backend/pkg/database/postgres.go:78
[0m[33m[0.409ms] [34;1m[rows:0][0m SELECT description FROM pg_catalog.pg_description WHERE objsubid = (SELECT ordinal_position FROM information_schema.columns WHERE table_schema = CURRENT_SCHEMA() AND table_name = 'item_pedidos' AND column_name = 'tenant_id') AND objoid = (SELECT oid FROM pg_catalog.pg_class WHERE relname = 'item_pedidos' AND relnamespace = (SELECT oid FROM pg_catalog.pg_namespace WHERE nspname = CURRENT_SCHEMA()))

2026/07/11 11:46:10 [32m/home/humberto/Aplicativos/Manager-Restaurante-main/backend/pkg/database/postgres.go:78
[0m[33m[0.389ms] [34;1m[rows:0][0m SELECT description FROM pg_catalog.pg_description WHERE objsubid = (SELECT ordinal_position FROM information_schema.columns WHERE table_schema = CURRENT_SCHEMA() AND table_name = 'item_pedidos' AND column_name = 'pedido_id') AND objoid = (SELECT oid FROM pg_catalog.pg_class WHERE relname = 'item_pedidos' AND relnamespace = (SELECT oid FROM pg_catalog.pg_namespace WHERE nspname = CURRENT_SCHEMA()))

2026/07/11 11:46:10 [32m/home/humberto/Aplicativos/Manager-Restaurante-main/backend/pkg/database/postgres.go:78
[0m[33m[0.451ms] [34;1m[rows:0][0m SELECT description FROM pg_catalog.pg_description WHERE objsubid = (SELECT ordinal_position FROM information_schema.columns WHERE table_schema = CURRENT_SCHEMA() AND table_name = 'item_pedidos' AND column_name = 'produto_id') AND objoid = (SELECT oid FROM pg_catalog.pg_class WHERE relname = 'item_pedidos' AND relnamespace = (SELECT oid FROM pg_catalog.pg_namespace WHERE nspname = CURRENT_SCHEMA()))

2026/07/11 11:46:10 [32m/home/humberto/Aplicativos/Manager-Restaurante-main/backend/pkg/database/postgres.go:78
[0m[33m[0.469ms] [34;1m[rows:0][0m SELECT description FROM pg_catalog.pg_description WHERE objsubid = (SELECT ordinal_position FROM information_schema.columns WHERE table_schema = CURRENT_SCHEMA() AND table_name = 'item_pedidos' AND column_name = 'produto_nome') AND objoid = (SELECT oid FROM pg_catalog.pg_class WHERE relname = 'item_pedidos' AND relnamespace = (SELECT oid FROM pg_catalog.pg_namespace WHERE nspname = CURRENT_SCHEMA()))

2026/07/11 11:46:10 [32m/home/humberto/Aplicativos/Manager-Restaurante-main/backend/pkg/database/postgres.go:78
[0m[33m[0.399ms] [34;1m[rows:0][0m SELECT description FROM pg_catalog.pg_description WHERE objsubid = (SELECT ordinal_position FROM information_schema.columns WHERE table_schema = CURRENT_SCHEMA() AND table_name = 'item_pedidos' AND column_name = 'quantidade') AND objoid = (SELECT oid FROM pg_catalog.pg_class WHERE relname = 'item_pedidos' AND relnamespace = (SELECT oid FROM pg_catalog.pg_namespace WHERE nspname = CURRENT_SCHEMA()))

2026/07/11 11:46:10 [32m/home/humberto/Aplicativos/Manager-Restaurante-main/backend/pkg/database/postgres.go:78
[0m[33m[0.386ms] [34;1m[rows:0][0m SELECT description FROM pg_catalog.pg_description WHERE objsubid = (SELECT ordinal_position FROM information_schema.columns WHERE table_schema = CURRENT_SCHEMA() AND table_name = 'item_pedidos' AND column_name = 'observacao') AND objoid = (SELECT oid FROM pg_catalog.pg_class WHERE relname = 'item_pedidos' AND relnamespace = (SELECT oid FROM pg_catalog.pg_namespace WHERE nspname = CURRENT_SCHEMA()))

2026/07/11 11:46:10 [32m/home/humberto/Aplicativos/Manager-Restaurante-main/backend/pkg/database/postgres.go:78
[0m[33m[0.369ms] [34;1m[rows:0][0m SELECT description FROM pg_catalog.pg_description WHERE objsubid = (SELECT ordinal_position FROM information_schema.columns WHERE table_schema = CURRENT_SCHEMA() AND table_name = 'item_pedidos' AND column_name = 'preco_unitario') AND objoid = (SELECT oid FROM pg_catalog.pg_class WHERE relname = 'item_pedidos' AND relnamespace = (SELECT oid FROM pg_catalog.pg_namespace WHERE nspname = CURRENT_SCHEMA()))

2026/07/11 11:46:10 [32m/home/humberto/Aplicativos/Manager-Restaurante-main/backend/pkg/database/postgres.go:78
[0m[33m[0.396ms] [34;1m[rows:0][0m SELECT description FROM pg_catalog.pg_description WHERE objsubid = (SELECT ordinal_position FROM information_schema.columns WHERE table_schema = CURRENT_SCHEMA() AND table_name = 'item_pedidos' AND column_name = 'status') AND objoid = (SELECT oid FROM pg_catalog.pg_class WHERE relname = 'item_pedidos' AND relnamespace = (SELECT oid FROM pg_catalog.pg_namespace WHERE nspname = CURRENT_SCHEMA()))

2026/07/11 11:46:10 [32m/home/humberto/Aplicativos/Manager-Restaurante-main/backend/pkg/database/postgres.go:78
[0m[33m[0.384ms] [34;1m[rows:0][0m SELECT description FROM pg_catalog.pg_description WHERE objsubid = (SELECT ordinal_position FROM information_schema.columns WHERE table_schema = CURRENT_SCHEMA() AND table_name = 'item_pedidos' AND column_name = 'impresso') AND objoid = (SELECT oid FROM pg_catalog.pg_class WHERE relname = 'item_pedidos' AND relnamespace = (SELECT oid FROM pg_catalog.pg_namespace WHERE nspname = CURRENT_SCHEMA()))

2026/07/11 11:46:10 [32m/home/humberto/Aplicativos/Manager-Restaurante-main/backend/pkg/database/postgres.go:78
[0m[33m[0.386ms] [34;1m[rows:0][0m SELECT description FROM pg_catalog.pg_description WHERE objsubid = (SELECT ordinal_position FROM information_schema.columns WHERE table_schema = CURRENT_SCHEMA() AND table_name = 'item_pedidos' AND column_name = 'setor_id') AND objoid = (SELECT oid FROM pg_catalog.pg_class WHERE relname = 'item_pedidos' AND relnamespace = (SELECT oid FROM pg_catalog.pg_namespace WHERE nspname = CURRENT_SCHEMA()))

2026/07/11 11:46:10 [32m/home/humberto/Aplicativos/Manager-Restaurante-main/backend/pkg/database/postgres.go:78
[0m[33m[0.374ms] [34;1m[rows:0][0m SELECT description FROM pg_catalog.pg_description WHERE objsubid = (SELECT ordinal_position FROM information_schema.columns WHERE table_schema = CURRENT_SCHEMA() AND table_name = 'item_pedidos' AND column_name = 'created_at') AND objoid = (SELECT oid FROM pg_catalog.pg_class WHERE relname = 'item_pedidos' AND relnamespace = (SELECT oid FROM pg_catalog.pg_namespace WHERE nspname = CURRENT_SCHEMA()))

2026/07/11 11:46:10 [32m/home/humberto/Aplicativos/Manager-Restaurante-main/backend/pkg/database/postgres.go:78
[0m[33m[0.374ms] [34;1m[rows:0][0m SELECT description FROM pg_catalog.pg_description WHERE objsubid = (SELECT ordinal_position FROM information_schema.columns WHERE table_schema = CURRENT_SCHEMA() AND table_name = 'item_pedidos' AND column_name = 'updated_at') AND objoid = (SELECT oid FROM pg_catalog.pg_class WHERE relname = 'item_pedidos' AND relnamespace = (SELECT oid FROM pg_catalog.pg_namespace WHERE nspname = CURRENT_SCHEMA()))

2026/07/11 11:46:10 [32m/home/humberto/Aplicativos/Manager-Restaurante-main/backend/pkg/database/postgres.go:78
[0m[33m[1.718ms] [34;1m[rows:1][0m SELECT count(*) FROM INFORMATION_SCHEMA.table_constraints WHERE table_schema = CURRENT_SCHEMA() AND table_name = 'item_pedidos' AND constraint_name = 'fk_pedidos_itens'

2026/07/11 11:46:10 [32m/home/humberto/Aplicativos/Manager-Restaurante-main/backend/pkg/database/postgres.go:78
[0m[33m[0.230ms] [34;1m[rows:1][0m SELECT count(*) FROM pg_indexes WHERE tablename = 'item_pedidos' AND indexname = 'idx_item_pedidos_tenant_id' AND schemaname = CURRENT_SCHEMA()

2026/07/11 11:46:10 [32m/home/humberto/Aplicativos/Manager-Restaurante-main/backend/pkg/database/postgres.go:78
[0m[33m[0.213ms] [34;1m[rows:1][0m SELECT count(*) FROM pg_indexes WHERE tablename = 'item_pedidos' AND indexname = 'idx_item_pedidos_pedido_id' AND schemaname = CURRENT_SCHEMA()

2026/07/11 11:46:10 [32m/home/humberto/Aplicativos/Manager-Restaurante-main/backend/pkg/database/postgres.go:78
[0m[33m[0.197ms] [34;1m[rows:1][0m SELECT count(*) FROM information_schema.tables WHERE table_schema = CURRENT_SCHEMA() AND table_name = 'pagamentos' AND table_type = 'BASE TABLE'

2026/07/11 11:46:10 [32m/home/humberto/Aplicativos/Manager-Restaurante-main/backend/pkg/database/postgres.go:78
[0m[33m[0.091ms] [34;1m[rows:1][0m SELECT CURRENT_DATABASE()

2026/07/11 11:46:10 [32m/home/humberto/Aplicativos/Manager-Restaurante-main/backend/pkg/database/postgres.go:78
[0m[33m[1.701ms] [34;1m[rows:-][0m SELECT c.column_name, c.is_nullable = 'YES', c.udt_name, c.character_maximum_length, c.numeric_precision, c.numeric_precision_radix, c.numeric_scale, c.datetime_precision, 8 * typlen, c.column_default, pd.description, c.identity_increment FROM information_schema.columns AS c JOIN pg_type AS pgt ON c.udt_name = pgt.typname LEFT JOIN pg_catalog.pg_description as pd ON pd.objsubid = c.ordinal_position AND pd.objoid = (SELECT oid FROM pg_catalog.pg_class WHERE relname = c.table_name AND relnamespace = (SELECT oid FROM pg_catalog.pg_namespace WHERE nspname = c.table_schema)) where table_catalog = 'manager_restaurant' AND table_schema = CURRENT_SCHEMA() AND table_name = 'pagamentos'

2026/07/11 11:46:10 [32m/home/humberto/Aplicativos/Manager-Restaurante-main/backend/pkg/database/postgres.go:78
[0m[33m[1.645ms] [34;1m[rows:-][0m SELECT * FROM "pagamentos" LIMIT 5

2026/07/11 11:46:10 [32m/home/humberto/Aplicativos/Manager-Restaurante-main/backend/pkg/database/postgres.go:78
[0m[33m[1.125ms] [34;1m[rows:-][0m SELECT constraint_name FROM information_schema.table_constraints tc JOIN information_schema.constraint_column_usage AS ccu USING (constraint_schema, constraint_catalog, table_name, constraint_name) JOIN information_schema.columns AS c ON c.table_schema = tc.constraint_schema AND tc.table_name = c.table_name AND ccu.column_name = c.column_name WHERE constraint_type IN ('PRIMARY KEY', 'UNIQUE') AND c.table_catalog = 'manager_restaurant' AND c.table_schema = CURRENT_SCHEMA() AND c.table_name = 'pagamentos' AND constraint_type = 'UNIQUE'

2026/07/11 11:46:10 [32m/home/humberto/Aplicativos/Manager-Restaurante-main/backend/pkg/database/postgres.go:78
[0m[33m[1.021ms] [34;1m[rows:-][0m SELECT c.column_name, constraint_name, constraint_type FROM information_schema.table_constraints tc JOIN information_schema.constraint_column_usage AS ccu USING (constraint_schema, constraint_catalog, table_name, constraint_name) JOIN information_schema.columns AS c ON c.table_schema = tc.constraint_schema AND tc.table_name = c.table_name AND ccu.column_name = c.column_name WHERE constraint_type IN ('PRIMARY KEY', 'UNIQUE') AND c.table_catalog = 'manager_restaurant' AND c.table_schema = CURRENT_SCHEMA() AND c.table_name = 'pagamentos'

2026/07/11 11:46:10 [32m/home/humberto/Aplicativos/Manager-Restaurante-main/backend/pkg/database/postgres.go:78
[0m[33m[0.174ms] [34;1m[rows:-][0m SELECT a.attname as column_name, format_type(a.atttypid, a.atttypmod) AS data_type
		FROM pg_attribute a JOIN pg_class b ON a.attrelid = b.oid AND relnamespace = (SELECT oid FROM pg_catalog.pg_namespace WHERE nspname = CURRENT_SCHEMA())
		WHERE a.attnum > 0 -- hide internal columns
		AND NOT a.attisdropped -- hide deleted columns
		AND b.relname = 'pagamentos'

2026/07/11 11:46:10 [32m/home/humberto/Aplicativos/Manager-Restaurante-main/backend/pkg/database/postgres.go:78
[0m[33m[0.420ms] [34;1m[rows:0][0m SELECT description FROM pg_catalog.pg_description WHERE objsubid = (SELECT ordinal_position FROM information_schema.columns WHERE table_schema = CURRENT_SCHEMA() AND table_name = 'pagamentos' AND column_name = 'id') AND objoid = (SELECT oid FROM pg_catalog.pg_class WHERE relname = 'pagamentos' AND relnamespace = (SELECT oid FROM pg_catalog.pg_namespace WHERE nspname = CURRENT_SCHEMA()))

2026/07/11 11:46:10 [32m/home/humberto/Aplicativos/Manager-Restaurante-main/backend/pkg/database/postgres.go:78
[0m[33m[0.395ms] [34;1m[rows:0][0m SELECT description FROM pg_catalog.pg_description WHERE objsubid = (SELECT ordinal_position FROM information_schema.columns WHERE table_schema = CURRENT_SCHEMA() AND table_name = 'pagamentos' AND column_name = 'tenant_id') AND objoid = (SELECT oid FROM pg_catalog.pg_class WHERE relname = 'pagamentos' AND relnamespace = (SELECT oid FROM pg_catalog.pg_namespace WHERE nspname = CURRENT_SCHEMA()))

2026/07/11 11:46:10 [32m/home/humberto/Aplicativos/Manager-Restaurante-main/backend/pkg/database/postgres.go:78
[0m[33m[0.384ms] [34;1m[rows:0][0m SELECT description FROM pg_catalog.pg_description WHERE objsubid = (SELECT ordinal_position FROM information_schema.columns WHERE table_schema = CURRENT_SCHEMA() AND table_name = 'pagamentos' AND column_name = 'pedido_id') AND objoid = (SELECT oid FROM pg_catalog.pg_class WHERE relname = 'pagamentos' AND relnamespace = (SELECT oid FROM pg_catalog.pg_namespace WHERE nspname = CURRENT_SCHEMA()))

2026/07/11 11:46:10 [32m/home/humberto/Aplicativos/Manager-Restaurante-main/backend/pkg/database/postgres.go:78
[0m[33m[0.386ms] [34;1m[rows:0][0m SELECT description FROM pg_catalog.pg_description WHERE objsubid = (SELECT ordinal_position FROM information_schema.columns WHERE table_schema = CURRENT_SCHEMA() AND table_name = 'pagamentos' AND column_name = 'comanda_id') AND objoid = (SELECT oid FROM pg_catalog.pg_class WHERE relname = 'pagamentos' AND relnamespace = (SELECT oid FROM pg_catalog.pg_namespace WHERE nspname = CURRENT_SCHEMA()))

2026/07/11 11:46:10 [32m/home/humberto/Aplicativos/Manager-Restaurante-main/backend/pkg/database/postgres.go:78
[0m[33m[0.368ms] [34;1m[rows:0][0m SELECT description FROM pg_catalog.pg_description WHERE objsubid = (SELECT ordinal_position FROM information_schema.columns WHERE table_schema = CURRENT_SCHEMA() AND table_name = 'pagamentos' AND column_name = 'metodo') AND objoid = (SELECT oid FROM pg_catalog.pg_class WHERE relname = 'pagamentos' AND relnamespace = (SELECT oid FROM pg_catalog.pg_namespace WHERE nspname = CURRENT_SCHEMA()))

2026/07/11 11:46:10 [32m/home/humberto/Aplicativos/Manager-Restaurante-main/backend/pkg/database/postgres.go:78
[0m[33m[0.405ms] [34;1m[rows:0][0m SELECT description FROM pg_catalog.pg_description WHERE objsubid = (SELECT ordinal_position FROM information_schema.columns WHERE table_schema = CURRENT_SCHEMA() AND table_name = 'pagamentos' AND column_name = 'valor') AND objoid = (SELECT oid FROM pg_catalog.pg_class WHERE relname = 'pagamentos' AND relnamespace = (SELECT oid FROM pg_catalog.pg_namespace WHERE nspname = CURRENT_SCHEMA()))

2026/07/11 11:46:10 [32m/home/humberto/Aplicativos/Manager-Restaurante-main/backend/pkg/database/postgres.go:78
[0m[33m[0.389ms] [34;1m[rows:0][0m SELECT description FROM pg_catalog.pg_description WHERE objsubid = (SELECT ordinal_position FROM information_schema.columns WHERE table_schema = CURRENT_SCHEMA() AND table_name = 'pagamentos' AND column_name = 'status') AND objoid = (SELECT oid FROM pg_catalog.pg_class WHERE relname = 'pagamentos' AND relnamespace = (SELECT oid FROM pg_catalog.pg_namespace WHERE nspname = CURRENT_SCHEMA()))

2026/07/11 11:46:10 [32m/home/humberto/Aplicativos/Manager-Restaurante-main/backend/pkg/database/postgres.go:78
[0m[33m[0.409ms] [34;1m[rows:0][0m SELECT description FROM pg_catalog.pg_description WHERE objsubid = (SELECT ordinal_position FROM information_schema.columns WHERE table_schema = CURRENT_SCHEMA() AND table_name = 'pagamentos' AND column_name = 'transaction_id') AND objoid = (SELECT oid FROM pg_catalog.pg_class WHERE relname = 'pagamentos' AND relnamespace = (SELECT oid FROM pg_catalog.pg_namespace WHERE nspname = CURRENT_SCHEMA()))

2026/07/11 11:46:10 [32m/home/humberto/Aplicativos/Manager-Restaurante-main/backend/pkg/database/postgres.go:78
[0m[33m[0.401ms] [34;1m[rows:0][0m SELECT description FROM pg_catalog.pg_description WHERE objsubid = (SELECT ordinal_position FROM information_schema.columns WHERE table_schema = CURRENT_SCHEMA() AND table_name = 'pagamentos' AND column_name = 'created_at') AND objoid = (SELECT oid FROM pg_catalog.pg_class WHERE relname = 'pagamentos' AND relnamespace = (SELECT oid FROM pg_catalog.pg_namespace WHERE nspname = CURRENT_SCHEMA()))

2026/07/11 11:46:10 [32m/home/humberto/Aplicativos/Manager-Restaurante-main/backend/pkg/database/postgres.go:78
[0m[33m[0.420ms] [34;1m[rows:0][0m SELECT description FROM pg_catalog.pg_description WHERE objsubid = (SELECT ordinal_position FROM information_schema.columns WHERE table_schema = CURRENT_SCHEMA() AND table_name = 'pagamentos' AND column_name = 'updated_at') AND objoid = (SELECT oid FROM pg_catalog.pg_class WHERE relname = 'pagamentos' AND relnamespace = (SELECT oid FROM pg_catalog.pg_namespace WHERE nspname = CURRENT_SCHEMA()))

2026/07/11 11:46:10 [32m/home/humberto/Aplicativos/Manager-Restaurante-main/backend/pkg/database/postgres.go:78
[0m[33m[0.288ms] [34;1m[rows:1][0m SELECT count(*) FROM pg_indexes WHERE tablename = 'pagamentos' AND indexname = 'idx_pagamentos_tenant_id' AND schemaname = CURRENT_SCHEMA()

2026/07/11 11:46:10 [32m/home/humberto/Aplicativos/Manager-Restaurante-main/backend/pkg/database/postgres.go:78
[0m[33m[0.218ms] [34;1m[rows:1][0m SELECT count(*) FROM information_schema.tables WHERE table_schema = CURRENT_SCHEMA() AND table_name = 'impressoras' AND table_type = 'BASE TABLE'

2026/07/11 11:46:10 [32m/home/humberto/Aplicativos/Manager-Restaurante-main/backend/pkg/database/postgres.go:78
[0m[33m[0.092ms] [34;1m[rows:1][0m SELECT CURRENT_DATABASE()

2026/07/11 11:46:10 [32m/home/humberto/Aplicativos/Manager-Restaurante-main/backend/pkg/database/postgres.go:78
[0m[33m[1.705ms] [34;1m[rows:-][0m SELECT c.column_name, c.is_nullable = 'YES', c.udt_name, c.character_maximum_length, c.numeric_precision, c.numeric_precision_radix, c.numeric_scale, c.datetime_precision, 8 * typlen, c.column_default, pd.description, c.identity_increment FROM information_schema.columns AS c JOIN pg_type AS pgt ON c.udt_name = pgt.typname LEFT JOIN pg_catalog.pg_description as pd ON pd.objsubid = c.ordinal_position AND pd.objoid = (SELECT oid FROM pg_catalog.pg_class WHERE relname = c.table_name AND relnamespace = (SELECT oid FROM pg_catalog.pg_namespace WHERE nspname = c.table_schema)) where table_catalog = 'manager_restaurant' AND table_schema = CURRENT_SCHEMA() AND table_name = 'impressoras'

2026/07/11 11:46:10 [32m/home/humberto/Aplicativos/Manager-Restaurante-main/backend/pkg/database/postgres.go:78
[0m[33m[0.945ms] [34;1m[rows:-][0m SELECT * FROM "impressoras" LIMIT 5

2026/07/11 11:46:10 [32m/home/humberto/Aplicativos/Manager-Restaurante-main/backend/pkg/database/postgres.go:78
[0m[33m[0.901ms] [34;1m[rows:-][0m SELECT constraint_name FROM information_schema.table_constraints tc JOIN information_schema.constraint_column_usage AS ccu USING (constraint_schema, constraint_catalog, table_name, constraint_name) JOIN information_schema.columns AS c ON c.table_schema = tc.constraint_schema AND tc.table_name = c.table_name AND ccu.column_name = c.column_name WHERE constraint_type IN ('PRIMARY KEY', 'UNIQUE') AND c.table_catalog = 'manager_restaurant' AND c.table_schema = CURRENT_SCHEMA() AND c.table_name = 'impressoras' AND constraint_type = 'UNIQUE'

2026/07/11 11:46:10 [32m/home/humberto/Aplicativos/Manager-Restaurante-main/backend/pkg/database/postgres.go:78
[0m[33m[0.920ms] [34;1m[rows:-][0m SELECT c.column_name, constraint_name, constraint_type FROM information_schema.table_constraints tc JOIN information_schema.constraint_column_usage AS ccu USING (constraint_schema, constraint_catalog, table_name, constraint_name) JOIN information_schema.columns AS c ON c.table_schema = tc.constraint_schema AND tc.table_name = c.table_name AND ccu.column_name = c.column_name WHERE constraint_type IN ('PRIMARY KEY', 'UNIQUE') AND c.table_catalog = 'manager_restaurant' AND c.table_schema = CURRENT_SCHEMA() AND c.table_name = 'impressoras'

2026/07/11 11:46:10 [32m/home/humberto/Aplicativos/Manager-Restaurante-main/backend/pkg/database/postgres.go:78
[0m[33m[0.160ms] [34;1m[rows:-][0m SELECT a.attname as column_name, format_type(a.atttypid, a.atttypmod) AS data_type
		FROM pg_attribute a JOIN pg_class b ON a.attrelid = b.oid AND relnamespace = (SELECT oid FROM pg_catalog.pg_namespace WHERE nspname = CURRENT_SCHEMA())
		WHERE a.attnum > 0 -- hide internal columns
		AND NOT a.attisdropped -- hide deleted columns
		AND b.relname = 'impressoras'

2026/07/11 11:46:10 [32m/home/humberto/Aplicativos/Manager-Restaurante-main/backend/pkg/database/postgres.go:78
[0m[33m[0.630ms] [34;1m[rows:0][0m SELECT description FROM pg_catalog.pg_description WHERE objsubid = (SELECT ordinal_position FROM information_schema.columns WHERE table_schema = CURRENT_SCHEMA() AND table_name = 'impressoras' AND column_name = 'id') AND objoid = (SELECT oid FROM pg_catalog.pg_class WHERE relname = 'impressoras' AND relnamespace = (SELECT oid FROM pg_catalog.pg_namespace WHERE nspname = CURRENT_SCHEMA()))

2026/07/11 11:46:10 [32m/home/humberto/Aplicativos/Manager-Restaurante-main/backend/pkg/database/postgres.go:78
[0m[33m[0.402ms] [34;1m[rows:0][0m SELECT description FROM pg_catalog.pg_description WHERE objsubid = (SELECT ordinal_position FROM information_schema.columns WHERE table_schema = CURRENT_SCHEMA() AND table_name = 'impressoras' AND column_name = 'tenant_id') AND objoid = (SELECT oid FROM pg_catalog.pg_class WHERE relname = 'impressoras' AND relnamespace = (SELECT oid FROM pg_catalog.pg_namespace WHERE nspname = CURRENT_SCHEMA()))

2026/07/11 11:46:10 [32m/home/humberto/Aplicativos/Manager-Restaurante-main/backend/pkg/database/postgres.go:78
[0m[33m[0.397ms] [34;1m[rows:0][0m SELECT description FROM pg_catalog.pg_description WHERE objsubid = (SELECT ordinal_position FROM information_schema.columns WHERE table_schema = CURRENT_SCHEMA() AND table_name = 'impressoras' AND column_name = 'nome') AND objoid = (SELECT oid FROM pg_catalog.pg_class WHERE relname = 'impressoras' AND relnamespace = (SELECT oid FROM pg_catalog.pg_namespace WHERE nspname = CURRENT_SCHEMA()))

2026/07/11 11:46:10 [32m/home/humberto/Aplicativos/Manager-Restaurante-main/backend/pkg/database/postgres.go:78
[0m[33m[0.384ms] [34;1m[rows:0][0m SELECT description FROM pg_catalog.pg_description WHERE objsubid = (SELECT ordinal_position FROM information_schema.columns WHERE table_schema = CURRENT_SCHEMA() AND table_name = 'impressoras' AND column_name = 'ip') AND objoid = (SELECT oid FROM pg_catalog.pg_class WHERE relname = 'impressoras' AND relnamespace = (SELECT oid FROM pg_catalog.pg_namespace WHERE nspname = CURRENT_SCHEMA()))

2026/07/11 11:46:10 [32m/home/humberto/Aplicativos/Manager-Restaurante-main/backend/pkg/database/postgres.go:78
[0m[33m[0.406ms] [34;1m[rows:0][0m SELECT description FROM pg_catalog.pg_description WHERE objsubid = (SELECT ordinal_position FROM information_schema.columns WHERE table_schema = CURRENT_SCHEMA() AND table_name = 'impressoras' AND column_name = 'porta') AND objoid = (SELECT oid FROM pg_catalog.pg_class WHERE relname = 'impressoras' AND relnamespace = (SELECT oid FROM pg_catalog.pg_namespace WHERE nspname = CURRENT_SCHEMA()))

2026/07/11 11:46:10 [32m/home/humberto/Aplicativos/Manager-Restaurante-main/backend/pkg/database/postgres.go:78
[0m[33m[0.385ms] [34;1m[rows:0][0m SELECT description FROM pg_catalog.pg_description WHERE objsubid = (SELECT ordinal_position FROM information_schema.columns WHERE table_schema = CURRENT_SCHEMA() AND table_name = 'impressoras' AND column_name = 'setor_id') AND objoid = (SELECT oid FROM pg_catalog.pg_class WHERE relname = 'impressoras' AND relnamespace = (SELECT oid FROM pg_catalog.pg_namespace WHERE nspname = CURRENT_SCHEMA()))

2026/07/11 11:46:10 [32m/home/humberto/Aplicativos/Manager-Restaurante-main/backend/pkg/database/postgres.go:78
[0m[33m[0.401ms] [34;1m[rows:0][0m SELECT description FROM pg_catalog.pg_description WHERE objsubid = (SELECT ordinal_position FROM information_schema.columns WHERE table_schema = CURRENT_SCHEMA() AND table_name = 'impressoras' AND column_name = 'created_at') AND objoid = (SELECT oid FROM pg_catalog.pg_class WHERE relname = 'impressoras' AND relnamespace = (SELECT oid FROM pg_catalog.pg_namespace WHERE nspname = CURRENT_SCHEMA()))

2026/07/11 11:46:10 [32m/home/humberto/Aplicativos/Manager-Restaurante-main/backend/pkg/database/postgres.go:78
[0m[33m[0.446ms] [34;1m[rows:0][0m SELECT description FROM pg_catalog.pg_description WHERE objsubid = (SELECT ordinal_position FROM information_schema.columns WHERE table_schema = CURRENT_SCHEMA() AND table_name = 'impressoras' AND column_name = 'updated_at') AND objoid = (SELECT oid FROM pg_catalog.pg_class WHERE relname = 'impressoras' AND relnamespace = (SELECT oid FROM pg_catalog.pg_namespace WHERE nspname = CURRENT_SCHEMA()))

2026/07/11 11:46:10 [32m/home/humberto/Aplicativos/Manager-Restaurante-main/backend/pkg/database/postgres.go:78
[0m[33m[0.220ms] [34;1m[rows:1][0m SELECT count(*) FROM pg_indexes WHERE tablename = 'impressoras' AND indexname = 'idx_impressoras_tenant_id' AND schemaname = CURRENT_SCHEMA()

2026/07/11 11:46:10 [32m/home/humberto/Aplicativos/Manager-Restaurante-main/backend/pkg/database/postgres.go:78
[0m[33m[0.199ms] [34;1m[rows:1][0m SELECT count(*) FROM information_schema.tables WHERE table_schema = CURRENT_SCHEMA() AND table_name = 'pinpads' AND table_type = 'BASE TABLE'

2026/07/11 11:46:10 [32m/home/humberto/Aplicativos/Manager-Restaurante-main/backend/pkg/database/postgres.go:78
[0m[33m[0.116ms] [34;1m[rows:1][0m SELECT CURRENT_DATABASE()

2026/07/11 11:46:10 [32m/home/humberto/Aplicativos/Manager-Restaurante-main/backend/pkg/database/postgres.go:78
[0m[33m[1.928ms] [34;1m[rows:-][0m SELECT c.column_name, c.is_nullable = 'YES', c.udt_name, c.character_maximum_length, c.numeric_precision, c.numeric_precision_radix, c.numeric_scale, c.datetime_precision, 8 * typlen, c.column_default, pd.description, c.identity_increment FROM information_schema.columns AS c JOIN pg_type AS pgt ON c.udt_name = pgt.typname LEFT JOIN pg_catalog.pg_description as pd ON pd.objsubid = c.ordinal_position AND pd.objoid = (SELECT oid FROM pg_catalog.pg_class WHERE relname = c.table_name AND relnamespace = (SELECT oid FROM pg_catalog.pg_namespace WHERE nspname = c.table_schema)) where table_catalog = 'manager_restaurant' AND table_schema = CURRENT_SCHEMA() AND table_name = 'pinpads'

2026/07/11 11:46:10 [32m/home/humberto/Aplicativos/Manager-Restaurante-main/backend/pkg/database/postgres.go:78
[0m[33m[0.968ms] [34;1m[rows:-][0m SELECT * FROM "pinpads" LIMIT 5

2026/07/11 11:46:10 [32m/home/humberto/Aplicativos/Manager-Restaurante-main/backend/pkg/database/postgres.go:78
[0m[33m[1.079ms] [34;1m[rows:-][0m SELECT constraint_name FROM information_schema.table_constraints tc JOIN information_schema.constraint_column_usage AS ccu USING (constraint_schema, constraint_catalog, table_name, constraint_name) JOIN information_schema.columns AS c ON c.table_schema = tc.constraint_schema AND tc.table_name = c.table_name AND ccu.column_name = c.column_name WHERE constraint_type IN ('PRIMARY KEY', 'UNIQUE') AND c.table_catalog = 'manager_restaurant' AND c.table_schema = CURRENT_SCHEMA() AND c.table_name = 'pinpads' AND constraint_type = 'UNIQUE'

2026/07/11 11:46:10 [32m/home/humberto/Aplicativos/Manager-Restaurante-main/backend/pkg/database/postgres.go:78
[0m[33m[1.067ms] [34;1m[rows:-][0m SELECT c.column_name, constraint_name, constraint_type FROM information_schema.table_constraints tc JOIN information_schema.constraint_column_usage AS ccu USING (constraint_schema, constraint_catalog, table_name, constraint_name) JOIN information_schema.columns AS c ON c.table_schema = tc.constraint_schema AND tc.table_name = c.table_name AND ccu.column_name = c.column_name WHERE constraint_type IN ('PRIMARY KEY', 'UNIQUE') AND c.table_catalog = 'manager_restaurant' AND c.table_schema = CURRENT_SCHEMA() AND c.table_name = 'pinpads'

2026/07/11 11:46:10 [32m/home/humberto/Aplicativos/Manager-Restaurante-main/backend/pkg/database/postgres.go:78
[0m[33m[0.176ms] [34;1m[rows:-][0m SELECT a.attname as column_name, format_type(a.atttypid, a.atttypmod) AS data_type
		FROM pg_attribute a JOIN pg_class b ON a.attrelid = b.oid AND relnamespace = (SELECT oid FROM pg_catalog.pg_namespace WHERE nspname = CURRENT_SCHEMA())
		WHERE a.attnum > 0 -- hide internal columns
		AND NOT a.attisdropped -- hide deleted columns
		AND b.relname = 'pinpads'

2026/07/11 11:46:10 [32m/home/humberto/Aplicativos/Manager-Restaurante-main/backend/pkg/database/postgres.go:78
[0m[33m[0.461ms] [34;1m[rows:0][0m SELECT description FROM pg_catalog.pg_description WHERE objsubid = (SELECT ordinal_position FROM information_schema.columns WHERE table_schema = CURRENT_SCHEMA() AND table_name = 'pinpads' AND column_name = 'id') AND objoid = (SELECT oid FROM pg_catalog.pg_class WHERE relname = 'pinpads' AND relnamespace = (SELECT oid FROM pg_catalog.pg_namespace WHERE nspname = CURRENT_SCHEMA()))

2026/07/11 11:46:10 [32m/home/humberto/Aplicativos/Manager-Restaurante-main/backend/pkg/database/postgres.go:78
[0m[33m[0.467ms] [34;1m[rows:0][0m SELECT description FROM pg_catalog.pg_description WHERE objsubid = (SELECT ordinal_position FROM information_schema.columns WHERE table_schema = CURRENT_SCHEMA() AND table_name = 'pinpads' AND column_name = 'tenant_id') AND objoid = (SELECT oid FROM pg_catalog.pg_class WHERE relname = 'pinpads' AND relnamespace = (SELECT oid FROM pg_catalog.pg_namespace WHERE nspname = CURRENT_SCHEMA()))

2026/07/11 11:46:10 [32m/home/humberto/Aplicativos/Manager-Restaurante-main/backend/pkg/database/postgres.go:78
[0m[33m[0.573ms] [34;1m[rows:0][0m SELECT description FROM pg_catalog.pg_description WHERE objsubid = (SELECT ordinal_position FROM information_schema.columns WHERE table_schema = CURRENT_SCHEMA() AND table_name = 'pinpads' AND column_name = 'nome') AND objoid = (SELECT oid FROM pg_catalog.pg_class WHERE relname = 'pinpads' AND relnamespace = (SELECT oid FROM pg_catalog.pg_namespace WHERE nspname = CURRENT_SCHEMA()))

2026/07/11 11:46:10 [32m/home/humberto/Aplicativos/Manager-Restaurante-main/backend/pkg/database/postgres.go:78
[0m[33m[0.428ms] [34;1m[rows:0][0m SELECT description FROM pg_catalog.pg_description WHERE objsubid = (SELECT ordinal_position FROM information_schema.columns WHERE table_schema = CURRENT_SCHEMA() AND table_name = 'pinpads' AND column_name = 'modelo') AND objoid = (SELECT oid FROM pg_catalog.pg_class WHERE relname = 'pinpads' AND relnamespace = (SELECT oid FROM pg_catalog.pg_namespace WHERE nspname = CURRENT_SCHEMA()))

2026/07/11 11:46:10 [32m/home/humberto/Aplicativos/Manager-Restaurante-main/backend/pkg/database/postgres.go:78
[0m[33m[0.588ms] [34;1m[rows:0][0m SELECT description FROM pg_catalog.pg_description WHERE objsubid = (SELECT ordinal_position FROM information_schema.columns WHERE table_schema = CURRENT_SCHEMA() AND table_name = 'pinpads' AND column_name = 'tipo') AND objoid = (SELECT oid FROM pg_catalog.pg_class WHERE relname = 'pinpads' AND relnamespace = (SELECT oid FROM pg_catalog.pg_namespace WHERE nspname = CURRENT_SCHEMA()))

2026/07/11 11:46:10 [32m/home/humberto/Aplicativos/Manager-Restaurante-main/backend/pkg/database/postgres.go:78
[0m[33m[0.498ms] [34;1m[rows:0][0m SELECT description FROM pg_catalog.pg_description WHERE objsubid = (SELECT ordinal_position FROM information_schema.columns WHERE table_schema = CURRENT_SCHEMA() AND table_name = 'pinpads' AND column_name = 'ip') AND objoid = (SELECT oid FROM pg_catalog.pg_class WHERE relname = 'pinpads' AND relnamespace = (SELECT oid FROM pg_catalog.pg_namespace WHERE nspname = CURRENT_SCHEMA()))

2026/07/11 11:46:10 [32m/home/humberto/Aplicativos/Manager-Restaurante-main/backend/pkg/database/postgres.go:78
[0m[33m[0.444ms] [34;1m[rows:0][0m SELECT description FROM pg_catalog.pg_description WHERE objsubid = (SELECT ordinal_position FROM information_schema.columns WHERE table_schema = CURRENT_SCHEMA() AND table_name = 'pinpads' AND column_name = 'porta') AND objoid = (SELECT oid FROM pg_catalog.pg_class WHERE relname = 'pinpads' AND relnamespace = (SELECT oid FROM pg_catalog.pg_namespace WHERE nspname = CURRENT_SCHEMA()))

2026/07/11 11:46:10 [32m/home/humberto/Aplicativos/Manager-Restaurante-main/backend/pkg/database/postgres.go:78
[0m[33m[0.367ms] [34;1m[rows:0][0m SELECT description FROM pg_catalog.pg_description WHERE objsubid = (SELECT ordinal_position FROM information_schema.columns WHERE table_schema = CURRENT_SCHEMA() AND table_name = 'pinpads' AND column_name = 'dispositivo') AND objoid = (SELECT oid FROM pg_catalog.pg_class WHERE relname = 'pinpads' AND relnamespace = (SELECT oid FROM pg_catalog.pg_namespace WHERE nspname = CURRENT_SCHEMA()))

2026/07/11 11:46:10 [32m/home/humberto/Aplicativos/Manager-Restaurante-main/backend/pkg/database/postgres.go:78
[0m[33m[0.385ms] [34;1m[rows:0][0m SELECT description FROM pg_catalog.pg_description WHERE objsubid = (SELECT ordinal_position FROM information_schema.columns WHERE table_schema = CURRENT_SCHEMA() AND table_name = 'pinpads' AND column_name = 'serial') AND objoid = (SELECT oid FROM pg_catalog.pg_class WHERE relname = 'pinpads' AND relnamespace = (SELECT oid FROM pg_catalog.pg_namespace WHERE nspname = CURRENT_SCHEMA()))

2026/07/11 11:46:10 [32m/home/humberto/Aplicativos/Manager-Restaurante-main/backend/pkg/database/postgres.go:78
[0m[33m[0.362ms] [34;1m[rows:0][0m SELECT description FROM pg_catalog.pg_description WHERE objsubid = (SELECT ordinal_position FROM information_schema.columns WHERE table_schema = CURRENT_SCHEMA() AND table_name = 'pinpads' AND column_name = 'ativo') AND objoid = (SELECT oid FROM pg_catalog.pg_class WHERE relname = 'pinpads' AND relnamespace = (SELECT oid FROM pg_catalog.pg_namespace WHERE nspname = CURRENT_SCHEMA()))

2026/07/11 11:46:10 [32m/home/humberto/Aplicativos/Manager-Restaurante-main/backend/pkg/database/postgres.go:78
[0m[33m[0.362ms] [34;1m[rows:0][0m SELECT description FROM pg_catalog.pg_description WHERE objsubid = (SELECT ordinal_position FROM information_schema.columns WHERE table_schema = CURRENT_SCHEMA() AND table_name = 'pinpads' AND column_name = 'created_at') AND objoid = (SELECT oid FROM pg_catalog.pg_class WHERE relname = 'pinpads' AND relnamespace = (SELECT oid FROM pg_catalog.pg_namespace WHERE nspname = CURRENT_SCHEMA()))

2026/07/11 11:46:10 [32m/home/humberto/Aplicativos/Manager-Restaurante-main/backend/pkg/database/postgres.go:78
[0m[33m[0.343ms] [34;1m[rows:0][0m SELECT description FROM pg_catalog.pg_description WHERE objsubid = (SELECT ordinal_position FROM information_schema.columns WHERE table_schema = CURRENT_SCHEMA() AND table_name = 'pinpads' AND column_name = 'updated_at') AND objoid = (SELECT oid FROM pg_catalog.pg_class WHERE relname = 'pinpads' AND relnamespace = (SELECT oid FROM pg_catalog.pg_namespace WHERE nspname = CURRENT_SCHEMA()))

2026/07/11 11:46:10 [32m/home/humberto/Aplicativos/Manager-Restaurante-main/backend/pkg/database/postgres.go:78
[0m[33m[0.189ms] [34;1m[rows:1][0m SELECT count(*) FROM pg_indexes WHERE tablename = 'pinpads' AND indexname = 'idx_pinpads_tenant_id' AND schemaname = CURRENT_SCHEMA()

2026/07/11 11:46:10 [32m/home/humberto/Aplicativos/Manager-Restaurante-main/backend/pkg/database/postgres.go:78
[0m[33m[0.166ms] [34;1m[rows:1][0m SELECT count(*) FROM information_schema.tables WHERE table_schema = CURRENT_SCHEMA() AND table_name = 'estoques' AND table_type = 'BASE TABLE'

2026/07/11 11:46:10 [32m/home/humberto/Aplicativos/Manager-Restaurante-main/backend/pkg/database/postgres.go:78
[0m[33m[0.104ms] [34;1m[rows:1][0m SELECT CURRENT_DATABASE()

2026/07/11 11:46:10 [32m/home/humberto/Aplicativos/Manager-Restaurante-main/backend/pkg/database/postgres.go:78
[0m[33m[1.515ms] [34;1m[rows:-][0m SELECT c.column_name, c.is_nullable = 'YES', c.udt_name, c.character_maximum_length, c.numeric_precision, c.numeric_precision_radix, c.numeric_scale, c.datetime_precision, 8 * typlen, c.column_default, pd.description, c.identity_increment FROM information_schema.columns AS c JOIN pg_type AS pgt ON c.udt_name = pgt.typname LEFT JOIN pg_catalog.pg_description as pd ON pd.objsubid = c.ordinal_position AND pd.objoid = (SELECT oid FROM pg_catalog.pg_class WHERE relname = c.table_name AND relnamespace = (SELECT oid FROM pg_catalog.pg_namespace WHERE nspname = c.table_schema)) where table_catalog = 'manager_restaurant' AND table_schema = CURRENT_SCHEMA() AND table_name = 'estoques'

2026/07/11 11:46:10 [32m/home/humberto/Aplicativos/Manager-Restaurante-main/backend/pkg/database/postgres.go:78
[0m[33m[1.093ms] [34;1m[rows:-][0m SELECT * FROM "estoques" LIMIT 5

2026/07/11 11:46:10 [32m/home/humberto/Aplicativos/Manager-Restaurante-main/backend/pkg/database/postgres.go:78
[0m[33m[0.936ms] [34;1m[rows:-][0m SELECT constraint_name FROM information_schema.table_constraints tc JOIN information_schema.constraint_column_usage AS ccu USING (constraint_schema, constraint_catalog, table_name, constraint_name) JOIN information_schema.columns AS c ON c.table_schema = tc.constraint_schema AND tc.table_name = c.table_name AND ccu.column_name = c.column_name WHERE constraint_type IN ('PRIMARY KEY', 'UNIQUE') AND c.table_catalog = 'manager_restaurant' AND c.table_schema = CURRENT_SCHEMA() AND c.table_name = 'estoques' AND constraint_type = 'UNIQUE'

2026/07/11 11:46:10 [32m/home/humberto/Aplicativos/Manager-Restaurante-main/backend/pkg/database/postgres.go:78
[0m[33m[0.948ms] [34;1m[rows:-][0m SELECT c.column_name, constraint_name, constraint_type FROM information_schema.table_constraints tc JOIN information_schema.constraint_column_usage AS ccu USING (constraint_schema, constraint_catalog, table_name, constraint_name) JOIN information_schema.columns AS c ON c.table_schema = tc.constraint_schema AND tc.table_name = c.table_name AND ccu.column_name = c.column_name WHERE constraint_type IN ('PRIMARY KEY', 'UNIQUE') AND c.table_catalog = 'manager_restaurant' AND c.table_schema = CURRENT_SCHEMA() AND c.table_name = 'estoques'

2026/07/11 11:46:10 [32m/home/humberto/Aplicativos/Manager-Restaurante-main/backend/pkg/database/postgres.go:78
[0m[33m[0.218ms] [34;1m[rows:-][0m SELECT a.attname as column_name, format_type(a.atttypid, a.atttypmod) AS data_type
		FROM pg_attribute a JOIN pg_class b ON a.attrelid = b.oid AND relnamespace = (SELECT oid FROM pg_catalog.pg_namespace WHERE nspname = CURRENT_SCHEMA())
		WHERE a.attnum > 0 -- hide internal columns
		AND NOT a.attisdropped -- hide deleted columns
		AND b.relname = 'estoques'

2026/07/11 11:46:10 [32m/home/humberto/Aplicativos/Manager-Restaurante-main/backend/pkg/database/postgres.go:78
[0m[33m[0.431ms] [34;1m[rows:0][0m SELECT description FROM pg_catalog.pg_description WHERE objsubid = (SELECT ordinal_position FROM information_schema.columns WHERE table_schema = CURRENT_SCHEMA() AND table_name = 'estoques' AND column_name = 'id') AND objoid = (SELECT oid FROM pg_catalog.pg_class WHERE relname = 'estoques' AND relnamespace = (SELECT oid FROM pg_catalog.pg_namespace WHERE nspname = CURRENT_SCHEMA()))

2026/07/11 11:46:10 [32m/home/humberto/Aplicativos/Manager-Restaurante-main/backend/pkg/database/postgres.go:78
[0m[33m[0.419ms] [34;1m[rows:0][0m SELECT description FROM pg_catalog.pg_description WHERE objsubid = (SELECT ordinal_position FROM information_schema.columns WHERE table_schema = CURRENT_SCHEMA() AND table_name = 'estoques' AND column_name = 'tenant_id') AND objoid = (SELECT oid FROM pg_catalog.pg_class WHERE relname = 'estoques' AND relnamespace = (SELECT oid FROM pg_catalog.pg_namespace WHERE nspname = CURRENT_SCHEMA()))

2026/07/11 11:46:10 [32m/home/humberto/Aplicativos/Manager-Restaurante-main/backend/pkg/database/postgres.go:78
[0m[33m[0.413ms] [34;1m[rows:0][0m SELECT description FROM pg_catalog.pg_description WHERE objsubid = (SELECT ordinal_position FROM information_schema.columns WHERE table_schema = CURRENT_SCHEMA() AND table_name = 'estoques' AND column_name = 'produto_id') AND objoid = (SELECT oid FROM pg_catalog.pg_class WHERE relname = 'estoques' AND relnamespace = (SELECT oid FROM pg_catalog.pg_namespace WHERE nspname = CURRENT_SCHEMA()))

2026/07/11 11:46:10 [32m
[0m[33m[0.108ms] [34;1m[rows:1][0m SELECT CURRENT_DATABASE()

2026/07/11 11:46:10 [32m
[0m[33m[1.288ms] [34;1m[rows:-][0m SELECT c.column_name, c.is_nullable = 'YES', c.udt_name, c.character_maximum_length, c.numeric_precision, c.numeric_precision_radix, c.numeric_scale, c.datetime_precision, 8 * typlen, c.column_default, pd.description, c.identity_increment FROM information_schema.columns AS c JOIN pg_type AS pgt ON c.udt_name = pgt.typname LEFT JOIN pg_catalog.pg_description as pd ON pd.objsubid = c.ordinal_position AND pd.objoid = (SELECT oid FROM pg_catalog.pg_class WHERE relname = c.table_name AND relnamespace = (SELECT oid FROM pg_catalog.pg_namespace WHERE nspname = c.table_schema)) where table_catalog = 'manager_restaurant' AND table_schema = CURRENT_SCHEMA() AND table_name = 'estoques'

2026/07/11 11:46:10 [32m
[0m[33m[0.437ms] [34;1m[rows:-][0m SELECT * FROM "estoques" LIMIT 5

2026/07/11 11:46:10 [32m
[0m[33m[0.843ms] [34;1m[rows:-][0m SELECT constraint_name FROM information_schema.table_constraints tc JOIN information_schema.constraint_column_usage AS ccu USING (constraint_schema, constraint_catalog, table_name, constraint_name) JOIN information_schema.columns AS c ON c.table_schema = tc.constraint_schema AND tc.table_name = c.table_name AND ccu.column_name = c.column_name WHERE constraint_type IN ('PRIMARY KEY', 'UNIQUE') AND c.table_catalog = 'manager_restaurant' AND c.table_schema = CURRENT_SCHEMA() AND c.table_name = 'estoques' AND constraint_type = 'UNIQUE'

2026/07/11 11:46:10 [32m
[0m[33m[0.898ms] [34;1m[rows:-][0m SELECT c.column_name, constraint_name, constraint_type FROM information_schema.table_constraints tc JOIN information_schema.constraint_column_usage AS ccu USING (constraint_schema, constraint_catalog, table_name, constraint_name) JOIN information_schema.columns AS c ON c.table_schema = tc.constraint_schema AND tc.table_name = c.table_name AND ccu.column_name = c.column_name WHERE constraint_type IN ('PRIMARY KEY', 'UNIQUE') AND c.table_catalog = 'manager_restaurant' AND c.table_schema = CURRENT_SCHEMA() AND c.table_name = 'estoques'

2026/07/11 11:46:10 [32m
[0m[33m[0.177ms] [34;1m[rows:-][0m SELECT a.attname as column_name, format_type(a.atttypid, a.atttypmod) AS data_type
		FROM pg_attribute a JOIN pg_class b ON a.attrelid = b.oid AND relnamespace = (SELECT oid FROM pg_catalog.pg_namespace WHERE nspname = CURRENT_SCHEMA())
		WHERE a.attnum > 0 -- hide internal columns
		AND NOT a.attisdropped -- hide deleted columns
		AND b.relname = 'estoques'

2026/07/11 11:46:10 [32m
[0m[33m[1.423ms] [34;1m[rows:0][0m ALTER TABLE "estoques" ALTER COLUMN "quantidade" TYPE numeric(10,3) USING "quantidade"::numeric(10,3)

2026/07/11 11:46:10 [32m/home/humberto/Aplicativos/Manager-Restaurante-main/backend/pkg/database/postgres.go:78
[0m[33m[1.061ms] [34;1m[rows:0][0m ALTER TABLE "estoques" ALTER COLUMN "quantidade" SET DEFAULT 0

2026/07/11 11:46:10 [32m/home/humberto/Aplicativos/Manager-Restaurante-main/backend/pkg/database/postgres.go:78
[0m[33m[0.427ms] [34;1m[rows:0][0m SELECT description FROM pg_catalog.pg_description WHERE objsubid = (SELECT ordinal_position FROM information_schema.columns WHERE table_schema = CURRENT_SCHEMA() AND table_name = 'estoques' AND column_name = 'quantidade') AND objoid = (SELECT oid FROM pg_catalog.pg_class WHERE relname = 'estoques' AND relnamespace = (SELECT oid FROM pg_catalog.pg_namespace WHERE nspname = CURRENT_SCHEMA()))

2026/07/11 11:46:10 [32m
[0m[33m[0.089ms] [34;1m[rows:1][0m SELECT CURRENT_DATABASE()

2026/07/11 11:46:10 [32m
[0m[33m[1.409ms] [34;1m[rows:-][0m SELECT c.column_name, c.is_nullable = 'YES', c.udt_name, c.character_maximum_length, c.numeric_precision, c.numeric_precision_radix, c.numeric_scale, c.datetime_precision, 8 * typlen, c.column_default, pd.description, c.identity_increment FROM information_schema.columns AS c JOIN pg_type AS pgt ON c.udt_name = pgt.typname LEFT JOIN pg_catalog.pg_description as pd ON pd.objsubid = c.ordinal_position AND pd.objoid = (SELECT oid FROM pg_catalog.pg_class WHERE relname = c.table_name AND relnamespace = (SELECT oid FROM pg_catalog.pg_namespace WHERE nspname = c.table_schema)) where table_catalog = 'manager_restaurant' AND table_schema = CURRENT_SCHEMA() AND table_name = 'estoques'

2026/07/11 11:46:10 [32m
[0m[33m[0.238ms] [34;1m[rows:-][0m SELECT * FROM "estoques" LIMIT 5

2026/07/11 11:46:10 [32m
[0m[33m[0.844ms] [34;1m[rows:-][0m SELECT constraint_name FROM information_schema.table_constraints tc JOIN information_schema.constraint_column_usage AS ccu USING (constraint_schema, constraint_catalog, table_name, constraint_name) JOIN information_schema.columns AS c ON c.table_schema = tc.constraint_schema AND tc.table_name = c.table_name AND ccu.column_name = c.column_name WHERE constraint_type IN ('PRIMARY KEY', 'UNIQUE') AND c.table_catalog = 'manager_restaurant' AND c.table_schema = CURRENT_SCHEMA() AND c.table_name = 'estoques' AND constraint_type = 'UNIQUE'

2026/07/11 11:46:10 [32m
[0m[33m[0.993ms] [34;1m[rows:-][0m SELECT c.column_name, constraint_name, constraint_type FROM information_schema.table_constraints tc JOIN information_schema.constraint_column_usage AS ccu USING (constraint_schema, constraint_catalog, table_name, constraint_name) JOIN information_schema.columns AS c ON c.table_schema = tc.constraint_schema AND tc.table_name = c.table_name AND ccu.column_name = c.column_name WHERE constraint_type IN ('PRIMARY KEY', 'UNIQUE') AND c.table_catalog = 'manager_restaurant' AND c.table_schema = CURRENT_SCHEMA() AND c.table_name = 'estoques'

2026/07/11 11:46:10 [32m
[0m[33m[0.204ms] [34;1m[rows:-][0m SELECT a.attname as column_name, format_type(a.atttypid, a.atttypmod) AS data_type
		FROM pg_attribute a JOIN pg_class b ON a.attrelid = b.oid AND relnamespace = (SELECT oid FROM pg_catalog.pg_namespace WHERE nspname = CURRENT_SCHEMA())
		WHERE a.attnum > 0 -- hide internal columns
		AND NOT a.attisdropped -- hide deleted columns
		AND b.relname = 'estoques'

2026/07/11 11:46:10 [32m
[0m[33m[1.298ms] [34;1m[rows:0][0m ALTER TABLE "estoques" ALTER COLUMN "minimo" TYPE numeric(10,3) USING "minimo"::numeric(10,3)

2026/07/11 11:46:10 [32m/home/humberto/Aplicativos/Manager-Restaurante-main/backend/pkg/database/postgres.go:78
[0m[33m[1.070ms] [34;1m[rows:0][0m ALTER TABLE "estoques" ALTER COLUMN "minimo" SET DEFAULT 0

2026/07/11 11:46:10 [32m/home/humberto/Aplicativos/Manager-Restaurante-main/backend/pkg/database/postgres.go:78
[0m[33m[0.451ms] [34;1m[rows:0][0m SELECT description FROM pg_catalog.pg_description WHERE objsubid = (SELECT ordinal_position FROM information_schema.columns WHERE table_schema = CURRENT_SCHEMA() AND table_name = 'estoques' AND column_name = 'minimo') AND objoid = (SELECT oid FROM pg_catalog.pg_class WHERE relname = 'estoques' AND relnamespace = (SELECT oid FROM pg_catalog.pg_namespace WHERE nspname = CURRENT_SCHEMA()))

2026/07/11 11:46:10 [32m/home/humberto/Aplicativos/Manager-Restaurante-main/backend/pkg/database/postgres.go:78
[0m[33m[0.411ms] [34;1m[rows:0][0m SELECT description FROM pg_catalog.pg_description WHERE objsubid = (SELECT ordinal_position FROM information_schema.columns WHERE table_schema = CURRENT_SCHEMA() AND table_name = 'estoques' AND column_name = 'alerta') AND objoid = (SELECT oid FROM pg_catalog.pg_class WHERE relname = 'estoques' AND relnamespace = (SELECT oid FROM pg_catalog.pg_namespace WHERE nspname = CURRENT_SCHEMA()))

2026/07/11 11:46:10 [32m/home/humberto/Aplicativos/Manager-Restaurante-main/backend/pkg/database/postgres.go:78
[0m[33m[0.406ms] [34;1m[rows:0][0m SELECT description FROM pg_catalog.pg_description WHERE objsubid = (SELECT ordinal_position FROM information_schema.columns WHERE table_schema = CURRENT_SCHEMA() AND table_name = 'estoques' AND column_name = 'created_at') AND objoid = (SELECT oid FROM pg_catalog.pg_class WHERE relname = 'estoques' AND relnamespace = (SELECT oid FROM pg_catalog.pg_namespace WHERE nspname = CURRENT_SCHEMA()))

2026/07/11 11:46:10 [32m/home/humberto/Aplicativos/Manager-Restaurante-main/backend/pkg/database/postgres.go:78
[0m[33m[0.396ms] [34;1m[rows:0][0m SELECT description FROM pg_catalog.pg_description WHERE objsubid = (SELECT ordinal_position FROM information_schema.columns WHERE table_schema = CURRENT_SCHEMA() AND table_name = 'estoques' AND column_name = 'updated_at') AND objoid = (SELECT oid FROM pg_catalog.pg_class WHERE relname = 'estoques' AND relnamespace = (SELECT oid FROM pg_catalog.pg_namespace WHERE nspname = CURRENT_SCHEMA()))

2026/07/11 11:46:10 [32m/home/humberto/Aplicativos/Manager-Restaurante-main/backend/pkg/database/postgres.go:78
[0m[33m[0.217ms] [34;1m[rows:1][0m SELECT count(*) FROM pg_indexes WHERE tablename = 'estoques' AND indexname = 'idx_estoques_tenant_id' AND schemaname = CURRENT_SCHEMA()

2026/07/11 11:46:10 [32m/home/humberto/Aplicativos/Manager-Restaurante-main/backend/pkg/database/postgres.go:78
[0m[33m[0.200ms] [34;1m[rows:1][0m SELECT count(*) FROM pg_indexes WHERE tablename = 'estoques' AND indexname = 'idx_tenant_prod' AND schemaname = CURRENT_SCHEMA()

2026/07/11 11:46:10 [32m/home/humberto/Aplicativos/Manager-Restaurante-main/backend/pkg/database/postgres.go:78
[0m[33m[0.182ms] [34;1m[rows:1][0m SELECT count(*) FROM information_schema.tables WHERE table_schema = CURRENT_SCHEMA() AND table_name = 'movimentacao_estoques' AND table_type = 'BASE TABLE'

2026/07/11 11:46:10 [32m/home/humberto/Aplicativos/Manager-Restaurante-main/backend/pkg/database/postgres.go:78
[0m[33m[0.083ms] [34;1m[rows:1][0m SELECT CURRENT_DATABASE()

2026/07/11 11:46:10 [32m/home/humberto/Aplicativos/Manager-Restaurante-main/backend/pkg/database/postgres.go:78
[0m[33m[1.463ms] [34;1m[rows:-][0m SELECT c.column_name, c.is_nullable = 'YES', c.udt_name, c.character_maximum_length, c.numeric_precision, c.numeric_precision_radix, c.numeric_scale, c.datetime_precision, 8 * typlen, c.column_default, pd.description, c.identity_increment FROM information_schema.columns AS c JOIN pg_type AS pgt ON c.udt_name = pgt.typname LEFT JOIN pg_catalog.pg_description as pd ON pd.objsubid = c.ordinal_position AND pd.objoid = (SELECT oid FROM pg_catalog.pg_class WHERE relname = c.table_name AND relnamespace = (SELECT oid FROM pg_catalog.pg_namespace WHERE nspname = c.table_schema)) where table_catalog = 'manager_restaurant' AND table_schema = CURRENT_SCHEMA() AND table_name = 'movimentacao_estoques'

2026/07/11 11:46:10 [32m/home/humberto/Aplicativos/Manager-Restaurante-main/backend/pkg/database/postgres.go:78
[0m[33m[0.937ms] [34;1m[rows:-][0m SELECT * FROM "movimentacao_estoques" LIMIT 5

2026/07/11 11:46:10 [32m/home/humberto/Aplicativos/Manager-Restaurante-main/backend/pkg/database/postgres.go:78
[0m[33m[0.921ms] [34;1m[rows:-][0m SELECT constraint_name FROM information_schema.table_constraints tc JOIN information_schema.constraint_column_usage AS ccu USING (constraint_schema, constraint_catalog, table_name, constraint_name) JOIN information_schema.columns AS c ON c.table_schema = tc.constraint_schema AND tc.table_name = c.table_name AND ccu.column_name = c.column_name WHERE constraint_type IN ('PRIMARY KEY', 'UNIQUE') AND c.table_catalog = 'manager_restaurant' AND c.table_schema = CURRENT_SCHEMA() AND c.table_name = 'movimentacao_estoques' AND constraint_type = 'UNIQUE'

2026/07/11 11:46:10 [32m/home/humberto/Aplicativos/Manager-Restaurante-main/backend/pkg/database/postgres.go:78
[0m[33m[0.939ms] [34;1m[rows:-][0m SELECT c.column_name, constraint_name, constraint_type FROM information_schema.table_constraints tc JOIN information_schema.constraint_column_usage AS ccu USING (constraint_schema, constraint_catalog, table_name, constraint_name) JOIN information_schema.columns AS c ON c.table_schema = tc.constraint_schema AND tc.table_name = c.table_name AND ccu.column_name = c.column_name WHERE constraint_type IN ('PRIMARY KEY', 'UNIQUE') AND c.table_catalog = 'manager_restaurant' AND c.table_schema = CURRENT_SCHEMA() AND c.table_name = 'movimentacao_estoques'

2026/07/11 11:46:10 [32m/home/humberto/Aplicativos/Manager-Restaurante-main/backend/pkg/database/postgres.go:78
[0m[33m[0.190ms] [34;1m[rows:-][0m SELECT a.attname as column_name, format_type(a.atttypid, a.atttypmod) AS data_type
		FROM pg_attribute a JOIN pg_class b ON a.attrelid = b.oid AND relnamespace = (SELECT oid FROM pg_catalog.pg_namespace WHERE nspname = CURRENT_SCHEMA())
		WHERE a.attnum > 0 -- hide internal columns
		AND NOT a.attisdropped -- hide deleted columns
		AND b.relname = 'movimentacao_estoques'

2026/07/11 11:46:10 [32m/home/humberto/Aplicativos/Manager-Restaurante-main/backend/pkg/database/postgres.go:78
[0m[33m[0.487ms] [34;1m[rows:0][0m SELECT description FROM pg_catalog.pg_description WHERE objsubid = (SELECT ordinal_position FROM information_schema.columns WHERE table_schema = CURRENT_SCHEMA() AND table_name = 'movimentacao_estoques' AND column_name = 'id') AND objoid = (SELECT oid FROM pg_catalog.pg_class WHERE relname = 'movimentacao_estoques' AND relnamespace = (SELECT oid FROM pg_catalog.pg_namespace WHERE nspname = CURRENT_SCHEMA()))

2026/07/11 11:46:10 [32m/home/humberto/Aplicativos/Manager-Restaurante-main/backend/pkg/database/postgres.go:78
[0m[33m[0.563ms] [34;1m[rows:0][0m SELECT description FROM pg_catalog.pg_description WHERE objsubid = (SELECT ordinal_position FROM information_schema.columns WHERE table_schema = CURRENT_SCHEMA() AND table_name = 'movimentacao_estoques' AND column_name = 'tenant_id') AND objoid = (SELECT oid FROM pg_catalog.pg_class WHERE relname = 'movimentacao_estoques' AND relnamespace = (SELECT oid FROM pg_catalog.pg_namespace WHERE nspname = CURRENT_SCHEMA()))

2026/07/11 11:46:10 [32m/home/humberto/Aplicativos/Manager-Restaurante-main/backend/pkg/database/postgres.go:78
[0m[33m[0.629ms] [34;1m[rows:0][0m SELECT description FROM pg_catalog.pg_description WHERE objsubid = (SELECT ordinal_position FROM information_schema.columns WHERE table_schema = CURRENT_SCHEMA() AND table_name = 'movimentacao_estoques' AND column_name = 'produto_id') AND objoid = (SELECT oid FROM pg_catalog.pg_class WHERE relname = 'movimentacao_estoques' AND relnamespace = (SELECT oid FROM pg_catalog.pg_namespace WHERE nspname = CURRENT_SCHEMA()))

2026/07/11 11:46:10 [32m/home/humberto/Aplicativos/Manager-Restaurante-main/backend/pkg/database/postgres.go:78
[0m[33m[0.419ms] [34;1m[rows:0][0m SELECT description FROM pg_catalog.pg_description WHERE objsubid = (SELECT ordinal_position FROM information_schema.columns WHERE table_schema = CURRENT_SCHEMA() AND table_name = 'movimentacao_estoques' AND column_name = 'quantidade') AND objoid = (SELECT oid FROM pg_catalog.pg_class WHERE relname = 'movimentacao_estoques' AND relnamespace = (SELECT oid FROM pg_catalog.pg_namespace WHERE nspname = CURRENT_SCHEMA()))

2026/07/11 11:46:10 [32m/home/humberto/Aplicativos/Manager-Restaurante-main/backend/pkg/database/postgres.go:78
[0m[33m[0.515ms] [34;1m[rows:0][0m SELECT description FROM pg_catalog.pg_description WHERE objsubid = (SELECT ordinal_position FROM information_schema.columns WHERE table_schema = CURRENT_SCHEMA() AND table_name = 'movimentacao_estoques' AND column_name = 'tipo') AND objoid = (SELECT oid FROM pg_catalog.pg_class WHERE relname = 'movimentacao_estoques' AND relnamespace = (SELECT oid FROM pg_catalog.pg_namespace WHERE nspname = CURRENT_SCHEMA()))

2026/07/11 11:46:10 [32m/home/humberto/Aplicativos/Manager-Restaurante-main/backend/pkg/database/postgres.go:78
[0m[33m[0.405ms] [34;1m[rows:0][0m SELECT description FROM pg_catalog.pg_description WHERE objsubid = (SELECT ordinal_position FROM information_schema.columns WHERE table_schema = CURRENT_SCHEMA() AND table_name = 'movimentacao_estoques' AND column_name = 'motivo') AND objoid = (SELECT oid FROM pg_catalog.pg_class WHERE relname = 'movimentacao_estoques' AND relnamespace = (SELECT oid FROM pg_catalog.pg_namespace WHERE nspname = CURRENT_SCHEMA()))

2026/07/11 11:46:10 [32m/home/humberto/Aplicativos/Manager-Restaurante-main/backend/pkg/database/postgres.go:78
[0m[33m[0.393ms] [34;1m[rows:0][0m SELECT description FROM pg_catalog.pg_description WHERE objsubid = (SELECT ordinal_position FROM information_schema.columns WHERE table_schema = CURRENT_SCHEMA() AND table_name = 'movimentacao_estoques' AND column_name = 'usuario_id') AND objoid = (SELECT oid FROM pg_catalog.pg_class WHERE relname = 'movimentacao_estoques' AND relnamespace = (SELECT oid FROM pg_catalog.pg_namespace WHERE nspname = CURRENT_SCHEMA()))

2026/07/11 11:46:10 [32m/home/humberto/Aplicativos/Manager-Restaurante-main/backend/pkg/database/postgres.go:78
[0m[33m[0.372ms] [34;1m[rows:0][0m SELECT description FROM pg_catalog.pg_description WHERE objsubid = (SELECT ordinal_position FROM information_schema.columns WHERE table_schema = CURRENT_SCHEMA() AND table_name = 'movimentacao_estoques' AND column_name = 'created_at') AND objoid = (SELECT oid FROM pg_catalog.pg_class WHERE relname = 'movimentacao_estoques' AND relnamespace = (SELECT oid FROM pg_catalog.pg_namespace WHERE nspname = CURRENT_SCHEMA()))

2026/07/11 11:46:10 [32m/home/humberto/Aplicativos/Manager-Restaurante-main/backend/pkg/database/postgres.go:78
[0m[33m[0.236ms] [34;1m[rows:1][0m SELECT count(*) FROM pg_indexes WHERE tablename = 'movimentacao_estoques' AND indexname = 'idx_movimentacao_estoques_tenant_id' AND schemaname = CURRENT_SCHEMA()

2026/07/11 11:46:10 [32m/home/humberto/Aplicativos/Manager-Restaurante-main/backend/pkg/database/postgres.go:78
[0m[33m[0.177ms] [34;1m[rows:1][0m SELECT count(*) FROM information_schema.tables WHERE table_schema = CURRENT_SCHEMA() AND table_name = 'clientes' AND table_type = 'BASE TABLE'

2026/07/11 11:46:10 [32m/home/humberto/Aplicativos/Manager-Restaurante-main/backend/pkg/database/postgres.go:78
[0m[33m[0.784ms] [34;1m[rows:1][0m SELECT CURRENT_DATABASE()

2026/07/11 11:46:10 [32m/home/humberto/Aplicativos/Manager-Restaurante-main/backend/pkg/database/postgres.go:78
[0m[33m[1.491ms] [34;1m[rows:-][0m SELECT c.column_name, c.is_nullable = 'YES', c.udt_name, c.character_maximum_length, c.numeric_precision, c.numeric_precision_radix, c.numeric_scale, c.datetime_precision, 8 * typlen, c.column_default, pd.description, c.identity_increment FROM information_schema.columns AS c JOIN pg_type AS pgt ON c.udt_name = pgt.typname LEFT JOIN pg_catalog.pg_description as pd ON pd.objsubid = c.ordinal_position AND pd.objoid = (SELECT oid FROM pg_catalog.pg_class WHERE relname = c.table_name AND relnamespace = (SELECT oid FROM pg_catalog.pg_namespace WHERE nspname = c.table_schema)) where table_catalog = 'manager_restaurant' AND table_schema = CURRENT_SCHEMA() AND table_name = 'clientes'

2026/07/11 11:46:10 [32m/home/humberto/Aplicativos/Manager-Restaurante-main/backend/pkg/database/postgres.go:78
[0m[33m[0.935ms] [34;1m[rows:-][0m SELECT * FROM "clientes" LIMIT 5

2026/07/11 11:46:10 [32m/home/humberto/Aplicativos/Manager-Restaurante-main/backend/pkg/database/postgres.go:78
[0m[33m[1.144ms] [34;1m[rows:-][0m SELECT constraint_name FROM information_schema.table_constraints tc JOIN information_schema.constraint_column_usage AS ccu USING (constraint_schema, constraint_catalog, table_name, constraint_name) JOIN information_schema.columns AS c ON c.table_schema = tc.constraint_schema AND tc.table_name = c.table_name AND ccu.column_name = c.column_name WHERE constraint_type IN ('PRIMARY KEY', 'UNIQUE') AND c.table_catalog = 'manager_restaurant' AND c.table_schema = CURRENT_SCHEMA() AND c.table_name = 'clientes' AND constraint_type = 'UNIQUE'

2026/07/11 11:46:10 [32m/home/humberto/Aplicativos/Manager-Restaurante-main/backend/pkg/database/postgres.go:78
[0m[33m[0.900ms] [34;1m[rows:-][0m SELECT c.column_name, constraint_name, constraint_type FROM information_schema.table_constraints tc JOIN information_schema.constraint_column_usage AS ccu USING (constraint_schema, constraint_catalog, table_name, constraint_name) JOIN information_schema.columns AS c ON c.table_schema = tc.constraint_schema AND tc.table_name = c.table_name AND ccu.column_name = c.column_name WHERE constraint_type IN ('PRIMARY KEY', 'UNIQUE') AND c.table_catalog = 'manager_restaurant' AND c.table_schema = CURRENT_SCHEMA() AND c.table_name = 'clientes'

2026/07/11 11:46:10 [32m/home/humberto/Aplicativos/Manager-Restaurante-main/backend/pkg/database/postgres.go:78
[0m[33m[0.180ms] [34;1m[rows:-][0m SELECT a.attname as column_name, format_type(a.atttypid, a.atttypmod) AS data_type
		FROM pg_attribute a JOIN pg_class b ON a.attrelid = b.oid AND relnamespace = (SELECT oid FROM pg_catalog.pg_namespace WHERE nspname = CURRENT_SCHEMA())
		WHERE a.attnum > 0 -- hide internal columns
		AND NOT a.attisdropped -- hide deleted columns
		AND b.relname = 'clientes'

2026/07/11 11:46:10 [32m/home/humberto/Aplicativos/Manager-Restaurante-main/backend/pkg/database/postgres.go:78
[0m[33m[0.386ms] [34;1m[rows:0][0m SELECT description FROM pg_catalog.pg_description WHERE objsubid = (SELECT ordinal_position FROM information_schema.columns WHERE table_schema = CURRENT_SCHEMA() AND table_name = 'clientes' AND column_name = 'id') AND objoid = (SELECT oid FROM pg_catalog.pg_class WHERE relname = 'clientes' AND relnamespace = (SELECT oid FROM pg_catalog.pg_namespace WHERE nspname = CURRENT_SCHEMA()))

2026/07/11 11:46:10 [32m/home/humberto/Aplicativos/Manager-Restaurante-main/backend/pkg/database/postgres.go:78
[0m[33m[0.382ms] [34;1m[rows:0][0m SELECT description FROM pg_catalog.pg_description WHERE objsubid = (SELECT ordinal_position FROM information_schema.columns WHERE table_schema = CURRENT_SCHEMA() AND table_name = 'clientes' AND column_name = 'tenant_id') AND objoid = (SELECT oid FROM pg_catalog.pg_class WHERE relname = 'clientes' AND relnamespace = (SELECT oid FROM pg_catalog.pg_namespace WHERE nspname = CURRENT_SCHEMA()))

2026/07/11 11:46:10 [32m/home/humberto/Aplicativos/Manager-Restaurante-main/backend/pkg/database/postgres.go:78
[0m[33m[0.375ms] [34;1m[rows:0][0m SELECT description FROM pg_catalog.pg_description WHERE objsubid = (SELECT ordinal_position FROM information_schema.columns WHERE table_schema = CURRENT_SCHEMA() AND table_name = 'clientes' AND column_name = 'nome') AND objoid = (SELECT oid FROM pg_catalog.pg_class WHERE relname = 'clientes' AND relnamespace = (SELECT oid FROM pg_catalog.pg_namespace WHERE nspname = CURRENT_SCHEMA()))

2026/07/11 11:46:10 [32m/home/humberto/Aplicativos/Manager-Restaurante-main/backend/pkg/database/postgres.go:78
[0m[33m[0.395ms] [34;1m[rows:0][0m SELECT description FROM pg_catalog.pg_description WHERE objsubid = (SELECT ordinal_position FROM information_schema.columns WHERE table_schema = CURRENT_SCHEMA() AND table_name = 'clientes' AND column_name = 'telefone') AND objoid = (SELECT oid FROM pg_catalog.pg_class WHERE relname = 'clientes' AND relnamespace = (SELECT oid FROM pg_catalog.pg_namespace WHERE nspname = CURRENT_SCHEMA()))

2026/07/11 11:46:10 [32m/home/humberto/Aplicativos/Manager-Restaurante-main/backend/pkg/database/postgres.go:78
[0m[33m[0.428ms] [34;1m[rows:0][0m SELECT description FROM pg_catalog.pg_description WHERE objsubid = (SELECT ordinal_position FROM information_schema.columns WHERE table_schema = CURRENT_SCHEMA() AND table_name = 'clientes' AND column_name = 'email') AND objoid = (SELECT oid FROM pg_catalog.pg_class WHERE relname = 'clientes' AND relnamespace = (SELECT oid FROM pg_catalog.pg_namespace WHERE nspname = CURRENT_SCHEMA()))

2026/07/11 11:46:10 [32m/home/humberto/Aplicativos/Manager-Restaurante-main/backend/pkg/database/postgres.go:78
[0m[33m[0.406ms] [34;1m[rows:0][0m SELECT description FROM pg_catalog.pg_description WHERE objsubid = (SELECT ordinal_position FROM information_schema.columns WHERE table_schema = CURRENT_SCHEMA() AND table_name = 'clientes' AND column_name = 'endereco') AND objoid = (SELECT oid FROM pg_catalog.pg_class WHERE relname = 'clientes' AND relnamespace = (SELECT oid FROM pg_catalog.pg_namespace WHERE nspname = CURRENT_SCHEMA()))

2026/07/11 11:46:10 [32m/home/humberto/Aplicativos/Manager-Restaurante-main/backend/pkg/database/postgres.go:78
[0m[33m[0.387ms] [34;1m[rows:0][0m SELECT description FROM pg_catalog.pg_description WHERE objsubid = (SELECT ordinal_position FROM information_schema.columns WHERE table_schema = CURRENT_SCHEMA() AND table_name = 'clientes' AND column_name = 'created_at') AND objoid = (SELECT oid FROM pg_catalog.pg_class WHERE relname = 'clientes' AND relnamespace = (SELECT oid FROM pg_catalog.pg_namespace WHERE nspname = CURRENT_SCHEMA()))

2026/07/11 11:46:10 [32m/home/humberto/Aplicativos/Manager-Restaurante-main/backend/pkg/database/postgres.go:78
[0m[33m[0.383ms] [34;1m[rows:0][0m SELECT description FROM pg_catalog.pg_description WHERE objsubid = (SELECT ordinal_position FROM information_schema.columns WHERE table_schema = CURRENT_SCHEMA() AND table_name = 'clientes' AND column_name = 'updated_at') AND objoid = (SELECT oid FROM pg_catalog.pg_class WHERE relname = 'clientes' AND relnamespace = (SELECT oid FROM pg_catalog.pg_namespace WHERE nspname = CURRENT_SCHEMA()))

2026/07/11 11:46:10 [32m/home/humberto/Aplicativos/Manager-Restaurante-main/backend/pkg/database/postgres.go:78
[0m[33m[0.202ms] [34;1m[rows:1][0m SELECT count(*) FROM pg_indexes WHERE tablename = 'clientes' AND indexname = 'idx_clientes_tenant_id' AND schemaname = CURRENT_SCHEMA()

2026/07/11 11:46:10 [32m/home/humberto/Aplicativos/Manager-Restaurante-main/backend/pkg/database/postgres.go:78
[0m[33m[0.209ms] [34;1m[rows:1][0m SELECT count(*) FROM pg_indexes WHERE tablename = 'clientes' AND indexname = 'idx_clientes_telefone' AND schemaname = CURRENT_SCHEMA()

2026/07/11 11:46:10 [32m/home/humberto/Aplicativos/Manager-Restaurante-main/backend/pkg/database/postgres.go:78
[0m[33m[0.189ms] [34;1m[rows:1][0m SELECT count(*) FROM information_schema.tables WHERE table_schema = CURRENT_SCHEMA() AND table_name = 'entregadors' AND table_type = 'BASE TABLE'

2026/07/11 11:46:10 [32m/home/humberto/Aplicativos/Manager-Restaurante-main/backend/pkg/database/postgres.go:78
[0m[33m[0.096ms] [34;1m[rows:1][0m SELECT CURRENT_DATABASE()

2026/07/11 11:46:10 [32m/home/humberto/Aplicativos/Manager-Restaurante-main/backend/pkg/database/postgres.go:78
[0m[33m[1.499ms] [34;1m[rows:-][0m SELECT c.column_name, c.is_nullable = 'YES', c.udt_name, c.character_maximum_length, c.numeric_precision, c.numeric_precision_radix, c.numeric_scale, c.datetime_precision, 8 * typlen, c.column_default, pd.description, c.identity_increment FROM information_schema.columns AS c JOIN pg_type AS pgt ON c.udt_name = pgt.typname LEFT JOIN pg_catalog.pg_description as pd ON pd.objsubid = c.ordinal_position AND pd.objoid = (SELECT oid FROM pg_catalog.pg_class WHERE relname = c.table_name AND relnamespace = (SELECT oid FROM pg_catalog.pg_namespace WHERE nspname = c.table_schema)) where table_catalog = 'manager_restaurant' AND table_schema = CURRENT_SCHEMA() AND table_name = 'entregadors'

2026/07/11 11:46:10 [32m/home/humberto/Aplicativos/Manager-Restaurante-main/backend/pkg/database/postgres.go:78
[0m[33m[0.790ms] [34;1m[rows:-][0m SELECT * FROM "entregadors" LIMIT 5

2026/07/11 11:46:10 [32m/home/humberto/Aplicativos/Manager-Restaurante-main/backend/pkg/database/postgres.go:78
[0m[33m[0.978ms] [34;1m[rows:-][0m SELECT constraint_name FROM information_schema.table_constraints tc JOIN information_schema.constraint_column_usage AS ccu USING (constraint_schema, constraint_catalog, table_name, constraint_name) JOIN information_schema.columns AS c ON c.table_schema = tc.constraint_schema AND tc.table_name = c.table_name AND ccu.column_name = c.column_name WHERE constraint_type IN ('PRIMARY KEY', 'UNIQUE') AND c.table_catalog = 'manager_restaurant' AND c.table_schema = CURRENT_SCHEMA() AND c.table_name = 'entregadors' AND constraint_type = 'UNIQUE'

2026/07/11 11:46:10 [32m/home/humberto/Aplicativos/Manager-Restaurante-main/backend/pkg/database/postgres.go:78
[0m[33m[0.928ms] [34;1m[rows:-][0m SELECT c.column_name, constraint_name, constraint_type FROM information_schema.table_constraints tc JOIN information_schema.constraint_column_usage AS ccu USING (constraint_schema, constraint_catalog, table_name, constraint_name) JOIN information_schema.columns AS c ON c.table_schema = tc.constraint_schema AND tc.table_name = c.table_name AND ccu.column_name = c.column_name WHERE constraint_type IN ('PRIMARY KEY', 'UNIQUE') AND c.table_catalog = 'manager_restaurant' AND c.table_schema = CURRENT_SCHEMA() AND c.table_name = 'entregadors'

2026/07/11 11:46:10 [32m/home/humberto/Aplicativos/Manager-Restaurante-main/backend/pkg/database/postgres.go:78
[0m[33m[0.190ms] [34;1m[rows:-][0m SELECT a.attname as column_name, format_type(a.atttypid, a.atttypmod) AS data_type
		FROM pg_attribute a JOIN pg_class b ON a.attrelid = b.oid AND relnamespace = (SELECT oid FROM pg_catalog.pg_namespace WHERE nspname = CURRENT_SCHEMA())
		WHERE a.attnum > 0 -- hide internal columns
		AND NOT a.attisdropped -- hide deleted columns
		AND b.relname = 'entregadors'

2026/07/11 11:46:10 [32m/home/humberto/Aplicativos/Manager-Restaurante-main/backend/pkg/database/postgres.go:78
[0m[33m[0.428ms] [34;1m[rows:0][0m SELECT description FROM pg_catalog.pg_description WHERE objsubid = (SELECT ordinal_position FROM information_schema.columns WHERE table_schema = CURRENT_SCHEMA() AND table_name = 'entregadors' AND column_name = 'id') AND objoid = (SELECT oid FROM pg_catalog.pg_class WHERE relname = 'entregadors' AND relnamespace = (SELECT oid FROM pg_catalog.pg_namespace WHERE nspname = CURRENT_SCHEMA()))

2026/07/11 11:46:10 [32m/home/humberto/Aplicativos/Manager-Restaurante-main/backend/pkg/database/postgres.go:78
[0m[33m[0.388ms] [34;1m[rows:0][0m SELECT description FROM pg_catalog.pg_description WHERE objsubid = (SELECT ordinal_position FROM information_schema.columns WHERE table_schema = CURRENT_SCHEMA() AND table_name = 'entregadors' AND column_name = 'tenant_id') AND objoid = (SELECT oid FROM pg_catalog.pg_class WHERE relname = 'entregadors' AND relnamespace = (SELECT oid FROM pg_catalog.pg_namespace WHERE nspname = CURRENT_SCHEMA()))

2026/07/11 11:46:10 [32m/home/humberto/Aplicativos/Manager-Restaurante-main/backend/pkg/database/postgres.go:78
[0m[33m[0.413ms] [34;1m[rows:0][0m SELECT description FROM pg_catalog.pg_description WHERE objsubid = (SELECT ordinal_position FROM information_schema.columns WHERE table_schema = CURRENT_SCHEMA() AND table_name = 'entregadors' AND column_name = 'nome') AND objoid = (SELECT oid FROM pg_catalog.pg_class WHERE relname = 'entregadors' AND relnamespace = (SELECT oid FROM pg_catalog.pg_namespace WHERE nspname = CURRENT_SCHEMA()))

2026/07/11 11:46:10 [32m/home/humberto/Aplicativos/Manager-Restaurante-main/backend/pkg/database/postgres.go:78
[0m[33m[0.375ms] [34;1m[rows:0][0m SELECT description FROM pg_catalog.pg_description WHERE objsubid = (SELECT ordinal_position FROM information_schema.columns WHERE table_schema = CURRENT_SCHEMA() AND table_name = 'entregadors' AND column_name = 'telefone') AND objoid = (SELECT oid FROM pg_catalog.pg_class WHERE relname = 'entregadors' AND relnamespace = (SELECT oid FROM pg_catalog.pg_namespace WHERE nspname = CURRENT_SCHEMA()))

2026/07/11 11:46:10 [32m/home/humberto/Aplicativos/Manager-Restaurante-main/backend/pkg/database/postgres.go:78
[0m[33m[0.399ms] [34;1m[rows:0][0m SELECT description FROM pg_catalog.pg_description WHERE objsubid = (SELECT ordinal_position FROM information_schema.columns WHERE table_schema = CURRENT_SCHEMA() AND table_name = 'entregadors' AND column_name = 'placa_veiculo') AND objoid = (SELECT oid FROM pg_catalog.pg_class WHERE relname = 'entregadors' AND relnamespace = (SELECT oid FROM pg_catalog.pg_namespace WHERE nspname = CURRENT_SCHEMA()))

2026/07/11 11:46:10 [32m/home/humberto/Aplicativos/Manager-Restaurante-main/backend/pkg/database/postgres.go:78
[0m[33m[0.377ms] [34;1m[rows:0][0m SELECT description FROM pg_catalog.pg_description WHERE objsubid = (SELECT ordinal_position FROM information_schema.columns WHERE table_schema = CURRENT_SCHEMA() AND table_name = 'entregadors' AND column_name = 'ativo') AND objoid = (SELECT oid FROM pg_catalog.pg_class WHERE relname = 'entregadors' AND relnamespace = (SELECT oid FROM pg_catalog.pg_namespace WHERE nspname = CURRENT_SCHEMA()))

2026/07/11 11:46:10 [32m/home/humberto/Aplicativos/Manager-Restaurante-main/backend/pkg/database/postgres.go:78
[0m[33m[0.403ms] [34;1m[rows:0][0m SELECT description FROM pg_catalog.pg_description WHERE objsubid = (SELECT ordinal_position FROM information_schema.columns WHERE table_schema = CURRENT_SCHEMA() AND table_name = 'entregadors' AND column_name = 'created_at') AND objoid = (SELECT oid FROM pg_catalog.pg_class WHERE relname = 'entregadors' AND relnamespace = (SELECT oid FROM pg_catalog.pg_namespace WHERE nspname = CURRENT_SCHEMA()))

2026/07/11 11:46:10 [32m/home/humberto/Aplicativos/Manager-Restaurante-main/backend/pkg/database/postgres.go:78
[0m[33m[0.379ms] [34;1m[rows:0][0m SELECT description FROM pg_catalog.pg_description WHERE objsubid = (SELECT ordinal_position FROM information_schema.columns WHERE table_schema = CURRENT_SCHEMA() AND table_name = 'entregadors' AND column_name = 'updated_at') AND objoid = (SELECT oid FROM pg_catalog.pg_class WHERE relname = 'entregadors' AND relnamespace = (SELECT oid FROM pg_catalog.pg_namespace WHERE nspname = CURRENT_SCHEMA()))

2026/07/11 11:46:10 [32m/home/humberto/Aplicativos/Manager-Restaurante-main/backend/pkg/database/postgres.go:78
[0m[33m[0.209ms] [34;1m[rows:1][0m SELECT count(*) FROM pg_indexes WHERE tablename = 'entregadors' AND indexname = 'idx_entregadors_tenant_id' AND schemaname = CURRENT_SCHEMA()

2026/07/11 11:46:10 [32m/home/humberto/Aplicativos/Manager-Restaurante-main/backend/pkg/database/postgres.go:78
[0m[33m[0.176ms] [34;1m[rows:1][0m SELECT count(*) FROM information_schema.tables WHERE table_schema = CURRENT_SCHEMA() AND table_name = 'ficha_tecnica_items' AND table_type = 'BASE TABLE'

2026/07/11 11:46:10 [32m/home/humberto/Aplicativos/Manager-Restaurante-main/backend/pkg/database/postgres.go:78
[0m[33m[0.108ms] [34;1m[rows:1][0m SELECT CURRENT_DATABASE()

2026/07/11 11:46:10 [32m/home/humberto/Aplicativos/Manager-Restaurante-main/backend/pkg/database/postgres.go:78
[0m[33m[1.623ms] [34;1m[rows:-][0m SELECT c.column_name, c.is_nullable = 'YES', c.udt_name, c.character_maximum_length, c.numeric_precision, c.numeric_precision_radix, c.numeric_scale, c.datetime_precision, 8 * typlen, c.column_default, pd.description, c.identity_increment FROM information_schema.columns AS c JOIN pg_type AS pgt ON c.udt_name = pgt.typname LEFT JOIN pg_catalog.pg_description as pd ON pd.objsubid = c.ordinal_position AND pd.objoid = (SELECT oid FROM pg_catalog.pg_class WHERE relname = c.table_name AND relnamespace = (SELECT oid FROM pg_catalog.pg_namespace WHERE nspname = c.table_schema)) where table_catalog = 'manager_restaurant' AND table_schema = CURRENT_SCHEMA() AND table_name = 'ficha_tecnica_items'

2026/07/11 11:46:10 [32m/home/humberto/Aplicativos/Manager-Restaurante-main/backend/pkg/database/postgres.go:78
[0m[33m[1.310ms] [34;1m[rows:-][0m SELECT * FROM "ficha_tecnica_items" LIMIT 5

2026/07/11 11:46:10 [32m/home/humberto/Aplicativos/Manager-Restaurante-main/backend/pkg/database/postgres.go:78
[0m[33m[0.844ms] [34;1m[rows:-][0m SELECT constraint_name FROM information_schema.table_constraints tc JOIN information_schema.constraint_column_usage AS ccu USING (constraint_schema, constraint_catalog, table_name, constraint_name) JOIN information_schema.columns AS c ON c.table_schema = tc.constraint_schema AND tc.table_name = c.table_name AND ccu.column_name = c.column_name WHERE constraint_type IN ('PRIMARY KEY', 'UNIQUE') AND c.table_catalog = 'manager_restaurant' AND c.table_schema = CURRENT_SCHEMA() AND c.table_name = 'ficha_tecnica_items' AND constraint_type = 'UNIQUE'

2026/07/11 11:46:10 [32m/home/humberto/Aplicativos/Manager-Restaurante-main/backend/pkg/database/postgres.go:78
[0m[33m[0.852ms] [34;1m[rows:-][0m SELECT c.column_name, constraint_name, constraint_type FROM information_schema.table_constraints tc JOIN information_schema.constraint_column_usage AS ccu USING (constraint_schema, constraint_catalog, table_name, constraint_name) JOIN information_schema.columns AS c ON c.table_schema = tc.constraint_schema AND tc.table_name = c.table_name AND ccu.column_name = c.column_name WHERE constraint_type IN ('PRIMARY KEY', 'UNIQUE') AND c.table_catalog = 'manager_restaurant' AND c.table_schema = CURRENT_SCHEMA() AND c.table_name = 'ficha_tecnica_items'

2026/07/11 11:46:10 [32m/home/humberto/Aplicativos/Manager-Restaurante-main/backend/pkg/database/postgres.go:78
[0m[33m[0.176ms] [34;1m[rows:-][0m SELECT a.attname as column_name, format_type(a.atttypid, a.atttypmod) AS data_type
		FROM pg_attribute a JOIN pg_class b ON a.attrelid = b.oid AND relnamespace = (SELECT oid FROM pg_catalog.pg_namespace WHERE nspname = CURRENT_SCHEMA())
		WHERE a.attnum > 0 -- hide internal columns
		AND NOT a.attisdropped -- hide deleted columns
		AND b.relname = 'ficha_tecnica_items'

2026/07/11 11:46:10 [32m/home/humberto/Aplicativos/Manager-Restaurante-main/backend/pkg/database/postgres.go:78
[0m[33m[0.417ms] [34;1m[rows:0][0m SELECT description FROM pg_catalog.pg_description WHERE objsubid = (SELECT ordinal_position FROM information_schema.columns WHERE table_schema = CURRENT_SCHEMA() AND table_name = 'ficha_tecnica_items' AND column_name = 'id') AND objoid = (SELECT oid FROM pg_catalog.pg_class WHERE relname = 'ficha_tecnica_items' AND relnamespace = (SELECT oid FROM pg_catalog.pg_namespace WHERE nspname = CURRENT_SCHEMA()))

2026/07/11 11:46:10 [32m/home/humberto/Aplicativos/Manager-Restaurante-main/backend/pkg/database/postgres.go:78
[0m[33m[0.404ms] [34;1m[rows:0][0m SELECT description FROM pg_catalog.pg_description WHERE objsubid = (SELECT ordinal_position FROM information_schema.columns WHERE table_schema = CURRENT_SCHEMA() AND table_name = 'ficha_tecnica_items' AND column_name = 'tenant_id') AND objoid = (SELECT oid FROM pg_catalog.pg_class WHERE relname = 'ficha_tecnica_items' AND relnamespace = (SELECT oid FROM pg_catalog.pg_namespace WHERE nspname = CURRENT_SCHEMA()))

2026/07/11 11:46:10 [32m/home/humberto/Aplicativos/Manager-Restaurante-main/backend/pkg/database/postgres.go:78
[0m[33m[0.386ms] [34;1m[rows:0][0m SELECT description FROM pg_catalog.pg_description WHERE objsubid = (SELECT ordinal_position FROM information_schema.columns WHERE table_schema = CURRENT_SCHEMA() AND table_name = 'ficha_tecnica_items' AND column_name = 'produto_id') AND objoid = (SELECT oid FROM pg_catalog.pg_class WHERE relname = 'ficha_tecnica_items' AND relnamespace = (SELECT oid FROM pg_catalog.pg_namespace WHERE nspname = CURRENT_SCHEMA()))

2026/07/11 11:46:10 [32m/home/humberto/Aplicativos/Manager-Restaurante-main/backend/pkg/database/postgres.go:78
[0m[33m[0.405ms] [34;1m[rows:0][0m SELECT description FROM pg_catalog.pg_description WHERE objsubid = (SELECT ordinal_position FROM information_schema.columns WHERE table_schema = CURRENT_SCHEMA() AND table_name = 'ficha_tecnica_items' AND column_name = 'insumo_id') AND objoid = (SELECT oid FROM pg_catalog.pg_class WHERE relname = 'ficha_tecnica_items' AND relnamespace = (SELECT oid FROM pg_catalog.pg_namespace WHERE nspname = CURRENT_SCHEMA()))

2026/07/11 11:46:10 [32m/home/humberto/Aplicativos/Manager-Restaurante-main/backend/pkg/database/postgres.go:78
[0m[33m[0.387ms] [34;1m[rows:0][0m SELECT description FROM pg_catalog.pg_description WHERE objsubid = (SELECT ordinal_position FROM information_schema.columns WHERE table_schema = CURRENT_SCHEMA() AND table_name = 'ficha_tecnica_items' AND column_name = 'quantidade') AND objoid = (SELECT oid FROM pg_catalog.pg_class WHERE relname = 'ficha_tecnica_items' AND relnamespace = (SELECT oid FROM pg_catalog.pg_namespace WHERE nspname = CURRENT_SCHEMA()))

2026/07/11 11:46:10 [32m/home/humberto/Aplicativos/Manager-Restaurante-main/backend/pkg/database/postgres.go:78
[0m[33m[0.401ms] [34;1m[rows:0][0m SELECT description FROM pg_catalog.pg_description WHERE objsubid = (SELECT ordinal_position FROM information_schema.columns WHERE table_schema = CURRENT_SCHEMA() AND table_name = 'ficha_tecnica_items' AND column_name = 'created_at') AND objoid = (SELECT oid FROM pg_catalog.pg_class WHERE relname = 'ficha_tecnica_items' AND relnamespace = (SELECT oid FROM pg_catalog.pg_namespace WHERE nspname = CURRENT_SCHEMA()))

2026/07/11 11:46:10 [32m/home/humberto/Aplicativos/Manager-Restaurante-main/backend/pkg/database/postgres.go:78
[0m[33m[0.415ms] [34;1m[rows:0][0m SELECT description FROM pg_catalog.pg_description WHERE objsubid = (SELECT ordinal_position FROM information_schema.columns WHERE table_schema = CURRENT_SCHEMA() AND table_name = 'ficha_tecnica_items' AND column_name = 'updated_at') AND objoid = (SELECT oid FROM pg_catalog.pg_class WHERE relname = 'ficha_tecnica_items' AND relnamespace = (SELECT oid FROM pg_catalog.pg_namespace WHERE nspname = CURRENT_SCHEMA()))

2026/07/11 11:46:10 [32m/home/humberto/Aplicativos/Manager-Restaurante-main/backend/pkg/database/postgres.go:78
[0m[33m[1.336ms] [34;1m[rows:1][0m SELECT count(*) FROM INFORMATION_SCHEMA.table_constraints WHERE table_schema = CURRENT_SCHEMA() AND table_name = 'ficha_tecnica_items' AND constraint_name = 'fk_ficha_tecnica_items_insumo'

2026/07/11 11:46:10 [32m/home/humberto/Aplicativos/Manager-Restaurante-main/backend/pkg/database/postgres.go:78
[0m[33m[0.218ms] [34;1m[rows:1][0m SELECT count(*) FROM pg_indexes WHERE tablename = 'ficha_tecnica_items' AND indexname = 'idx_ficha_tecnica_items_tenant_id' AND schemaname = CURRENT_SCHEMA()

2026/07/11 11:46:10 [32m/home/humberto/Aplicativos/Manager-Restaurante-main/backend/pkg/database/postgres.go:78
[0m[33m[0.197ms] [34;1m[rows:1][0m SELECT count(*) FROM pg_indexes WHERE tablename = 'ficha_tecnica_items' AND indexname = 'idx_ficha_tecnica_items_produto_id' AND schemaname = CURRENT_SCHEMA()

2026/07/11 11:46:10 [32m/home/humberto/Aplicativos/Manager-Restaurante-main/backend/pkg/database/postgres.go:78
[0m[33m[0.187ms] [34;1m[rows:1][0m SELECT count(*) FROM pg_indexes WHERE tablename = 'ficha_tecnica_items' AND indexname = 'idx_ficha_tecnica_items_insumo_id' AND schemaname = CURRENT_SCHEMA()

2026/07/11 11:46:10 [32m/home/humberto/Aplicativos/Manager-Restaurante-main/backend/pkg/database/postgres.go:78
[0m[33m[0.230ms] [34;1m[rows:1][0m SELECT count(*) FROM information_schema.tables WHERE table_schema = CURRENT_SCHEMA() AND table_name = 'fornecedors' AND table_type = 'BASE TABLE'

2026/07/11 11:46:10 [32m/home/humberto/Aplicativos/Manager-Restaurante-main/backend/pkg/database/postgres.go:78
[0m[33m[0.110ms] [34;1m[rows:1][0m SELECT CURRENT_DATABASE()

2026/07/11 11:46:10 [32m/home/humberto/Aplicativos/Manager-Restaurante-main/backend/pkg/database/postgres.go:78
[0m[33m[1.797ms] [34;1m[rows:-][0m SELECT c.column_name, c.is_nullable = 'YES', c.udt_name, c.character_maximum_length, c.numeric_precision, c.numeric_precision_radix, c.numeric_scale, c.datetime_precision, 8 * typlen, c.column_default, pd.description, c.identity_increment FROM information_schema.columns AS c JOIN pg_type AS pgt ON c.udt_name = pgt.typname LEFT JOIN pg_catalog.pg_description as pd ON pd.objsubid = c.ordinal_position AND pd.objoid = (SELECT oid FROM pg_catalog.pg_class WHERE relname = c.table_name AND relnamespace = (SELECT oid FROM pg_catalog.pg_namespace WHERE nspname = c.table_schema)) where table_catalog = 'manager_restaurant' AND table_schema = CURRENT_SCHEMA() AND table_name = 'fornecedors'

2026/07/11 11:46:10 [32m/home/humberto/Aplicativos/Manager-Restaurante-main/backend/pkg/database/postgres.go:78
[0m[33m[1.036ms] [34;1m[rows:-][0m SELECT * FROM "fornecedors" LIMIT 5

2026/07/11 11:46:10 [32m/home/humberto/Aplicativos/Manager-Restaurante-main/backend/pkg/database/postgres.go:78
[0m[33m[1.094ms] [34;1m[rows:-][0m SELECT constraint_name FROM information_schema.table_constraints tc JOIN information_schema.constraint_column_usage AS ccu USING (constraint_schema, constraint_catalog, table_name, constraint_name) JOIN information_schema.columns AS c ON c.table_schema = tc.constraint_schema AND tc.table_name = c.table_name AND ccu.column_name = c.column_name WHERE constraint_type IN ('PRIMARY KEY', 'UNIQUE') AND c.table_catalog = 'manager_restaurant' AND c.table_schema = CURRENT_SCHEMA() AND c.table_name = 'fornecedors' AND constraint_type = 'UNIQUE'

2026/07/11 11:46:10 [32m/home/humberto/Aplicativos/Manager-Restaurante-main/backend/pkg/database/postgres.go:78
[0m[33m[1.227ms] [34;1m[rows:-][0m SELECT c.column_name, constraint_name, constraint_type FROM information_schema.table_constraints tc JOIN information_schema.constraint_column_usage AS ccu USING (constraint_schema, constraint_catalog, table_name, constraint_name) JOIN information_schema.columns AS c ON c.table_schema = tc.constraint_schema AND tc.table_name = c.table_name AND ccu.column_name = c.column_name WHERE constraint_type IN ('PRIMARY KEY', 'UNIQUE') AND c.table_catalog = 'manager_restaurant' AND c.table_schema = CURRENT_SCHEMA() AND c.table_name = 'fornecedors'

2026/07/11 11:46:10 [32m/home/humberto/Aplicativos/Manager-Restaurante-main/backend/pkg/database/postgres.go:78
[0m[33m[0.195ms] [34;1m[rows:-][0m SELECT a.attname as column_name, format_type(a.atttypid, a.atttypmod) AS data_type
		FROM pg_attribute a JOIN pg_class b ON a.attrelid = b.oid AND relnamespace = (SELECT oid FROM pg_catalog.pg_namespace WHERE nspname = CURRENT_SCHEMA())
		WHERE a.attnum > 0 -- hide internal columns
		AND NOT a.attisdropped -- hide deleted columns
		AND b.relname = 'fornecedors'

2026/07/11 11:46:10 [32m/home/humberto/Aplicativos/Manager-Restaurante-main/backend/pkg/database/postgres.go:78
[0m[33m[0.457ms] [34;1m[rows:0][0m SELECT description FROM pg_catalog.pg_description WHERE objsubid = (SELECT ordinal_position FROM information_schema.columns WHERE table_schema = CURRENT_SCHEMA() AND table_name = 'fornecedors' AND column_name = 'id') AND objoid = (SELECT oid FROM pg_catalog.pg_class WHERE relname = 'fornecedors' AND relnamespace = (SELECT oid FROM pg_catalog.pg_namespace WHERE nspname = CURRENT_SCHEMA()))

2026/07/11 11:46:10 [32m/home/humberto/Aplicativos/Manager-Restaurante-main/backend/pkg/database/postgres.go:78
[0m[33m[0.420ms] [34;1m[rows:0][0m SELECT description FROM pg_catalog.pg_description WHERE objsubid = (SELECT ordinal_position FROM information_schema.columns WHERE table_schema = CURRENT_SCHEMA() AND table_name = 'fornecedors' AND column_name = 'tenant_id') AND objoid = (SELECT oid FROM pg_catalog.pg_class WHERE relname = 'fornecedors' AND relnamespace = (SELECT oid FROM pg_catalog.pg_namespace WHERE nspname = CURRENT_SCHEMA()))

2026/07/11 11:46:10 [32m/home/humberto/Aplicativos/Manager-Restaurante-main/backend/pkg/database/postgres.go:78
[0m[33m[0.415ms] [34;1m[rows:0][0m SELECT description FROM pg_catalog.pg_description WHERE objsubid = (SELECT ordinal_position FROM information_schema.columns WHERE table_schema = CURRENT_SCHEMA() AND table_name = 'fornecedors' AND column_name = 'nome') AND objoid = (SELECT oid FROM pg_catalog.pg_class WHERE relname = 'fornecedors' AND relnamespace = (SELECT oid FROM pg_catalog.pg_namespace WHERE nspname = CURRENT_SCHEMA()))

2026/07/11 11:46:10 [32m/home/humberto/Aplicativos/Manager-Restaurante-main/backend/pkg/database/postgres.go:78
[0m[33m[0.409ms] [34;1m[rows:0][0m SELECT description FROM pg_catalog.pg_description WHERE objsubid = (SELECT ordinal_position FROM information_schema.columns WHERE table_schema = CURRENT_SCHEMA() AND table_name = 'fornecedors' AND column_name = 'cnpj') AND objoid = (SELECT oid FROM pg_catalog.pg_class WHERE relname = 'fornecedors' AND relnamespace = (SELECT oid FROM pg_catalog.pg_namespace WHERE nspname = CURRENT_SCHEMA()))

2026/07/11 11:46:10 [32m/home/humberto/Aplicativos/Manager-Restaurante-main/backend/pkg/database/postgres.go:78
[0m[33m[0.346ms] [34;1m[rows:0][0m SELECT description FROM pg_catalog.pg_description WHERE objsubid = (SELECT ordinal_position FROM information_schema.columns WHERE table_schema = CURRENT_SCHEMA() AND table_name = 'fornecedors' AND column_name = 'telefone') AND objoid = (SELECT oid FROM pg_catalog.pg_class WHERE relname = 'fornecedors' AND relnamespace = (SELECT oid FROM pg_catalog.pg_namespace WHERE nspname = CURRENT_SCHEMA()))

2026/07/11 11:46:10 [32m/home/humberto/Aplicativos/Manager-Restaurante-main/backend/pkg/database/postgres.go:78
[0m[33m[0.387ms] [34;1m[rows:0][0m SELECT description FROM pg_catalog.pg_description WHERE objsubid = (SELECT ordinal_position FROM information_schema.columns WHERE table_schema = CURRENT_SCHEMA() AND table_name = 'fornecedors' AND column_name = 'email') AND objoid = (SELECT oid FROM pg_catalog.pg_class WHERE relname = 'fornecedors' AND relnamespace = (SELECT oid FROM pg_catalog.pg_namespace WHERE nspname = CURRENT_SCHEMA()))

2026/07/11 11:46:10 [32m/home/humberto/Aplicativos/Manager-Restaurante-main/backend/pkg/database/postgres.go:78
[0m[33m[0.387ms] [34;1m[rows:0][0m SELECT description FROM pg_catalog.pg_description WHERE objsubid = (SELECT ordinal_position FROM information_schema.columns WHERE table_schema = CURRENT_SCHEMA() AND table_name = 'fornecedors' AND column_name = 'ativo') AND objoid = (SELECT oid FROM pg_catalog.pg_class WHERE relname = 'fornecedors' AND relnamespace = (SELECT oid FROM pg_catalog.pg_namespace WHERE nspname = CURRENT_SCHEMA()))

2026/07/11 11:46:10 [32m/home/humberto/Aplicativos/Manager-Restaurante-main/backend/pkg/database/postgres.go:78
[0m[33m[0.396ms] [34;1m[rows:0][0m SELECT description FROM pg_catalog.pg_description WHERE objsubid = (SELECT ordinal_position FROM information_schema.columns WHERE table_schema = CURRENT_SCHEMA() AND table_name = 'fornecedors' AND column_name = 'created_at') AND objoid = (SELECT oid FROM pg_catalog.pg_class WHERE relname = 'fornecedors' AND relnamespace = (SELECT oid FROM pg_catalog.pg_namespace WHERE nspname = CURRENT_SCHEMA()))

2026/07/11 11:46:10 [32m/home/humberto/Aplicativos/Manager-Restaurante-main/backend/pkg/database/postgres.go:78
[0m[33m[0.383ms] [34;1m[rows:0][0m SELECT description FROM pg_catalog.pg_description WHERE objsubid = (SELECT ordinal_position FROM information_schema.columns WHERE table_schema = CURRENT_SCHEMA() AND table_name = 'fornecedors' AND column_name = 'updated_at') AND objoid = (SELECT oid FROM pg_catalog.pg_class WHERE relname = 'fornecedors' AND relnamespace = (SELECT oid FROM pg_catalog.pg_namespace WHERE nspname = CURRENT_SCHEMA()))

2026/07/11 11:46:10 [32m/home/humberto/Aplicativos/Manager-Restaurante-main/backend/pkg/database/postgres.go:78
[0m[33m[0.208ms] [34;1m[rows:1][0m SELECT count(*) FROM pg_indexes WHERE tablename = 'fornecedors' AND indexname = 'idx_fornecedors_tenant_id' AND schemaname = CURRENT_SCHEMA()

2026/07/11 11:46:10 [32m/home/humberto/Aplicativos/Manager-Restaurante-main/backend/pkg/database/postgres.go:78
[0m[33m[0.175ms] [34;1m[rows:1][0m SELECT count(*) FROM information_schema.tables WHERE table_schema = CURRENT_SCHEMA() AND table_name = 'compras' AND table_type = 'BASE TABLE'

2026/07/11 11:46:10 [32m/home/humberto/Aplicativos/Manager-Restaurante-main/backend/pkg/database/postgres.go:78
[0m[33m[0.103ms] [34;1m[rows:1][0m SELECT CURRENT_DATABASE()

2026/07/11 11:46:10 [32m/home/humberto/Aplicativos/Manager-Restaurante-main/backend/pkg/database/postgres.go:78
[0m[33m[1.492ms] [34;1m[rows:-][0m SELECT c.column_name, c.is_nullable = 'YES', c.udt_name, c.character_maximum_length, c.numeric_precision, c.numeric_precision_radix, c.numeric_scale, c.datetime_precision, 8 * typlen, c.column_default, pd.description, c.identity_increment FROM information_schema.columns AS c JOIN pg_type AS pgt ON c.udt_name = pgt.typname LEFT JOIN pg_catalog.pg_description as pd ON pd.objsubid = c.ordinal_position AND pd.objoid = (SELECT oid FROM pg_catalog.pg_class WHERE relname = c.table_name AND relnamespace = (SELECT oid FROM pg_catalog.pg_namespace WHERE nspname = c.table_schema)) where table_catalog = 'manager_restaurant' AND table_schema = CURRENT_SCHEMA() AND table_name = 'compras'

2026/07/11 11:46:10 [32m/home/humberto/Aplicativos/Manager-Restaurante-main/backend/pkg/database/postgres.go:78
[0m[33m[0.818ms] [34;1m[rows:-][0m SELECT * FROM "compras" LIMIT 5

2026/07/11 11:46:10 [32m/home/humberto/Aplicativos/Manager-Restaurante-main/backend/pkg/database/postgres.go:78
[0m[33m[0.978ms] [34;1m[rows:-][0m SELECT constraint_name FROM information_schema.table_constraints tc JOIN information_schema.constraint_column_usage AS ccu USING (constraint_schema, constraint_catalog, table_name, constraint_name) JOIN information_schema.columns AS c ON c.table_schema = tc.constraint_schema AND tc.table_name = c.table_name AND ccu.column_name = c.column_name WHERE constraint_type IN ('PRIMARY KEY', 'UNIQUE') AND c.table_catalog = 'manager_restaurant' AND c.table_schema = CURRENT_SCHEMA() AND c.table_name = 'compras' AND constraint_type = 'UNIQUE'

2026/07/11 11:46:10 [32m/home/humberto/Aplicativos/Manager-Restaurante-main/backend/pkg/database/postgres.go:78
[0m[33m[0.971ms] [34;1m[rows:-][0m SELECT c.column_name, constraint_name, constraint_type FROM information_schema.table_constraints tc JOIN information_schema.constraint_column_usage AS ccu USING (constraint_schema, constraint_catalog, table_name, constraint_name) JOIN information_schema.columns AS c ON c.table_schema = tc.constraint_schema AND tc.table_name = c.table_name AND ccu.column_name = c.column_name WHERE constraint_type IN ('PRIMARY KEY', 'UNIQUE') AND c.table_catalog = 'manager_restaurant' AND c.table_schema = CURRENT_SCHEMA() AND c.table_name = 'compras'

2026/07/11 11:46:10 [32m/home/humberto/Aplicativos/Manager-Restaurante-main/backend/pkg/database/postgres.go:78
[0m[33m[0.158ms] [34;1m[rows:-][0m SELECT a.attname as column_name, format_type(a.atttypid, a.atttypmod) AS data_type
		FROM pg_attribute a JOIN pg_class b ON a.attrelid = b.oid AND relnamespace = (SELECT oid FROM pg_catalog.pg_namespace WHERE nspname = CURRENT_SCHEMA())
		WHERE a.attnum > 0 -- hide internal columns
		AND NOT a.attisdropped -- hide deleted columns
		AND b.relname = 'compras'

2026/07/11 11:46:10 [32m/home/humberto/Aplicativos/Manager-Restaurante-main/backend/pkg/database/postgres.go:78
[0m[33m[0.392ms] [34;1m[rows:0][0m SELECT description FROM pg_catalog.pg_description WHERE objsubid = (SELECT ordinal_position FROM information_schema.columns WHERE table_schema = CURRENT_SCHEMA() AND table_name = 'compras' AND column_name = 'id') AND objoid = (SELECT oid FROM pg_catalog.pg_class WHERE relname = 'compras' AND relnamespace = (SELECT oid FROM pg_catalog.pg_namespace WHERE nspname = CURRENT_SCHEMA()))

2026/07/11 11:46:10 [32m/home/humberto/Aplicativos/Manager-Restaurante-main/backend/pkg/database/postgres.go:78
[0m[33m[0.377ms] [34;1m[rows:0][0m SELECT description FROM pg_catalog.pg_description WHERE objsubid = (SELECT ordinal_position FROM information_schema.columns WHERE table_schema = CURRENT_SCHEMA() AND table_name = 'compras' AND column_name = 'tenant_id') AND objoid = (SELECT oid FROM pg_catalog.pg_class WHERE relname = 'compras' AND relnamespace = (SELECT oid FROM pg_catalog.pg_namespace WHERE nspname = CURRENT_SCHEMA()))

2026/07/11 11:46:10 [32m/home/humberto/Aplicativos/Manager-Restaurante-main/backend/pkg/database/postgres.go:78
[0m[33m[0.394ms] [34;1m[rows:0][0m SELECT description FROM pg_catalog.pg_description WHERE objsubid = (SELECT ordinal_position FROM information_schema.columns WHERE table_schema = CURRENT_SCHEMA() AND table_name = 'compras' AND column_name = 'fornecedor_id') AND objoid = (SELECT oid FROM pg_catalog.pg_class WHERE relname = 'compras' AND relnamespace = (SELECT oid FROM pg_catalog.pg_namespace WHERE nspname = CURRENT_SCHEMA()))

2026/07/11 11:46:10 [32m/home/humberto/Aplicativos/Manager-Restaurante-main/backend/pkg/database/postgres.go:78
[0m[33m[0.395ms] [34;1m[rows:0][0m SELECT description FROM pg_catalog.pg_description WHERE objsubid = (SELECT ordinal_position FROM information_schema.columns WHERE table_schema = CURRENT_SCHEMA() AND table_name = 'compras' AND column_name = 'numero_nf') AND objoid = (SELECT oid FROM pg_catalog.pg_class WHERE relname = 'compras' AND relnamespace = (SELECT oid FROM pg_catalog.pg_namespace WHERE nspname = CURRENT_SCHEMA()))

2026/07/11 11:46:10 [32m/home/humberto/Aplicativos/Manager-Restaurante-main/backend/pkg/database/postgres.go:78
[0m[33m[0.417ms] [34;1m[rows:0][0m SELECT description FROM pg_catalog.pg_description WHERE objsubid = (SELECT ordinal_position FROM information_schema.columns WHERE table_schema = CURRENT_SCHEMA() AND table_name = 'compras' AND column_name = 'data_compra') AND objoid = (SELECT oid FROM pg_catalog.pg_class WHERE relname = 'compras' AND relnamespace = (SELECT oid FROM pg_catalog.pg_namespace WHERE nspname = CURRENT_SCHEMA()))

2026/07/11 11:46:10 [32m/home/humberto/Aplicativos/Manager-Restaurante-main/backend/pkg/database/postgres.go:78
[0m[33m[0.385ms] [34;1m[rows:0][0m SELECT description FROM pg_catalog.pg_description WHERE objsubid = (SELECT ordinal_position FROM information_schema.columns WHERE table_schema = CURRENT_SCHEMA() AND table_name = 'compras' AND column_name = 'valor_total') AND objoid = (SELECT oid FROM pg_catalog.pg_class WHERE relname = 'compras' AND relnamespace = (SELECT oid FROM pg_catalog.pg_namespace WHERE nspname = CURRENT_SCHEMA()))

2026/07/11 11:46:10 [32m/home/humberto/Aplicativos/Manager-Restaurante-main/backend/pkg/database/postgres.go:78
[0m[33m[0.406ms] [34;1m[rows:0][0m SELECT description FROM pg_catalog.pg_description WHERE objsubid = (SELECT ordinal_position FROM information_schema.columns WHERE table_schema = CURRENT_SCHEMA() AND table_name = 'compras' AND column_name = 'status') AND objoid = (SELECT oid FROM pg_catalog.pg_class WHERE relname = 'compras' AND relnamespace = (SELECT oid FROM pg_catalog.pg_namespace WHERE nspname = CURRENT_SCHEMA()))

2026/07/11 11:46:10 [32m/home/humberto/Aplicativos/Manager-Restaurante-main/backend/pkg/database/postgres.go:78
[0m[33m[0.401ms] [34;1m[rows:0][0m SELECT description FROM pg_catalog.pg_description WHERE objsubid = (SELECT ordinal_position FROM information_schema.columns WHERE table_schema = CURRENT_SCHEMA() AND table_name = 'compras' AND column_name = 'created_at') AND objoid = (SELECT oid FROM pg_catalog.pg_class WHERE relname = 'compras' AND relnamespace = (SELECT oid FROM pg_catalog.pg_namespace WHERE nspname = CURRENT_SCHEMA()))

2026/07/11 11:46:10 [32m/home/humberto/Aplicativos/Manager-Restaurante-main/backend/pkg/database/postgres.go:78
[0m[33m[0.287ms] [34;1m[rows:0][0m SELECT description FROM pg_catalog.pg_description WHERE objsubid = (SELECT ordinal_position FROM information_schema.columns WHERE table_schema = CURRENT_SCHEMA() AND table_name = 'compras' AND column_name = 'updated_at') AND objoid = (SELECT oid FROM pg_catalog.pg_class WHERE relname = 'compras' AND relnamespace = (SELECT oid FROM pg_catalog.pg_namespace WHERE nspname = CURRENT_SCHEMA()))

2026/07/11 11:46:10 [32m/home/humberto/Aplicativos/Manager-Restaurante-main/backend/pkg/database/postgres.go:78
[0m[33m[1.379ms] [34;1m[rows:1][0m SELECT count(*) FROM INFORMATION_SCHEMA.table_constraints WHERE table_schema = CURRENT_SCHEMA() AND table_name = 'compras' AND constraint_name = 'fk_compras_fornecedor'

2026/07/11 11:46:10 [32m/home/humberto/Aplicativos/Manager-Restaurante-main/backend/pkg/database/postgres.go:78
[0m[33m[0.228ms] [34;1m[rows:1][0m SELECT count(*) FROM pg_indexes WHERE tablename = 'compras' AND indexname = 'idx_compras_tenant_id' AND schemaname = CURRENT_SCHEMA()

2026/07/11 11:46:10 [32m/home/humberto/Aplicativos/Manager-Restaurante-main/backend/pkg/database/postgres.go:78
[0m[33m[0.191ms] [34;1m[rows:1][0m SELECT count(*) FROM information_schema.tables WHERE table_schema = CURRENT_SCHEMA() AND table_name = 'compra_items' AND table_type = 'BASE TABLE'

2026/07/11 11:46:10 [32m/home/humberto/Aplicativos/Manager-Restaurante-main/backend/pkg/database/postgres.go:78
[0m[33m[0.091ms] [34;1m[rows:1][0m SELECT CURRENT_DATABASE()

2026/07/11 11:46:10 [32m/home/humberto/Aplicativos/Manager-Restaurante-main/backend/pkg/database/postgres.go:78
[0m[33m[1.364ms] [34;1m[rows:-][0m SELECT c.column_name, c.is_nullable = 'YES', c.udt_name, c.character_maximum_length, c.numeric_precision, c.numeric_precision_radix, c.numeric_scale, c.datetime_precision, 8 * typlen, c.column_default, pd.description, c.identity_increment FROM information_schema.columns AS c JOIN pg_type AS pgt ON c.udt_name = pgt.typname LEFT JOIN pg_catalog.pg_description as pd ON pd.objsubid = c.ordinal_position AND pd.objoid = (SELECT oid FROM pg_catalog.pg_class WHERE relname = c.table_name AND relnamespace = (SELECT oid FROM pg_catalog.pg_namespace WHERE nspname = c.table_schema)) where table_catalog = 'manager_restaurant' AND table_schema = CURRENT_SCHEMA() AND table_name = 'compra_items'

2026/07/11 11:46:10 [32m/home/humberto/Aplicativos/Manager-Restaurante-main/backend/pkg/database/postgres.go:78
[0m[33m[0.949ms] [34;1m[rows:-][0m SELECT * FROM "compra_items" LIMIT 5

2026/07/11 11:46:10 [32m/home/humberto/Aplicativos/Manager-Restaurante-main/backend/pkg/database/postgres.go:78
[0m[33m[0.829ms] [34;1m[rows:-][0m SELECT constraint_name FROM information_schema.table_constraints tc JOIN information_schema.constraint_column_usage AS ccu USING (constraint_schema, constraint_catalog, table_name, constraint_name) JOIN information_schema.columns AS c ON c.table_schema = tc.constraint_schema AND tc.table_name = c.table_name AND ccu.column_name = c.column_name WHERE constraint_type IN ('PRIMARY KEY', 'UNIQUE') AND c.table_catalog = 'manager_restaurant' AND c.table_schema = CURRENT_SCHEMA() AND c.table_name = 'compra_items' AND constraint_type = 'UNIQUE'

2026/07/11 11:46:10 [32m/home/humberto/Aplicativos/Manager-Restaurante-main/backend/pkg/database/postgres.go:78
[0m[33m[0.868ms] [34;1m[rows:-][0m SELECT c.column_name, constraint_name, constraint_type FROM information_schema.table_constraints tc JOIN information_schema.constraint_column_usage AS ccu USING (constraint_schema, constraint_catalog, table_name, constraint_name) JOIN information_schema.columns AS c ON c.table_schema = tc.constraint_schema AND tc.table_name = c.table_name AND ccu.column_name = c.column_name WHERE constraint_type IN ('PRIMARY KEY', 'UNIQUE') AND c.table_catalog = 'manager_restaurant' AND c.table_schema = CURRENT_SCHEMA() AND c.table_name = 'compra_items'

2026/07/11 11:46:10 [32m/home/humberto/Aplicativos/Manager-Restaurante-main/backend/pkg/database/postgres.go:78
[0m[33m[0.166ms] [34;1m[rows:-][0m SELECT a.attname as column_name, format_type(a.atttypid, a.atttypmod) AS data_type
		FROM pg_attribute a JOIN pg_class b ON a.attrelid = b.oid AND relnamespace = (SELECT oid FROM pg_catalog.pg_namespace WHERE nspname = CURRENT_SCHEMA())
		WHERE a.attnum > 0 -- hide internal columns
		AND NOT a.attisdropped -- hide deleted columns
		AND b.relname = 'compra_items'

2026/07/11 11:46:10 [32m/home/humberto/Aplicativos/Manager-Restaurante-main/backend/pkg/database/postgres.go:78
[0m[33m[0.419ms] [34;1m[rows:0][0m SELECT description FROM pg_catalog.pg_description WHERE objsubid = (SELECT ordinal_position FROM information_schema.columns WHERE table_schema = CURRENT_SCHEMA() AND table_name = 'compra_items' AND column_name = 'id') AND objoid = (SELECT oid FROM pg_catalog.pg_class WHERE relname = 'compra_items' AND relnamespace = (SELECT oid FROM pg_catalog.pg_namespace WHERE nspname = CURRENT_SCHEMA()))

2026/07/11 11:46:10 [32m/home/humberto/Aplicativos/Manager-Restaurante-main/backend/pkg/database/postgres.go:78
[0m[33m[0.387ms] [34;1m[rows:0][0m SELECT description FROM pg_catalog.pg_description WHERE objsubid = (SELECT ordinal_position FROM information_schema.columns WHERE table_schema = CURRENT_SCHEMA() AND table_name = 'compra_items' AND column_name = 'compra_id') AND objoid = (SELECT oid FROM pg_catalog.pg_class WHERE relname = 'compra_items' AND relnamespace = (SELECT oid FROM pg_catalog.pg_namespace WHERE nspname = CURRENT_SCHEMA()))

2026/07/11 11:46:10 [32m/home/humberto/Aplicativos/Manager-Restaurante-main/backend/pkg/database/postgres.go:78
[0m[33m[0.395ms] [34;1m[rows:0][0m SELECT description FROM pg_catalog.pg_description WHERE objsubid = (SELECT ordinal_position FROM information_schema.columns WHERE table_schema = CURRENT_SCHEMA() AND table_name = 'compra_items' AND column_name = 'produto_id') AND objoid = (SELECT oid FROM pg_catalog.pg_class WHERE relname = 'compra_items' AND relnamespace = (SELECT oid FROM pg_catalog.pg_namespace WHERE nspname = CURRENT_SCHEMA()))

2026/07/11 11:46:10 [32m/home/humberto/Aplicativos/Manager-Restaurante-main/backend/pkg/database/postgres.go:78
[0m[33m[0.419ms] [34;1m[rows:0][0m SELECT description FROM pg_catalog.pg_description WHERE objsubid = (SELECT ordinal_position FROM information_schema.columns WHERE table_schema = CURRENT_SCHEMA() AND table_name = 'compra_items' AND column_name = 'quantidade') AND objoid = (SELECT oid FROM pg_catalog.pg_class WHERE relname = 'compra_items' AND relnamespace = (SELECT oid FROM pg_catalog.pg_namespace WHERE nspname = CURRENT_SCHEMA()))

2026/07/11 11:46:10 [32m/home/humberto/Aplicativos/Manager-Restaurante-main/backend/pkg/database/postgres.go:78
[0m[33m[0.474ms] [34;1m[rows:0][0m SELECT description FROM pg_catalog.pg_description WHERE objsubid = (SELECT ordinal_position FROM information_schema.columns WHERE table_schema = CURRENT_SCHEMA() AND table_name = 'compra_items' AND column_name = 'custo_unid') AND objoid = (SELECT oid FROM pg_catalog.pg_class WHERE relname = 'compra_items' AND relnamespace = (SELECT oid FROM pg_catalog.pg_namespace WHERE nspname = CURRENT_SCHEMA()))

2026/07/11 11:46:10 [32m/home/humberto/Aplicativos/Manager-Restaurante-main/backend/pkg/database/postgres.go:78
[0m[33m[0.403ms] [34;1m[rows:0][0m SELECT description FROM pg_catalog.pg_description WHERE objsubid = (SELECT ordinal_position FROM information_schema.columns WHERE table_schema = CURRENT_SCHEMA() AND table_name = 'compra_items' AND column_name = 'subtotal') AND objoid = (SELECT oid FROM pg_catalog.pg_class WHERE relname = 'compra_items' AND relnamespace = (SELECT oid FROM pg_catalog.pg_namespace WHERE nspname = CURRENT_SCHEMA()))

2026/07/11 11:46:10 [32m/home/humberto/Aplicativos/Manager-Restaurante-main/backend/pkg/database/postgres.go:78
[0m[33m[1.610ms] [34;1m[rows:1][0m SELECT count(*) FROM INFORMATION_SCHEMA.table_constraints WHERE table_schema = CURRENT_SCHEMA() AND table_name = 'compra_items' AND constraint_name = 'fk_compra_items_produto'

2026/07/11 11:46:10 [32m/home/humberto/Aplicativos/Manager-Restaurante-main/backend/pkg/database/postgres.go:78
[0m[33m[1.223ms] [34;1m[rows:1][0m SELECT count(*) FROM INFORMATION_SCHEMA.table_constraints WHERE table_schema = CURRENT_SCHEMA() AND table_name = 'compra_items' AND constraint_name = 'fk_compras_itens'

2026/07/11 11:46:10 [32m/home/humberto/Aplicativos/Manager-Restaurante-main/backend/pkg/database/postgres.go:78
[0m[33m[0.242ms] [34;1m[rows:1][0m SELECT count(*) FROM pg_indexes WHERE tablename = 'compra_items' AND indexname = 'idx_compra_items_compra_id' AND schemaname = CURRENT_SCHEMA()

2026/07/11 11:46:10 [32m/home/humberto/Aplicativos/Manager-Restaurante-main/backend/pkg/database/postgres.go:78
[0m[33m[0.208ms] [34;1m[rows:1][0m SELECT count(*) FROM information_schema.tables WHERE table_schema = CURRENT_SCHEMA() AND table_name = 'conta_pagars' AND table_type = 'BASE TABLE'

2026/07/11 11:46:10 [32m/home/humberto/Aplicativos/Manager-Restaurante-main/backend/pkg/database/postgres.go:78
[0m[33m[0.090ms] [34;1m[rows:1][0m SELECT CURRENT_DATABASE()

2026/07/11 11:46:10 [32m/home/humberto/Aplicativos/Manager-Restaurante-main/backend/pkg/database/postgres.go:78
[0m[33m[1.567ms] [34;1m[rows:-][0m SELECT c.column_name, c.is_nullable = 'YES', c.udt_name, c.character_maximum_length, c.numeric_precision, c.numeric_precision_radix, c.numeric_scale, c.datetime_precision, 8 * typlen, c.column_default, pd.description, c.identity_increment FROM information_schema.columns AS c JOIN pg_type AS pgt ON c.udt_name = pgt.typname LEFT JOIN pg_catalog.pg_description as pd ON pd.objsubid = c.ordinal_position AND pd.objoid = (SELECT oid FROM pg_catalog.pg_class WHERE relname = c.table_name AND relnamespace = (SELECT oid FROM pg_catalog.pg_namespace WHERE nspname = c.table_schema)) where table_catalog = 'manager_restaurant' AND table_schema = CURRENT_SCHEMA() AND table_name = 'conta_pagars'

2026/07/11 11:46:10 [32m/home/humberto/Aplicativos/Manager-Restaurante-main/backend/pkg/database/postgres.go:78
[0m[33m[1.063ms] [34;1m[rows:-][0m SELECT * FROM "conta_pagars" LIMIT 5

2026/07/11 11:46:10 [32m/home/humberto/Aplicativos/Manager-Restaurante-main/backend/pkg/database/postgres.go:78
[0m[33m[1.124ms] [34;1m[rows:-][0m SELECT constraint_name FROM information_schema.table_constraints tc JOIN information_schema.constraint_column_usage AS ccu USING (constraint_schema, constraint_catalog, table_name, constraint_name) JOIN information_schema.columns AS c ON c.table_schema = tc.constraint_schema AND tc.table_name = c.table_name AND ccu.column_name = c.column_name WHERE constraint_type IN ('PRIMARY KEY', 'UNIQUE') AND c.table_catalog = 'manager_restaurant' AND c.table_schema = CURRENT_SCHEMA() AND c.table_name = 'conta_pagars' AND constraint_type = 'UNIQUE'

2026/07/11 11:46:10 [32m/home/humberto/Aplicativos/Manager-Restaurante-main/backend/pkg/database/postgres.go:78
[0m[33m[1.079ms] [34;1m[rows:-][0m SELECT c.column_name, constraint_name, constraint_type FROM information_schema.table_constraints tc JOIN information_schema.constraint_column_usage AS ccu USING (constraint_schema, constraint_catalog, table_name, constraint_name) JOIN information_schema.columns AS c ON c.table_schema = tc.constraint_schema AND tc.table_name = c.table_name AND ccu.column_name = c.column_name WHERE constraint_type IN ('PRIMARY KEY', 'UNIQUE') AND c.table_catalog = 'manager_restaurant' AND c.table_schema = CURRENT_SCHEMA() AND c.table_name = 'conta_pagars'

2026/07/11 11:46:10 [32m/home/humberto/Aplicativos/Manager-Restaurante-main/backend/pkg/database/postgres.go:78
[0m[33m[0.178ms] [34;1m[rows:-][0m SELECT a.attname as column_name, format_type(a.atttypid, a.atttypmod) AS data_type
		FROM pg_attribute a JOIN pg_class b ON a.attrelid = b.oid AND relnamespace = (SELECT oid FROM pg_catalog.pg_namespace WHERE nspname = CURRENT_SCHEMA())
		WHERE a.attnum > 0 -- hide internal columns
		AND NOT a.attisdropped -- hide deleted columns
		AND b.relname = 'conta_pagars'

2026/07/11 11:46:10 [32m/home/humberto/Aplicativos/Manager-Restaurante-main/backend/pkg/database/postgres.go:78
[0m[33m[0.435ms] [34;1m[rows:0][0m SELECT description FROM pg_catalog.pg_description WHERE objsubid = (SELECT ordinal_position FROM information_schema.columns WHERE table_schema = CURRENT_SCHEMA() AND table_name = 'conta_pagars' AND column_name = 'id') AND objoid = (SELECT oid FROM pg_catalog.pg_class WHERE relname = 'conta_pagars' AND relnamespace = (SELECT oid FROM pg_catalog.pg_namespace WHERE nspname = CURRENT_SCHEMA()))

2026/07/11 11:46:10 [32m/home/humberto/Aplicativos/Manager-Restaurante-main/backend/pkg/database/postgres.go:78
[0m[33m[0.401ms] [34;1m[rows:0][0m SELECT description FROM pg_catalog.pg_description WHERE objsubid = (SELECT ordinal_position FROM information_schema.columns WHERE table_schema = CURRENT_SCHEMA() AND table_name = 'conta_pagars' AND column_name = 'tenant_id') AND objoid = (SELECT oid FROM pg_catalog.pg_class WHERE relname = 'conta_pagars' AND relnamespace = (SELECT oid FROM pg_catalog.pg_namespace WHERE nspname = CURRENT_SCHEMA()))

2026/07/11 11:46:10 [32m/home/humberto/Aplicativos/Manager-Restaurante-main/backend/pkg/database/postgres.go:78
[0m[33m[0.385ms] [34;1m[rows:0][0m SELECT description FROM pg_catalog.pg_description WHERE objsubid = (SELECT ordinal_position FROM information_schema.columns WHERE table_schema = CURRENT_SCHEMA() AND table_name = 'conta_pagars' AND column_name = 'fornecedor_id') AND objoid = (SELECT oid FROM pg_catalog.pg_class WHERE relname = 'conta_pagars' AND relnamespace = (SELECT oid FROM pg_catalog.pg_namespace WHERE nspname = CURRENT_SCHEMA()))

2026/07/11 11:46:10 [32m/home/humberto/Aplicativos/Manager-Restaurante-main/backend/pkg/database/postgres.go:78
[0m[33m[0.398ms] [34;1m[rows:0][0m SELECT description FROM pg_catalog.pg_description WHERE objsubid = (SELECT ordinal_position FROM information_schema.columns WHERE table_schema = CURRENT_SCHEMA() AND table_name = 'conta_pagars' AND column_name = 'compra_id') AND objoid = (SELECT oid FROM pg_catalog.pg_class WHERE relname = 'conta_pagars' AND relnamespace = (SELECT oid FROM pg_catalog.pg_namespace WHERE nspname = CURRENT_SCHEMA()))

2026/07/11 11:46:10 [32m/home/humberto/Aplicativos/Manager-Restaurante-main/backend/pkg/database/postgres.go:78
[0m[33m[0.374ms] [34;1m[rows:0][0m SELECT description FROM pg_catalog.pg_description WHERE objsubid = (SELECT ordinal_position FROM information_schema.columns WHERE table_schema = CURRENT_SCHEMA() AND table_name = 'conta_pagars' AND column_name = 'descricao') AND objoid = (SELECT oid FROM pg_catalog.pg_class WHERE relname = 'conta_pagars' AND relnamespace = (SELECT oid FROM pg_catalog.pg_namespace WHERE nspname = CURRENT_SCHEMA()))

2026/07/11 11:46:10 [32m/home/humberto/Aplicativos/Manager-Restaurante-main/backend/pkg/database/postgres.go:78
[0m[33m[0.411ms] [34;1m[rows:0][0m SELECT description FROM pg_catalog.pg_description WHERE objsubid = (SELECT ordinal_position FROM information_schema.columns WHERE table_schema = CURRENT_SCHEMA() AND table_name = 'conta_pagars' AND column_name = 'valor') AND objoid = (SELECT oid FROM pg_catalog.pg_class WHERE relname = 'conta_pagars' AND relnamespace = (SELECT oid FROM pg_catalog.pg_namespace WHERE nspname = CURRENT_SCHEMA()))

2026/07/11 11:46:10 [32m/home/humberto/Aplicativos/Manager-Restaurante-main/backend/pkg/database/postgres.go:78
[0m[33m[0.374ms] [34;1m[rows:0][0m SELECT description FROM pg_catalog.pg_description WHERE objsubid = (SELECT ordinal_position FROM information_schema.columns WHERE table_schema = CURRENT_SCHEMA() AND table_name = 'conta_pagars' AND column_name = 'data_vencimento') AND objoid = (SELECT oid FROM pg_catalog.pg_class WHERE relname = 'conta_pagars' AND relnamespace = (SELECT oid FROM pg_catalog.pg_namespace WHERE nspname = CURRENT_SCHEMA()))

2026/07/11 11:46:10 [32m/home/humberto/Aplicativos/Manager-Restaurante-main/backend/pkg/database/postgres.go:78
[0m[33m[0.397ms] [34;1m[rows:0][0m SELECT description FROM pg_catalog.pg_description WHERE objsubid = (SELECT ordinal_position FROM information_schema.columns WHERE table_schema = CURRENT_SCHEMA() AND table_name = 'conta_pagars' AND column_name = 'status') AND objoid = (SELECT oid FROM pg_catalog.pg_class WHERE relname = 'conta_pagars' AND relnamespace = (SELECT oid FROM pg_catalog.pg_namespace WHERE nspname = CURRENT_SCHEMA()))

2026/07/11 11:46:10 [32m/home/humberto/Aplicativos/Manager-Restaurante-main/backend/pkg/database/postgres.go:78
[0m[33m[0.369ms] [34;1m[rows:0][0m SELECT description FROM pg_catalog.pg_description WHERE objsubid = (SELECT ordinal_position FROM information_schema.columns WHERE table_schema = CURRENT_SCHEMA() AND table_name = 'conta_pagars' AND column_name = 'created_at') AND objoid = (SELECT oid FROM pg_catalog.pg_class WHERE relname = 'conta_pagars' AND relnamespace = (SELECT oid FROM pg_catalog.pg_namespace WHERE nspname = CURRENT_SCHEMA()))

2026/07/11 11:46:10 [32m/home/humberto/Aplicativos/Manager-Restaurante-main/backend/pkg/database/postgres.go:78
[0m[33m[0.378ms] [34;1m[rows:0][0m SELECT description FROM pg_catalog.pg_description WHERE objsubid = (SELECT ordinal_position FROM information_schema.columns WHERE table_schema = CURRENT_SCHEMA() AND table_name = 'conta_pagars' AND column_name = 'updated_at') AND objoid = (SELECT oid FROM pg_catalog.pg_class WHERE relname = 'conta_pagars' AND relnamespace = (SELECT oid FROM pg_catalog.pg_namespace WHERE nspname = CURRENT_SCHEMA()))

2026/07/11 11:46:10 [32m/home/humberto/Aplicativos/Manager-Restaurante-main/backend/pkg/database/postgres.go:78
[0m[33m[1.424ms] [34;1m[rows:1][0m SELECT count(*) FROM INFORMATION_SCHEMA.table_constraints WHERE table_schema = CURRENT_SCHEMA() AND table_name = 'conta_pagars' AND constraint_name = 'fk_conta_pagars_fornecedor'

2026/07/11 11:46:10 [32m/home/humberto/Aplicativos/Manager-Restaurante-main/backend/pkg/database/postgres.go:78
[0m[33m[0.233ms] [34;1m[rows:1][0m SELECT count(*) FROM pg_indexes WHERE tablename = 'conta_pagars' AND indexname = 'idx_conta_pagars_tenant_id' AND schemaname = CURRENT_SCHEMA()

2026/07/11 11:46:10 [32m/home/humberto/Aplicativos/Manager-Restaurante-main/backend/pkg/database/postgres.go:78
[0m[33m[0.190ms] [34;1m[rows:1][0m SELECT count(*) FROM information_schema.tables WHERE table_schema = CURRENT_SCHEMA() AND table_name = 'caixa_turnos' AND table_type = 'BASE TABLE'

2026/07/11 11:46:10 [32m/home/humberto/Aplicativos/Manager-Restaurante-main/backend/pkg/database/postgres.go:78
[0m[33m[0.100ms] [34;1m[rows:1][0m SELECT CURRENT_DATABASE()

2026/07/11 11:46:10 [32m/home/humberto/Aplicativos/Manager-Restaurante-main/backend/pkg/database/postgres.go:78
[0m[33m[1.540ms] [34;1m[rows:-][0m SELECT c.column_name, c.is_nullable = 'YES', c.udt_name, c.character_maximum_length, c.numeric_precision, c.numeric_precision_radix, c.numeric_scale, c.datetime_precision, 8 * typlen, c.column_default, pd.description, c.identity_increment FROM information_schema.columns AS c JOIN pg_type AS pgt ON c.udt_name = pgt.typname LEFT JOIN pg_catalog.pg_description as pd ON pd.objsubid = c.ordinal_position AND pd.objoid = (SELECT oid FROM pg_catalog.pg_class WHERE relname = c.table_name AND relnamespace = (SELECT oid FROM pg_catalog.pg_namespace WHERE nspname = c.table_schema)) where table_catalog = 'manager_restaurant' AND table_schema = CURRENT_SCHEMA() AND table_name = 'caixa_turnos'

2026/07/11 11:46:10 [32m/home/humberto/Aplicativos/Manager-Restaurante-main/backend/pkg/database/postgres.go:78
[0m[33m[0.925ms] [34;1m[rows:-][0m SELECT * FROM "caixa_turnos" LIMIT 5

2026/07/11 11:46:10 [32m/home/humberto/Aplicativos/Manager-Restaurante-main/backend/pkg/database/postgres.go:78
[0m[33m[1.075ms] [34;1m[rows:-][0m SELECT constraint_name FROM information_schema.table_constraints tc JOIN information_schema.constraint_column_usage AS ccu USING (constraint_schema, constraint_catalog, table_name, constraint_name) JOIN information_schema.columns AS c ON c.table_schema = tc.constraint_schema AND tc.table_name = c.table_name AND ccu.column_name = c.column_name WHERE constraint_type IN ('PRIMARY KEY', 'UNIQUE') AND c.table_catalog = 'manager_restaurant' AND c.table_schema = CURRENT_SCHEMA() AND c.table_name = 'caixa_turnos' AND constraint_type = 'UNIQUE'

2026/07/11 11:46:10 [32m/home/humberto/Aplicativos/Manager-Restaurante-main/backend/pkg/database/postgres.go:78
[0m[33m[1.084ms] [34;1m[rows:-][0m SELECT c.column_name, constraint_name, constraint_type FROM information_schema.table_constraints tc JOIN information_schema.constraint_column_usage AS ccu USING (constraint_schema, constraint_catalog, table_name, constraint_name) JOIN information_schema.columns AS c ON c.table_schema = tc.constraint_schema AND tc.table_name = c.table_name AND ccu.column_name = c.column_name WHERE constraint_type IN ('PRIMARY KEY', 'UNIQUE') AND c.table_catalog = 'manager_restaurant' AND c.table_schema = CURRENT_SCHEMA() AND c.table_name = 'caixa_turnos'

2026/07/11 11:46:10 [32m/home/humberto/Aplicativos/Manager-Restaurante-main/backend/pkg/database/postgres.go:78
[0m[33m[0.179ms] [34;1m[rows:-][0m SELECT a.attname as column_name, format_type(a.atttypid, a.atttypmod) AS data_type
		FROM pg_attribute a JOIN pg_class b ON a.attrelid = b.oid AND relnamespace = (SELECT oid FROM pg_catalog.pg_namespace WHERE nspname = CURRENT_SCHEMA())
		WHERE a.attnum > 0 -- hide internal columns
		AND NOT a.attisdropped -- hide deleted columns
		AND b.relname = 'caixa_turnos'

2026/07/11 11:46:10 [32m/home/humberto/Aplicativos/Manager-Restaurante-main/backend/pkg/database/postgres.go:78
[0m[33m[0.535ms] [34;1m[rows:0][0m SELECT description FROM pg_catalog.pg_description WHERE objsubid = (SELECT ordinal_position FROM information_schema.columns WHERE table_schema = CURRENT_SCHEMA() AND table_name = 'caixa_turnos' AND column_name = 'id') AND objoid = (SELECT oid FROM pg_catalog.pg_class WHERE relname = 'caixa_turnos' AND relnamespace = (SELECT oid FROM pg_catalog.pg_namespace WHERE nspname = CURRENT_SCHEMA()))

2026/07/11 11:46:10 [32m/home/humberto/Aplicativos/Manager-Restaurante-main/backend/pkg/database/postgres.go:78
[0m[33m[0.712ms] [34;1m[rows:0][0m SELECT description FROM pg_catalog.pg_description WHERE objsubid = (SELECT ordinal_position FROM information_schema.columns WHERE table_schema = CURRENT_SCHEMA() AND table_name = 'caixa_turnos' AND column_name = 'tenant_id') AND objoid = (SELECT oid FROM pg_catalog.pg_class WHERE relname = 'caixa_turnos' AND relnamespace = (SELECT oid FROM pg_catalog.pg_namespace WHERE nspname = CURRENT_SCHEMA()))

2026/07/11 11:46:10 [32m/home/humberto/Aplicativos/Manager-Restaurante-main/backend/pkg/database/postgres.go:78
[0m[33m[0.528ms] [34;1m[rows:0][0m SELECT description FROM pg_catalog.pg_description WHERE objsubid = (SELECT ordinal_position FROM information_schema.columns WHERE table_schema = CURRENT_SCHEMA() AND table_name = 'caixa_turnos' AND column_name = 'usuario_id') AND objoid = (SELECT oid FROM pg_catalog.pg_class WHERE relname = 'caixa_turnos' AND relnamespace = (SELECT oid FROM pg_catalog.pg_namespace WHERE nspname = CURRENT_SCHEMA()))

2026/07/11 11:46:10 [32m/home/humberto/Aplicativos/Manager-Restaurante-main/backend/pkg/database/postgres.go:78
[0m[33m[0.691ms] [34;1m[rows:0][0m SELECT description FROM pg_catalog.pg_description WHERE objsubid = (SELECT ordinal_position FROM information_schema.columns WHERE table_schema = CURRENT_SCHEMA() AND table_name = 'caixa_turnos' AND column_name = 'status') AND objoid = (SELECT oid FROM pg_catalog.pg_class WHERE relname = 'caixa_turnos' AND relnamespace = (SELECT oid FROM pg_catalog.pg_namespace WHERE nspname = CURRENT_SCHEMA()))

2026/07/11 11:46:10 [32m
[0m[33m[0.208ms] [34;1m[rows:1][0m SELECT CURRENT_DATABASE()

2026/07/11 11:46:10 [32m
[0m[33m[1.449ms] [34;1m[rows:-][0m SELECT c.column_name, c.is_nullable = 'YES', c.udt_name, c.character_maximum_length, c.numeric_precision, c.numeric_precision_radix, c.numeric_scale, c.datetime_precision, 8 * typlen, c.column_default, pd.description, c.identity_increment FROM information_schema.columns AS c JOIN pg_type AS pgt ON c.udt_name = pgt.typname LEFT JOIN pg_catalog.pg_description as pd ON pd.objsubid = c.ordinal_position AND pd.objoid = (SELECT oid FROM pg_catalog.pg_class WHERE relname = c.table_name AND relnamespace = (SELECT oid FROM pg_catalog.pg_namespace WHERE nspname = c.table_schema)) where table_catalog = 'manager_restaurant' AND table_schema = CURRENT_SCHEMA() AND table_name = 'caixa_turnos'

2026/07/11 11:46:10 [32m
[0m[33m[0.175ms] [34;1m[rows:-][0m SELECT * FROM "caixa_turnos" LIMIT 5

2026/07/11 11:46:10 [32m
[0m[33m[1.503ms] [34;1m[rows:-][0m SELECT constraint_name FROM information_schema.table_constraints tc JOIN information_schema.constraint_column_usage AS ccu USING (constraint_schema, constraint_catalog, table_name, constraint_name) JOIN information_schema.columns AS c ON c.table_schema = tc.constraint_schema AND tc.table_name = c.table_name AND ccu.column_name = c.column_name WHERE constraint_type IN ('PRIMARY KEY', 'UNIQUE') AND c.table_catalog = 'manager_restaurant' AND c.table_schema = CURRENT_SCHEMA() AND c.table_name = 'caixa_turnos' AND constraint_type = 'UNIQUE'

2026/07/11 11:46:10 [32m
[0m[33m[1.180ms] [34;1m[rows:-][0m SELECT c.column_name, constraint_name, constraint_type FROM information_schema.table_constraints tc JOIN information_schema.constraint_column_usage AS ccu USING (constraint_schema, constraint_catalog, table_name, constraint_name) JOIN information_schema.columns AS c ON c.table_schema = tc.constraint_schema AND tc.table_name = c.table_name AND ccu.column_name = c.column_name WHERE constraint_type IN ('PRIMARY KEY', 'UNIQUE') AND c.table_catalog = 'manager_restaurant' AND c.table_schema = CURRENT_SCHEMA() AND c.table_name = 'caixa_turnos'

2026/07/11 11:46:10 [32m
[0m[33m[0.262ms] [34;1m[rows:-][0m SELECT a.attname as column_name, format_type(a.atttypid, a.atttypmod) AS data_type
		FROM pg_attribute a JOIN pg_class b ON a.attrelid = b.oid AND relnamespace = (SELECT oid FROM pg_catalog.pg_namespace WHERE nspname = CURRENT_SCHEMA())
		WHERE a.attnum > 0 -- hide internal columns
		AND NOT a.attisdropped -- hide deleted columns
		AND b.relname = 'caixa_turnos'

2026/07/11 11:46:10 [32m
[0m[33m[1.649ms] [34;1m[rows:0][0m ALTER TABLE "caixa_turnos" ALTER COLUMN "valor_inicial" TYPE numeric(10,2) USING "valor_inicial"::numeric(10,2)

2026/07/11 11:46:10 [32m/home/humberto/Aplicativos/Manager-Restaurante-main/backend/pkg/database/postgres.go:78
[0m[33m[1.308ms] [34;1m[rows:0][0m ALTER TABLE "caixa_turnos" ALTER COLUMN "valor_inicial" SET DEFAULT 0

2026/07/11 11:46:10 [32m/home/humberto/Aplicativos/Manager-Restaurante-main/backend/pkg/database/postgres.go:78
[0m[33m[0.515ms] [34;1m[rows:0][0m SELECT description FROM pg_catalog.pg_description WHERE objsubid = (SELECT ordinal_position FROM information_schema.columns WHERE table_schema = CURRENT_SCHEMA() AND table_name = 'caixa_turnos' AND column_name = 'valor_inicial') AND objoid = (SELECT oid FROM pg_catalog.pg_class WHERE relname = 'caixa_turnos' AND relnamespace = (SELECT oid FROM pg_catalog.pg_namespace WHERE nspname = CURRENT_SCHEMA()))

2026/07/11 11:46:10 [32m
[0m[33m[0.094ms] [34;1m[rows:1][0m SELECT CURRENT_DATABASE()

2026/07/11 11:46:10 [32m
[0m[33m[1.409ms] [34;1m[rows:-][0m SELECT c.column_name, c.is_nullable = 'YES', c.udt_name, c.character_maximum_length, c.numeric_precision, c.numeric_precision_radix, c.numeric_scale, c.datetime_precision, 8 * typlen, c.column_default, pd.description, c.identity_increment FROM information_schema.columns AS c JOIN pg_type AS pgt ON c.udt_name = pgt.typname LEFT JOIN pg_catalog.pg_description as pd ON pd.objsubid = c.ordinal_position AND pd.objoid = (SELECT oid FROM pg_catalog.pg_class WHERE relname = c.table_name AND relnamespace = (SELECT oid FROM pg_catalog.pg_namespace WHERE nspname = c.table_schema)) where table_catalog = 'manager_restaurant' AND table_schema = CURRENT_SCHEMA() AND table_name = 'caixa_turnos'

2026/07/11 11:46:10 [32m
[0m[33m[0.313ms] [34;1m[rows:-][0m SELECT * FROM "caixa_turnos" LIMIT 5

2026/07/11 11:46:10 [32m
[0m[33m[0.980ms] [34;1m[rows:-][0m SELECT constraint_name FROM information_schema.table_constraints tc JOIN information_schema.constraint_column_usage AS ccu USING (constraint_schema, constraint_catalog, table_name, constraint_name) JOIN information_schema.columns AS c ON c.table_schema = tc.constraint_schema AND tc.table_name = c.table_name AND ccu.column_name = c.column_name WHERE constraint_type IN ('PRIMARY KEY', 'UNIQUE') AND c.table_catalog = 'manager_restaurant' AND c.table_schema = CURRENT_SCHEMA() AND c.table_name = 'caixa_turnos' AND constraint_type = 'UNIQUE'

2026/07/11 11:46:10 [32m
[0m[33m[0.963ms] [34;1m[rows:-][0m SELECT c.column_name, constraint_name, constraint_type FROM information_schema.table_constraints tc JOIN information_schema.constraint_column_usage AS ccu USING (constraint_schema, constraint_catalog, table_name, constraint_name) JOIN information_schema.columns AS c ON c.table_schema = tc.constraint_schema AND tc.table_name = c.table_name AND ccu.column_name = c.column_name WHERE constraint_type IN ('PRIMARY KEY', 'UNIQUE') AND c.table_catalog = 'manager_restaurant' AND c.table_schema = CURRENT_SCHEMA() AND c.table_name = 'caixa_turnos'

2026/07/11 11:46:10 [32m
[0m[33m[0.148ms] [34;1m[rows:-][0m SELECT a.attname as column_name, format_type(a.atttypid, a.atttypmod) AS data_type
		FROM pg_attribute a JOIN pg_class b ON a.attrelid = b.oid AND relnamespace = (SELECT oid FROM pg_catalog.pg_namespace WHERE nspname = CURRENT_SCHEMA())
		WHERE a.attnum > 0 -- hide internal columns
		AND NOT a.attisdropped -- hide deleted columns
		AND b.relname = 'caixa_turnos'

2026/07/11 11:46:10 [32m
[0m[33m[1.282ms] [34;1m[rows:0][0m ALTER TABLE "caixa_turnos" ALTER COLUMN "valor_final" TYPE numeric(10,2) USING "valor_final"::numeric(10,2)

2026/07/11 11:46:10 [32m/home/humberto/Aplicativos/Manager-Restaurante-main/backend/pkg/database/postgres.go:78
[0m[33m[1.034ms] [34;1m[rows:0][0m ALTER TABLE "caixa_turnos" ALTER COLUMN "valor_final" SET DEFAULT 0

2026/07/11 11:46:10 [32m/home/humberto/Aplicativos/Manager-Restaurante-main/backend/pkg/database/postgres.go:78
[0m[33m[0.434ms] [34;1m[rows:0][0m SELECT description FROM pg_catalog.pg_description WHERE objsubid = (SELECT ordinal_position FROM information_schema.columns WHERE table_schema = CURRENT_SCHEMA() AND table_name = 'caixa_turnos' AND column_name = 'valor_final') AND objoid = (SELECT oid FROM pg_catalog.pg_class WHERE relname = 'caixa_turnos' AND relnamespace = (SELECT oid FROM pg_catalog.pg_namespace WHERE nspname = CURRENT_SCHEMA()))

2026/07/11 11:46:10 [32m/home/humberto/Aplicativos/Manager-Restaurante-main/backend/pkg/database/postgres.go:78
[0m[33m[0.388ms] [34;1m[rows:0][0m SELECT description FROM pg_catalog.pg_description WHERE objsubid = (SELECT ordinal_position FROM information_schema.columns WHERE table_schema = CURRENT_SCHEMA() AND table_name = 'caixa_turnos' AND column_name = 'aberto_em') AND objoid = (SELECT oid FROM pg_catalog.pg_class WHERE relname = 'caixa_turnos' AND relnamespace = (SELECT oid FROM pg_catalog.pg_namespace WHERE nspname = CURRENT_SCHEMA()))

2026/07/11 11:46:10 [32m/home/humberto/Aplicativos/Manager-Restaurante-main/backend/pkg/database/postgres.go:78
[0m[33m[0.355ms] [34;1m[rows:0][0m SELECT description FROM pg_catalog.pg_description WHERE objsubid = (SELECT ordinal_position FROM information_schema.columns WHERE table_schema = CURRENT_SCHEMA() AND table_name = 'caixa_turnos' AND column_name = 'fechado_em') AND objoid = (SELECT oid FROM pg_catalog.pg_class WHERE relname = 'caixa_turnos' AND relnamespace = (SELECT oid FROM pg_catalog.pg_namespace WHERE nspname = CURRENT_SCHEMA()))

2026/07/11 11:46:10 [32m/home/humberto/Aplicativos/Manager-Restaurante-main/backend/pkg/database/postgres.go:78
[0m[33m[0.207ms] [34;1m[rows:1][0m SELECT count(*) FROM pg_indexes WHERE tablename = 'caixa_turnos' AND indexname = 'idx_caixa_turnos_tenant_id' AND schemaname = CURRENT_SCHEMA()

2026/07/11 11:46:10 [32m/home/humberto/Aplicativos/Manager-Restaurante-main/backend/pkg/database/postgres.go:78
[0m[33m[0.172ms] [34;1m[rows:1][0m SELECT count(*) FROM information_schema.tables WHERE table_schema = CURRENT_SCHEMA() AND table_name = 'caixa_movimentacaos' AND table_type = 'BASE TABLE'

2026/07/11 11:46:10 [32m/home/humberto/Aplicativos/Manager-Restaurante-main/backend/pkg/database/postgres.go:78
[0m[33m[0.083ms] [34;1m[rows:1][0m SELECT CURRENT_DATABASE()

2026/07/11 11:46:10 [32m/home/humberto/Aplicativos/Manager-Restaurante-main/backend/pkg/database/postgres.go:78
[0m[33m[1.328ms] [34;1m[rows:-][0m SELECT c.column_name, c.is_nullable = 'YES', c.udt_name, c.character_maximum_length, c.numeric_precision, c.numeric_precision_radix, c.numeric_scale, c.datetime_precision, 8 * typlen, c.column_default, pd.description, c.identity_increment FROM information_schema.columns AS c JOIN pg_type AS pgt ON c.udt_name = pgt.typname LEFT JOIN pg_catalog.pg_description as pd ON pd.objsubid = c.ordinal_position AND pd.objoid = (SELECT oid FROM pg_catalog.pg_class WHERE relname = c.table_name AND relnamespace = (SELECT oid FROM pg_catalog.pg_namespace WHERE nspname = c.table_schema)) where table_catalog = 'manager_restaurant' AND table_schema = CURRENT_SCHEMA() AND table_name = 'caixa_movimentacaos'

2026/07/11 11:46:10 [32m/home/humberto/Aplicativos/Manager-Restaurante-main/backend/pkg/database/postgres.go:78
[0m[33m[0.991ms] [34;1m[rows:-][0m SELECT * FROM "caixa_movimentacaos" LIMIT 5

2026/07/11 11:46:10 [32m/home/humberto/Aplicativos/Manager-Restaurante-main/backend/pkg/database/postgres.go:78
[0m[33m[0.808ms] [34;1m[rows:-][0m SELECT constraint_name FROM information_schema.table_constraints tc JOIN information_schema.constraint_column_usage AS ccu USING (constraint_schema, constraint_catalog, table_name, constraint_name) JOIN information_schema.columns AS c ON c.table_schema = tc.constraint_schema AND tc.table_name = c.table_name AND ccu.column_name = c.column_name WHERE constraint_type IN ('PRIMARY KEY', 'UNIQUE') AND c.table_catalog = 'manager_restaurant' AND c.table_schema = CURRENT_SCHEMA() AND c.table_name = 'caixa_movimentacaos' AND constraint_type = 'UNIQUE'

2026/07/11 11:46:10 [32m/home/humberto/Aplicativos/Manager-Restaurante-main/backend/pkg/database/postgres.go:78
[0m[33m[0.788ms] [34;1m[rows:-][0m SELECT c.column_name, constraint_name, constraint_type FROM information_schema.table_constraints tc JOIN information_schema.constraint_column_usage AS ccu USING (constraint_schema, constraint_catalog, table_name, constraint_name) JOIN information_schema.columns AS c ON c.table_schema = tc.constraint_schema AND tc.table_name = c.table_name AND ccu.column_name = c.column_name WHERE constraint_type IN ('PRIMARY KEY', 'UNIQUE') AND c.table_catalog = 'manager_restaurant' AND c.table_schema = CURRENT_SCHEMA() AND c.table_name = 'caixa_movimentacaos'

2026/07/11 11:46:10 [32m/home/humberto/Aplicativos/Manager-Restaurante-main/backend/pkg/database/postgres.go:78
[0m[33m[0.159ms] [34;1m[rows:-][0m SELECT a.attname as column_name, format_type(a.atttypid, a.atttypmod) AS data_type
		FROM pg_attribute a JOIN pg_class b ON a.attrelid = b.oid AND relnamespace = (SELECT oid FROM pg_catalog.pg_namespace WHERE nspname = CURRENT_SCHEMA())
		WHERE a.attnum > 0 -- hide internal columns
		AND NOT a.attisdropped -- hide deleted columns
		AND b.relname = 'caixa_movimentacaos'

2026/07/11 11:46:10 [32m/home/humberto/Aplicativos/Manager-Restaurante-main/backend/pkg/database/postgres.go:78
[0m[33m[0.384ms] [34;1m[rows:0][0m SELECT description FROM pg_catalog.pg_description WHERE objsubid = (SELECT ordinal_position FROM information_schema.columns WHERE table_schema = CURRENT_SCHEMA() AND table_name = 'caixa_movimentacaos' AND column_name = 'id') AND objoid = (SELECT oid FROM pg_catalog.pg_class WHERE relname = 'caixa_movimentacaos' AND relnamespace = (SELECT oid FROM pg_catalog.pg_namespace WHERE nspname = CURRENT_SCHEMA()))

2026/07/11 11:46:10 [32m/home/humberto/Aplicativos/Manager-Restaurante-main/backend/pkg/database/postgres.go:78
[0m[33m[0.386ms] [34;1m[rows:0][0m SELECT description FROM pg_catalog.pg_description WHERE objsubid = (SELECT ordinal_position FROM information_schema.columns WHERE table_schema = CURRENT_SCHEMA() AND table_name = 'caixa_movimentacaos' AND column_name = 'tenant_id') AND objoid = (SELECT oid FROM pg_catalog.pg_class WHERE relname = 'caixa_movimentacaos' AND relnamespace = (SELECT oid FROM pg_catalog.pg_namespace WHERE nspname = CURRENT_SCHEMA()))

2026/07/11 11:46:10 [32m/home/humberto/Aplicativos/Manager-Restaurante-main/backend/pkg/database/postgres.go:78
[0m[33m[0.354ms] [34;1m[rows:0][0m SELECT description FROM pg_catalog.pg_description WHERE objsubid = (SELECT ordinal_position FROM information_schema.columns WHERE table_schema = CURRENT_SCHEMA() AND table_name = 'caixa_movimentacaos' AND column_name = 'caixa_turno_id') AND objoid = (SELECT oid FROM pg_catalog.pg_class WHERE relname = 'caixa_movimentacaos' AND relnamespace = (SELECT oid FROM pg_catalog.pg_namespace WHERE nspname = CURRENT_SCHEMA()))

2026/07/11 11:46:10 [32m/home/humberto/Aplicativos/Manager-Restaurante-main/backend/pkg/database/postgres.go:78
[0m[33m[0.348ms] [34;1m[rows:0][0m SELECT description FROM pg_catalog.pg_description WHERE objsubid = (SELECT ordinal_position FROM information_schema.columns WHERE table_schema = CURRENT_SCHEMA() AND table_name = 'caixa_movimentacaos' AND column_name = 'tipo') AND objoid = (SELECT oid FROM pg_catalog.pg_class WHERE relname = 'caixa_movimentacaos' AND relnamespace = (SELECT oid FROM pg_catalog.pg_namespace WHERE nspname = CURRENT_SCHEMA()))

2026/07/11 11:46:10 [32m/home/humberto/Aplicativos/Manager-Restaurante-main/backend/pkg/database/postgres.go:78
[0m[33m[0.347ms] [34;1m[rows:0][0m SELECT description FROM pg_catalog.pg_description WHERE objsubid = (SELECT ordinal_position FROM information_schema.columns WHERE table_schema = CURRENT_SCHEMA() AND table_name = 'caixa_movimentacaos' AND column_name = 'valor') AND objoid = (SELECT oid FROM pg_catalog.pg_class WHERE relname = 'caixa_movimentacaos' AND relnamespace = (SELECT oid FROM pg_catalog.pg_namespace WHERE nspname = CURRENT_SCHEMA()))

2026/07/11 11:46:10 [32m/home/humberto/Aplicativos/Manager-Restaurante-main/backend/pkg/database/postgres.go:78
[0m[33m[0.337ms] [34;1m[rows:0][0m SELECT description FROM pg_catalog.pg_description WHERE objsubid = (SELECT ordinal_position FROM information_schema.columns WHERE table_schema = CURRENT_SCHEMA() AND table_name = 'caixa_movimentacaos' AND column_name = 'motivo') AND objoid = (SELECT oid FROM pg_catalog.pg_class WHERE relname = 'caixa_movimentacaos' AND relnamespace = (SELECT oid FROM pg_catalog.pg_namespace WHERE nspname = CURRENT_SCHEMA()))

2026/07/11 11:46:10 [32m/home/humberto/Aplicativos/Manager-Restaurante-main/backend/pkg/database/postgres.go:78
[0m[33m[0.348ms] [34;1m[rows:0][0m SELECT description FROM pg_catalog.pg_description WHERE objsubid = (SELECT ordinal_position FROM information_schema.columns WHERE table_schema = CURRENT_SCHEMA() AND table_name = 'caixa_movimentacaos' AND column_name = 'created_at') AND objoid = (SELECT oid FROM pg_catalog.pg_class WHERE relname = 'caixa_movimentacaos' AND relnamespace = (SELECT oid FROM pg_catalog.pg_namespace WHERE nspname = CURRENT_SCHEMA()))

2026/07/11 11:46:10 [32m/home/humberto/Aplicativos/Manager-Restaurante-main/backend/pkg/database/postgres.go:78
[0m[33m[0.274ms] [34;1m[rows:1][0m SELECT count(*) FROM INFORMATION_SCHEMA.table_constraints WHERE table_schema = CURRENT_SCHEMA() AND table_name = 'caixa_movimentacaos' AND constraint_name = 'fk_caixa_movimentacaos_caixa_turno'

2026/07/11 11:46:10 [32m/home/humberto/Aplicativos/Manager-Restaurante-main/backend/pkg/database/postgres.go:78
[0m[33m[0.199ms] [34;1m[rows:1][0m SELECT count(*) FROM pg_indexes WHERE tablename = 'caixa_movimentacaos' AND indexname = 'idx_caixa_movimentacaos_tenant_id' AND schemaname = CURRENT_SCHEMA()

2026/07/11 11:46:10 [32m/home/humberto/Aplicativos/Manager-Restaurante-main/backend/pkg/database/postgres.go:78
[0m[33m[0.183ms] [34;1m[rows:1][0m SELECT count(*) FROM information_schema.tables WHERE table_schema = CURRENT_SCHEMA() AND table_name = 'lancamento_financeiros' AND table_type = 'BASE TABLE'

2026/07/11 11:46:10 [32m/home/humberto/Aplicativos/Manager-Restaurante-main/backend/pkg/database/postgres.go:78
[0m[33m[0.091ms] [34;1m[rows:1][0m SELECT CURRENT_DATABASE()

2026/07/11 11:46:10 [32m/home/humberto/Aplicativos/Manager-Restaurante-main/backend/pkg/database/postgres.go:78
[0m[33m[1.502ms] [34;1m[rows:-][0m SELECT c.column_name, c.is_nullable = 'YES', c.udt_name, c.character_maximum_length, c.numeric_precision, c.numeric_precision_radix, c.numeric_scale, c.datetime_precision, 8 * typlen, c.column_default, pd.description, c.identity_increment FROM information_schema.columns AS c JOIN pg_type AS pgt ON c.udt_name = pgt.typname LEFT JOIN pg_catalog.pg_description as pd ON pd.objsubid = c.ordinal_position AND pd.objoid = (SELECT oid FROM pg_catalog.pg_class WHERE relname = c.table_name AND relnamespace = (SELECT oid FROM pg_catalog.pg_namespace WHERE nspname = c.table_schema)) where table_catalog = 'manager_restaurant' AND table_schema = CURRENT_SCHEMA() AND table_name = 'lancamento_financeiros'

2026/07/11 11:46:10 [32m/home/humberto/Aplicativos/Manager-Restaurante-main/backend/pkg/database/postgres.go:78
[0m[33m[0.907ms] [34;1m[rows:-][0m SELECT * FROM "lancamento_financeiros" LIMIT 5

2026/07/11 11:46:10 [32m/home/humberto/Aplicativos/Manager-Restaurante-main/backend/pkg/database/postgres.go:78
[0m[33m[0.938ms] [34;1m[rows:-][0m SELECT constraint_name FROM information_schema.table_constraints tc JOIN information_schema.constraint_column_usage AS ccu USING (constraint_schema, constraint_catalog, table_name, constraint_name) JOIN information_schema.columns AS c ON c.table_schema = tc.constraint_schema AND tc.table_name = c.table_name AND ccu.column_name = c.column_name WHERE constraint_type IN ('PRIMARY KEY', 'UNIQUE') AND c.table_catalog = 'manager_restaurant' AND c.table_schema = CURRENT_SCHEMA() AND c.table_name = 'lancamento_financeiros' AND constraint_type = 'UNIQUE'

2026/07/11 11:46:10 [32m/home/humberto/Aplicativos/Manager-Restaurante-main/backend/pkg/database/postgres.go:78
[0m[33m[0.985ms] [34;1m[rows:-][0m SELECT c.column_name, constraint_name, constraint_type FROM information_schema.table_constraints tc JOIN information_schema.constraint_column_usage AS ccu USING (constraint_schema, constraint_catalog, table_name, constraint_name) JOIN information_schema.columns AS c ON c.table_schema = tc.constraint_schema AND tc.table_name = c.table_name AND ccu.column_name = c.column_name WHERE constraint_type IN ('PRIMARY KEY', 'UNIQUE') AND c.table_catalog = 'manager_restaurant' AND c.table_schema = CURRENT_SCHEMA() AND c.table_name = 'lancamento_financeiros'

2026/07/11 11:46:10 [32m/home/humberto/Aplicativos/Manager-Restaurante-main/backend/pkg/database/postgres.go:78
[0m[33m[0.156ms] [34;1m[rows:-][0m SELECT a.attname as column_name, format_type(a.atttypid, a.atttypmod) AS data_type
		FROM pg_attribute a JOIN pg_class b ON a.attrelid = b.oid AND relnamespace = (SELECT oid FROM pg_catalog.pg_namespace WHERE nspname = CURRENT_SCHEMA())
		WHERE a.attnum > 0 -- hide internal columns
		AND NOT a.attisdropped -- hide deleted columns
		AND b.relname = 'lancamento_financeiros'

2026/07/11 11:46:10 [32m/home/humberto/Aplicativos/Manager-Restaurante-main/backend/pkg/database/postgres.go:78
[0m[33m[0.380ms] [34;1m[rows:0][0m SELECT description FROM pg_catalog.pg_description WHERE objsubid = (SELECT ordinal_position FROM information_schema.columns WHERE table_schema = CURRENT_SCHEMA() AND table_name = 'lancamento_financeiros' AND column_name = 'id') AND objoid = (SELECT oid FROM pg_catalog.pg_class WHERE relname = 'lancamento_financeiros' AND relnamespace = (SELECT oid FROM pg_catalog.pg_namespace WHERE nspname = CURRENT_SCHEMA()))

2026/07/11 11:46:10 [32m/home/humberto/Aplicativos/Manager-Restaurante-main/backend/pkg/database/postgres.go:78
[0m[33m[0.355ms] [34;1m[rows:0][0m SELECT description FROM pg_catalog.pg_description WHERE objsubid = (SELECT ordinal_position FROM information_schema.columns WHERE table_schema = CURRENT_SCHEMA() AND table_name = 'lancamento_financeiros' AND column_name = 'tenant_id') AND objoid = (SELECT oid FROM pg_catalog.pg_class WHERE relname = 'lancamento_financeiros' AND relnamespace = (SELECT oid FROM pg_catalog.pg_namespace WHERE nspname = CURRENT_SCHEMA()))

2026/07/11 11:46:10 [32m/home/humberto/Aplicativos/Manager-Restaurante-main/backend/pkg/database/postgres.go:78
[0m[33m[0.358ms] [34;1m[rows:0][0m SELECT description FROM pg_catalog.pg_description WHERE objsubid = (SELECT ordinal_position FROM information_schema.columns WHERE table_schema = CURRENT_SCHEMA() AND table_name = 'lancamento_financeiros' AND column_name = 'tipo') AND objoid = (SELECT oid FROM pg_catalog.pg_class WHERE relname = 'lancamento_financeiros' AND relnamespace = (SELECT oid FROM pg_catalog.pg_namespace WHERE nspname = CURRENT_SCHEMA()))

2026/07/11 11:46:10 [32m/home/humberto/Aplicativos/Manager-Restaurante-main/backend/pkg/database/postgres.go:78
[0m[33m[0.355ms] [34;1m[rows:0][0m SELECT description FROM pg_catalog.pg_description WHERE objsubid = (SELECT ordinal_position FROM information_schema.columns WHERE table_schema = CURRENT_SCHEMA() AND table_name = 'lancamento_financeiros' AND column_name = 'categoria') AND objoid = (SELECT oid FROM pg_catalog.pg_class WHERE relname = 'lancamento_financeiros' AND relnamespace = (SELECT oid FROM pg_catalog.pg_namespace WHERE nspname = CURRENT_SCHEMA()))

2026/07/11 11:46:10 [32m/home/humberto/Aplicativos/Manager-Restaurante-main/backend/pkg/database/postgres.go:78
[0m[33m[0.363ms] [34;1m[rows:0][0m SELECT description FROM pg_catalog.pg_description WHERE objsubid = (SELECT ordinal_position FROM information_schema.columns WHERE table_schema = CURRENT_SCHEMA() AND table_name = 'lancamento_financeiros' AND column_name = 'descricao') AND objoid = (SELECT oid FROM pg_catalog.pg_class WHERE relname = 'lancamento_financeiros' AND relnamespace = (SELECT oid FROM pg_catalog.pg_namespace WHERE nspname = CURRENT_SCHEMA()))

2026/07/11 11:46:10 [32m/home/humberto/Aplicativos/Manager-Restaurante-main/backend/pkg/database/postgres.go:78
[0m[33m[0.378ms] [34;1m[rows:0][0m SELECT description FROM pg_catalog.pg_description WHERE objsubid = (SELECT ordinal_position FROM information_schema.columns WHERE table_schema = CURRENT_SCHEMA() AND table_name = 'lancamento_financeiros' AND column_name = 'valor') AND objoid = (SELECT oid FROM pg_catalog.pg_class WHERE relname = 'lancamento_financeiros' AND relnamespace = (SELECT oid FROM pg_catalog.pg_namespace WHERE nspname = CURRENT_SCHEMA()))

2026/07/11 11:46:10 [32m/home/humberto/Aplicativos/Manager-Restaurante-main/backend/pkg/database/postgres.go:78
[0m[33m[0.386ms] [34;1m[rows:0][0m SELECT description FROM pg_catalog.pg_description WHERE objsubid = (SELECT ordinal_position FROM information_schema.columns WHERE table_schema = CURRENT_SCHEMA() AND table_name = 'lancamento_financeiros' AND column_name = 'data') AND objoid = (SELECT oid FROM pg_catalog.pg_class WHERE relname = 'lancamento_financeiros' AND relnamespace = (SELECT oid FROM pg_catalog.pg_namespace WHERE nspname = CURRENT_SCHEMA()))

2026/07/11 11:46:10 [32m/home/humberto/Aplicativos/Manager-Restaurante-main/backend/pkg/database/postgres.go:78
[0m[33m[0.369ms] [34;1m[rows:0][0m SELECT description FROM pg_catalog.pg_description WHERE objsubid = (SELECT ordinal_position FROM information_schema.columns WHERE table_schema = CURRENT_SCHEMA() AND table_name = 'lancamento_financeiros' AND column_name = 'caixa_turno_id') AND objoid = (SELECT oid FROM pg_catalog.pg_class WHERE relname = 'lancamento_financeiros' AND relnamespace = (SELECT oid FROM pg_catalog.pg_namespace WHERE nspname = CURRENT_SCHEMA()))

2026/07/11 11:46:10 [32m/home/humberto/Aplicativos/Manager-Restaurante-main/backend/pkg/database/postgres.go:78
[0m[33m[0.395ms] [34;1m[rows:0][0m SELECT description FROM pg_catalog.pg_description WHERE objsubid = (SELECT ordinal_position FROM information_schema.columns WHERE table_schema = CURRENT_SCHEMA() AND table_name = 'lancamento_financeiros' AND column_name = 'conta_pagar_id') AND objoid = (SELECT oid FROM pg_catalog.pg_class WHERE relname = 'lancamento_financeiros' AND relnamespace = (SELECT oid FROM pg_catalog.pg_namespace WHERE nspname = CURRENT_SCHEMA()))

2026/07/11 11:46:10 [32m/home/humberto/Aplicativos/Manager-Restaurante-main/backend/pkg/database/postgres.go:78
[0m[33m[0.359ms] [34;1m[rows:0][0m SELECT description FROM pg_catalog.pg_description WHERE objsubid = (SELECT ordinal_position FROM information_schema.columns WHERE table_schema = CURRENT_SCHEMA() AND table_name = 'lancamento_financeiros' AND column_name = 'created_at') AND objoid = (SELECT oid FROM pg_catalog.pg_class WHERE relname = 'lancamento_financeiros' AND relnamespace = (SELECT oid FROM pg_catalog.pg_namespace WHERE nspname = CURRENT_SCHEMA()))

2026/07/11 11:46:10 [32m/home/humberto/Aplicativos/Manager-Restaurante-main/backend/pkg/database/postgres.go:78
[0m[33m[0.366ms] [34;1m[rows:0][0m SELECT description FROM pg_catalog.pg_description WHERE objsubid = (SELECT ordinal_position FROM information_schema.columns WHERE table_schema = CURRENT_SCHEMA() AND table_name = 'lancamento_financeiros' AND column_name = 'updated_at') AND objoid = (SELECT oid FROM pg_catalog.pg_class WHERE relname = 'lancamento_financeiros' AND relnamespace = (SELECT oid FROM pg_catalog.pg_namespace WHERE nspname = CURRENT_SCHEMA()))

2026/07/11 11:46:10 [32m/home/humberto/Aplicativos/Manager-Restaurante-main/backend/pkg/database/postgres.go:78
[0m[33m[0.269ms] [34;1m[rows:1][0m SELECT count(*) FROM INFORMATION_SCHEMA.table_constraints WHERE table_schema = CURRENT_SCHEMA() AND table_name = 'lancamento_financeiros' AND constraint_name = 'fk_lancamento_financeiros_caixa_turno'

2026/07/11 11:46:10 [32m/home/humberto/Aplicativos/Manager-Restaurante-main/backend/pkg/database/postgres.go:78
[0m[33m[0.261ms] [34;1m[rows:1][0m SELECT count(*) FROM INFORMATION_SCHEMA.table_constraints WHERE table_schema = CURRENT_SCHEMA() AND table_name = 'lancamento_financeiros' AND constraint_name = 'fk_lancamento_financeiros_conta_pagar'

2026/07/11 11:46:10 [32m/home/humberto/Aplicativos/Manager-Restaurante-main/backend/pkg/database/postgres.go:78
[0m[33m[0.211ms] [34;1m[rows:1][0m SELECT count(*) FROM pg_indexes WHERE tablename = 'lancamento_financeiros' AND indexname = 'idx_lancamento_financeiros_tenant_id' AND schemaname = CURRENT_SCHEMA()

2026/07/11 11:46:10 [32m/home/humberto/Aplicativos/Manager-Restaurante-main/backend/pkg/database/postgres.go:78
[0m[33m[0.178ms] [34;1m[rows:1][0m SELECT count(*) FROM information_schema.tables WHERE table_schema = CURRENT_SCHEMA() AND table_name = 'role_permissions' AND table_type = 'BASE TABLE'

2026/07/11 11:46:10 [32m/home/humberto/Aplicativos/Manager-Restaurante-main/backend/pkg/database/postgres.go:78
[0m[33m[0.089ms] [34;1m[rows:1][0m SELECT CURRENT_DATABASE()

2026/07/11 11:46:10 [32m/home/humberto/Aplicativos/Manager-Restaurante-main/backend/pkg/database/postgres.go:78
[0m[33m[1.345ms] [34;1m[rows:-][0m SELECT c.column_name, c.is_nullable = 'YES', c.udt_name, c.character_maximum_length, c.numeric_precision, c.numeric_precision_radix, c.numeric_scale, c.datetime_precision, 8 * typlen, c.column_default, pd.description, c.identity_increment FROM information_schema.columns AS c JOIN pg_type AS pgt ON c.udt_name = pgt.typname LEFT JOIN pg_catalog.pg_description as pd ON pd.objsubid = c.ordinal_position AND pd.objoid = (SELECT oid FROM pg_catalog.pg_class WHERE relname = c.table_name AND relnamespace = (SELECT oid FROM pg_catalog.pg_namespace WHERE nspname = c.table_schema)) where table_catalog = 'manager_restaurant' AND table_schema = CURRENT_SCHEMA() AND table_name = 'role_permissions'

2026/07/11 11:46:10 [32m/home/humberto/Aplicativos/Manager-Restaurante-main/backend/pkg/database/postgres.go:78
[0m[33m[1.107ms] [34;1m[rows:-][0m SELECT * FROM "role_permissions" LIMIT 5

2026/07/11 11:46:10 [32m/home/humberto/Aplicativos/Manager-Restaurante-main/backend/pkg/database/postgres.go:78
[0m[33m[0.824ms] [34;1m[rows:-][0m SELECT constraint_name FROM information_schema.table_constraints tc JOIN information_schema.constraint_column_usage AS ccu USING (constraint_schema, constraint_catalog, table_name, constraint_name) JOIN information_schema.columns AS c ON c.table_schema = tc.constraint_schema AND tc.table_name = c.table_name AND ccu.column_name = c.column_name WHERE constraint_type IN ('PRIMARY KEY', 'UNIQUE') AND c.table_catalog = 'manager_restaurant' AND c.table_schema = CURRENT_SCHEMA() AND c.table_name = 'role_permissions' AND constraint_type = 'UNIQUE'

2026/07/11 11:46:10 [32m/home/humberto/Aplicativos/Manager-Restaurante-main/backend/pkg/database/postgres.go:78
[0m[33m[0.875ms] [34;1m[rows:-][0m SELECT c.column_name, constraint_name, constraint_type FROM information_schema.table_constraints tc JOIN information_schema.constraint_column_usage AS ccu USING (constraint_schema, constraint_catalog, table_name, constraint_name) JOIN information_schema.columns AS c ON c.table_schema = tc.constraint_schema AND tc.table_name = c.table_name AND ccu.column_name = c.column_name WHERE constraint_type IN ('PRIMARY KEY', 'UNIQUE') AND c.table_catalog = 'manager_restaurant' AND c.table_schema = CURRENT_SCHEMA() AND c.table_name = 'role_permissions'

2026/07/11 11:46:10 [32m/home/humberto/Aplicativos/Manager-Restaurante-main/backend/pkg/database/postgres.go:78
[0m[33m[0.191ms] [34;1m[rows:-][0m SELECT a.attname as column_name, format_type(a.atttypid, a.atttypmod) AS data_type
		FROM pg_attribute a JOIN pg_class b ON a.attrelid = b.oid AND relnamespace = (SELECT oid FROM pg_catalog.pg_namespace WHERE nspname = CURRENT_SCHEMA())
		WHERE a.attnum > 0 -- hide internal columns
		AND NOT a.attisdropped -- hide deleted columns
		AND b.relname = 'role_permissions'

2026/07/11 11:46:10 [32m/home/humberto/Aplicativos/Manager-Restaurante-main/backend/pkg/database/postgres.go:78
[0m[33m[0.418ms] [34;1m[rows:0][0m SELECT description FROM pg_catalog.pg_description WHERE objsubid = (SELECT ordinal_position FROM information_schema.columns WHERE table_schema = CURRENT_SCHEMA() AND table_name = 'role_permissions' AND column_name = 'id') AND objoid = (SELECT oid FROM pg_catalog.pg_class WHERE relname = 'role_permissions' AND relnamespace = (SELECT oid FROM pg_catalog.pg_namespace WHERE nspname = CURRENT_SCHEMA()))

2026/07/11 11:46:10 [32m/home/humberto/Aplicativos/Manager-Restaurante-main/backend/pkg/database/postgres.go:78
[0m[33m[0.356ms] [34;1m[rows:0][0m SELECT description FROM pg_catalog.pg_description WHERE objsubid = (SELECT ordinal_position FROM information_schema.columns WHERE table_schema = CURRENT_SCHEMA() AND table_name = 'role_permissions' AND column_name = 'tenant_id') AND objoid = (SELECT oid FROM pg_catalog.pg_class WHERE relname = 'role_permissions' AND relnamespace = (SELECT oid FROM pg_catalog.pg_namespace WHERE nspname = CURRENT_SCHEMA()))

2026/07/11 11:46:10 [32m/home/humberto/Aplicativos/Manager-Restaurante-main/backend/pkg/database/postgres.go:78
[0m[33m[0.380ms] [34;1m[rows:0][0m SELECT description FROM pg_catalog.pg_description WHERE objsubid = (SELECT ordinal_position FROM information_schema.columns WHERE table_schema = CURRENT_SCHEMA() AND table_name = 'role_permissions' AND column_name = 'role') AND objoid = (SELECT oid FROM pg_catalog.pg_class WHERE relname = 'role_permissions' AND relnamespace = (SELECT oid FROM pg_catalog.pg_namespace WHERE nspname = CURRENT_SCHEMA()))

2026/07/11 11:46:10 [32m/home/humberto/Aplicativos/Manager-Restaurante-main/backend/pkg/database/postgres.go:78
[0m[33m[0.438ms] [34;1m[rows:0][0m SELECT description FROM pg_catalog.pg_description WHERE objsubid = (SELECT ordinal_position FROM information_schema.columns WHERE table_schema = CURRENT_SCHEMA() AND table_name = 'role_permissions' AND column_name = 'modulo') AND objoid = (SELECT oid FROM pg_catalog.pg_class WHERE relname = 'role_permissions' AND relnamespace = (SELECT oid FROM pg_catalog.pg_namespace WHERE nspname = CURRENT_SCHEMA()))

2026/07/11 11:46:10 [32m/home/humberto/Aplicativos/Manager-Restaurante-main/backend/pkg/database/postgres.go:78
[0m[33m[0.367ms] [34;1m[rows:0][0m SELECT description FROM pg_catalog.pg_description WHERE objsubid = (SELECT ordinal_position FROM information_schema.columns WHERE table_schema = CURRENT_SCHEMA() AND table_name = 'role_permissions' AND column_name = 'permitido') AND objoid = (SELECT oid FROM pg_catalog.pg_class WHERE relname = 'role_permissions' AND relnamespace = (SELECT oid FROM pg_catalog.pg_namespace WHERE nspname = CURRENT_SCHEMA()))

2026/07/11 11:46:10 [32m/home/humberto/Aplicativos/Manager-Restaurante-main/backend/pkg/database/postgres.go:78
[0m[33m[0.352ms] [34;1m[rows:0][0m SELECT description FROM pg_catalog.pg_description WHERE objsubid = (SELECT ordinal_position FROM information_schema.columns WHERE table_schema = CURRENT_SCHEMA() AND table_name = 'role_permissions' AND column_name = 'created_at') AND objoid = (SELECT oid FROM pg_catalog.pg_class WHERE relname = 'role_permissions' AND relnamespace = (SELECT oid FROM pg_catalog.pg_namespace WHERE nspname = CURRENT_SCHEMA()))

2026/07/11 11:46:10 [32m/home/humberto/Aplicativos/Manager-Restaurante-main/backend/pkg/database/postgres.go:78
[0m[33m[0.354ms] [34;1m[rows:0][0m SELECT description FROM pg_catalog.pg_description WHERE objsubid = (SELECT ordinal_position FROM information_schema.columns WHERE table_schema = CURRENT_SCHEMA() AND table_name = 'role_permissions' AND column_name = 'updated_at') AND objoid = (SELECT oid FROM pg_catalog.pg_class WHERE relname = 'role_permissions' AND relnamespace = (SELECT oid FROM pg_catalog.pg_namespace WHERE nspname = CURRENT_SCHEMA()))

2026/07/11 11:46:10 [32m/home/humberto/Aplicativos/Manager-Restaurante-main/backend/pkg/database/postgres.go:78
[0m[33m[0.197ms] [34;1m[rows:1][0m SELECT count(*) FROM pg_indexes WHERE tablename = 'role_permissions' AND indexname = 'idx_role_permissions_tenant_id' AND schemaname = CURRENT_SCHEMA()

2026/07/11 11:46:10 [32m/home/humberto/Aplicativos/Manager-Restaurante-main/backend/pkg/database/postgres.go:78
[0m[33m[0.186ms] [34;1m[rows:1][0m SELECT count(*) FROM pg_indexes WHERE tablename = 'role_permissions' AND indexname = 'idx_role_modulo' AND schemaname = CURRENT_SCHEMA()

2026/07/11 11:46:10 [32m/home/humberto/Aplicativos/Manager-Restaurante-main/backend/pkg/database/postgres.go:169
[0m[33m[0.165ms] [34;1m[rows:1][0m SELECT count(*) FROM information_schema.tables WHERE table_schema = CURRENT_SCHEMA() AND table_name = 'pinpads' AND table_type = 'BASE TABLE'

2026/07/11 11:46:10 [32m/home/humberto/Aplicativos/Manager-Restaurante-main/backend/pkg/database/postgres.go:189
[0m[33m[2.787ms] [34;1m[rows:1][0m SELECT COUNT(*) FROM information_schema.columns WHERE table_name = 'pinpads' AND column_name = 'ip'

2026/07/11 11:46:10 [32m/home/humberto/Aplicativos/Manager-Restaurante-main/backend/pkg/database/postgres.go:189
[0m[33m[2.006ms] [34;1m[rows:1][0m SELECT COUNT(*) FROM information_schema.columns WHERE table_name = 'pinpads' AND column_name = 'porta'

2026/07/11 11:46:10 [32m/home/humberto/Aplicativos/Manager-Restaurante-main/backend/pkg/database/postgres.go:189
[0m[33m[2.118ms] [34;1m[rows:1][0m SELECT COUNT(*) FROM information_schema.columns WHERE table_name = 'pinpads' AND column_name = 'tipo'

2026/07/11 11:46:10 [32m/home/humberto/Aplicativos/Manager-Restaurante-main/backend/pkg/database/postgres.go:189
[0m[33m[1.649ms] [34;1m[rows:1][0m SELECT COUNT(*) FROM information_schema.columns WHERE table_name = 'pinpads' AND column_name = 'dispositivo'

2026/07/11 11:46:10 [32m/home/humberto/Aplicativos/Manager-Restaurante-main/backend/pkg/database/postgres.go:189
[0m[33m[2.005ms] [34;1m[rows:1][0m SELECT COUNT(*) FROM information_schema.columns WHERE table_name = 'pinpads' AND column_name = 'formato'

2026/07/11 11:46:10 [32m/home/humberto/Aplicativos/Manager-Restaurante-main/backend/pkg/database/postgres.go:209
[0m[33m[0.295ms] [34;1m[rows:1][0m SELECT count(*) FROM "setors" WHERE nome = 'Cozinha'

2026/07/11 11:46:10 [32m/home/humberto/Aplicativos/Manager-Restaurante-main/backend/pkg/database/postgres.go:209
[0m[33m[0.132ms] [34;1m[rows:1][0m SELECT count(*) FROM "setors" WHERE nome = 'Bar'

2026/07/11 11:46:10 [32m/home/humberto/Aplicativos/Manager-Restaurante-main/backend/pkg/database/postgres.go:209
[0m[33m[0.117ms] [34;1m[rows:1][0m SELECT count(*) FROM "setors" WHERE nome = 'Sobremesa'

2026/07/11 11:46:10 [32m/home/humberto/Aplicativos/Manager-Restaurante-main/backend/pkg/database/postgres.go:209
[0m[33m[0.137ms] [34;1m[rows:1][0m SELECT count(*) FROM "setors" WHERE nome = 'Caixa'

2026/07/11 11:46:10 [32m/home/humberto/Aplicativos/Manager-Restaurante-main/backend/pkg/database/postgres.go:218
[0m[33m[0.706ms] [34;1m[rows:1][0m SELECT * FROM "setors" WHERE nome = 'Cozinha' ORDER BY "setors"."id" LIMIT 1

2026/07/11 11:46:10 [32m/home/humberto/Aplicativos/Manager-Restaurante-main/backend/pkg/database/postgres.go:218
[0m[33m[0.162ms] [34;1m[rows:1][0m SELECT * FROM "setors" WHERE nome = 'Bar' ORDER BY "setors"."id" LIMIT 1

2026/07/11 11:46:10 [32m/home/humberto/Aplicativos/Manager-Restaurante-main/backend/pkg/database/postgres.go:218
[0m[33m[0.173ms] [34;1m[rows:1][0m SELECT * FROM "setors" WHERE nome = 'Sobremesa' ORDER BY "setors"."id" LIMIT 1

2026/07/11 11:46:10 [32m/home/humberto/Aplicativos/Manager-Restaurante-main/backend/pkg/database/postgres.go:218
[0m[33m[0.154ms] [34;1m[rows:1][0m SELECT * FROM "setors" WHERE nome = 'Caixa' ORDER BY "setors"."id" LIMIT 1

2026/07/11 11:46:10 [31;1m/home/humberto/Aplicativos/Manager-Restaurante-main/backend/pkg/database/postgres.go:231 [35;1mrecord not found
[0m[33m[0.267ms] [34;1m[rows:0][0m SELECT * FROM "categoria" WHERE nome = 'Hamburgueres' ORDER BY "categoria"."id" LIMIT 1

2026/07/11 11:46:10 [31;1m/home/humberto/Aplicativos/Manager-Restaurante-main/backend/pkg/database/postgres.go:231 [35;1mrecord not found
[0m[33m[0.159ms] [34;1m[rows:0][0m SELECT * FROM "categoria" WHERE nome = 'Porcoes' ORDER BY "categoria"."id" LIMIT 1

2026/07/11 11:46:10 [32m/home/humberto/Aplicativos/Manager-Restaurante-main/backend/pkg/database/postgres.go:231
[0m[33m[0.157ms] [34;1m[rows:1][0m SELECT * FROM "categoria" WHERE nome = 'Bebidas' ORDER BY "categoria"."id" LIMIT 1

2026/07/11 11:46:10 [32m/home/humberto/Aplicativos/Manager-Restaurante-main/backend/pkg/database/postgres.go:231
[0m[33m[0.170ms] [34;1m[rows:1][0m SELECT * FROM "categoria" WHERE nome = 'Sobremesas' ORDER BY "categoria"."id" LIMIT 1

2026/07/11 11:46:10 [32m/home/humberto/Aplicativos/Manager-Restaurante-main/backend/pkg/database/postgres.go:257
[0m[33m[1.992ms] [34;1m[rows:0][0m UPDATE "produtos" SET "setor_id"=2,"updated_at"='2026-07-11 11:46:10.908' WHERE categoria_id = 1 AND setor_id = 0

2026/07/11 11:46:10 [32m/home/humberto/Aplicativos/Manager-Restaurante-main/backend/pkg/database/postgres.go:257
[0m[33m[0.291ms] [34;1m[rows:0][0m UPDATE "produtos" SET "setor_id"=4,"updated_at"='2026-07-11 11:46:10.91' WHERE categoria_id = 4 AND setor_id = 0

2026/07/11 11:46:10 [32m/home/humberto/Aplicativos/Manager-Restaurante-main/backend/pkg/database/postgres.go:127
[0m[33m[0.229ms] [34;1m[rows:1][0m SELECT count(*) FROM "role_permissions"
2026/07/11 11:46:10 Database migration completed successfully.

2026/07/11 11:46:10 [32m/home/humberto/Aplicativos/Manager-Restaurante-main/backend/pkg/database/postgres.go:268
[0m[33m[0.208ms] [34;1m[rows:1][0m SELECT count(*) FROM "empresas"
2026/07/11 11:46:10 Connected to Redis successfully.
2026/07/11 11:46:10 WebSocket Hub initialized.
2026/07/11 11:46:10 Server is running on port 8080

 ┌───────────────────────────────────────────────────┐ 
 │            Manager Restaurante Server             │ 
 │                  Fiber v2.52.13                   │ 
 │               http://127.0.0.1:8080               │ 
 │       (bound on host 0.0.0.0 and port 8080)       │ 
 │                                                   │ 
 │ Handlers ............ 91  Processes ........... 1 │ 
 │ Prefork ....... Disabled  PID ............ 788603 │ 
 └───────────────────────────────────────────────────┘ 

2026/07/11 11:46:10 Subscribed to Redis Pub/Sub channel 'restaurant_realtime'

2026/07/11 11:46:29 [32m/home/humberto/Aplicativos/Manager-Restaurante-main/backend/internal/handlers/handlers.go:42
[0m[33m[2.039ms] [34;1m[rows:1][0m SELECT * FROM "usuarios" WHERE email = 'admin@sabor.com' ORDER BY "usuarios"."id" LIMIT 1
11:46:29 | 401 |    51.91943ms | 127.0.0.1 | POST | /api/auth/login | -

2026/07/11 11:46:52 [32m/home/humberto/Aplicativos/Manager-Restaurante-main/backend/internal/handlers/handlers.go:42
[0m[33m[0.784ms] [34;1m[rows:1][0m SELECT * FROM "usuarios" WHERE email = 'admin@sabor.com' ORDER BY "usuarios"."id" LIMIT 1

2026/07/11 11:46:52 [32m/home/humberto/Aplicativos/Manager-Restaurante-main/backend/internal/handlers/handlers.go:53
[0m[33m[1.869ms] [34;1m[rows:1][0m SELECT * FROM "empresas" WHERE "empresas"."id" = 1 ORDER BY "empresas"."id" LIMIT 1
11:46:52 | 200 |   55.660136ms | 127.0.0.1 | POST | /api/auth/login | -
11:46:52 | 101 |     150.825µs | 127.0.0.1 | GET | /ws | -
2026/07/11 11:46:52 Client registered: User 1 for Tenant 1
11:46:52 | 101 |     107.069µs | 127.0.0.1 | GET | /ws | -
2026/07/11 11:46:52 Client registered: User 1 for Tenant 1

2026/07/11 11:46:52 [32m/home/humberto/Aplicativos/Manager-Restaurante-main/backend/internal/handlers/handlers.go:881
[0m[33m[5.022ms] [34;1m[rows:1][0m SELECT COALESCE(SUM(total), 0) FROM "pedidos" WHERE (created_at >= '2026-07-10 21:00:00' AND status = 'entregue') AND tenant_id = 1

2026/07/11 11:46:52 [32m/home/humberto/Aplicativos/Manager-Restaurante-main/backend/internal/handlers/handlers.go:888
[0m[33m[1.207ms] [34;1m[rows:1][0m SELECT count(*) FROM "pedidos" WHERE status IN ('recebido','produzindo','pronto') AND tenant_id = 1

2026/07/11 11:46:52 [32m/home/humberto/Aplicativos/Manager-Restaurante-main/backend/internal/handlers/handlers.go:895
[0m[33m[0.361ms] [34;1m[rows:1][0m SELECT count(*) FROM "mesas" WHERE status = 'ocupada' AND tenant_id = 1

2026/07/11 11:46:52 [32m/home/humberto/Aplicativos/Manager-Restaurante-main/backend/internal/handlers/handlers.go:903
[0m[33m[0.748ms] [34;1m[rows:1][0m SELECT COALESCE(AVG(total), 0) FROM "pedidos" WHERE (created_at >= '2026-07-10 21:00:00' AND status = 'entregue') AND tenant_id = 1

2026/07/11 11:46:52 [32m/home/humberto/Aplicativos/Manager-Restaurante-main/backend/internal/handlers/handlers.go:918
[0m[33m[4.385ms] [34;1m[rows:5][0m SELECT produto_nome, SUM(quantidade * preco_unitario) as total_vendido, SUM(quantidade) as quantidade FROM "item_pedidos" WHERE tenant_id = 1 GROUP BY "produto_nome" ORDER BY quantidade desc LIMIT 5
11:46:52 | 200 |   12.154839ms | 127.0.0.1 | GET | /api/dashboard/stats | -

2026/07/11 11:46:52 [32m/home/humberto/Aplicativos/Manager-Restaurante-main/backend/internal/handlers/caixa_handlers.go:340
[0m[33m[10.646ms] [34;1m[rows:8][0m SELECT * FROM "caixa_turnos" WHERE tenant_id = 1 ORDER BY id desc LIMIT 20
11:46:52 | 200 |   10.897344ms | 127.0.0.1 | GET | /api/caixa/turnos | -

2026/07/11 11:46:58 [32m/home/humberto/Aplicativos/Manager-Restaurante-main/backend/internal/handlers/handlers.go:781
[0m[33m[4.064ms] [34;1m[rows:4][0m SELECT * FROM "setors" WHERE tenant_id = 1 ORDER BY nome asc
11:46:57 | 200 |    4.225054ms | 127.0.0.1 | GET | /api/setores | -

2026/07/11 11:46:58 [32m/home/humberto/Aplicativos/Manager-Restaurante-main/backend/internal/handlers/handlers.go:768
[0m[33m[4.641ms] [34;1m[rows:0][0m SELECT * FROM "pedidos" WHERE status IN ('recebido','produzindo','pronto') AND (id IN (SELECT pedido_id FROM item_pedidos WHERE setor_id = '1' OR setor_id = 0)) AND tenant_id = 1 ORDER BY created_at asc
11:46:57 | 200 |    4.775674ms | 127.0.0.1 | GET | /api/kds | -

2026/07/11 11:47:02 [32m/home/humberto/Aplicativos/Manager-Restaurante-main/backend/internal/handlers/handlers.go:768
[0m[33m[1.025ms] [34;1m[rows:0][0m SELECT * FROM "pedidos" WHERE status IN ('recebido','produzindo','pronto') AND (id IN (SELECT pedido_id FROM item_pedidos WHERE setor_id = '2' OR setor_id = 0)) AND tenant_id = 1 ORDER BY created_at asc
11:47:01 | 200 |    1.167971ms | 127.0.0.1 | GET | /api/kds | -

2026/07/11 11:47:03 [32m/home/humberto/Aplicativos/Manager-Restaurante-main/backend/internal/handlers/handlers.go:768
[0m[33m[0.789ms] [34;1m[rows:0][0m SELECT * FROM "pedidos" WHERE status IN ('recebido','produzindo','pronto') AND (id IN (SELECT pedido_id FROM item_pedidos WHERE setor_id = '1' OR setor_id = 0)) AND tenant_id = 1 ORDER BY created_at asc
11:47:02 | 200 |     909.609µs | 127.0.0.1 | GET | /api/kds | -

2026/07/11 11:47:03 [32m/home/humberto/Aplicativos/Manager-Restaurante-main/backend/internal/handlers/handlers.go:225
[0m[33m[0.875ms] [34;1m[rows:16][0m SELECT * FROM "mesas" WHERE tenant_id = 1 ORDER BY numero asc
11:47:03 | 200 |    1.059452ms | 127.0.0.1 | GET | /api/tables | -

2026/07/11 11:47:04 [32m/home/humberto/Aplicativos/Manager-Restaurante-main/backend/internal/handlers/caixa_handlers.go:19
[0m[33m[2.531ms] [34;1m[rows:1][0m SELECT * FROM "caixa_turnos" WHERE status = 'aberto' AND tenant_id = 1 ORDER BY "caixa_turnos"."id" LIMIT 1
11:47:03 | 200 |    2.657212ms | 127.0.0.1 | GET | /api/caixa/status | -

2026/07/11 11:47:04 [32m/home/humberto/Aplicativos/Manager-Restaurante-main/backend/internal/handlers/handlers.go:447
[0m[33m[3.040ms] [34;1m[rows:4][0m SELECT * FROM "categoria" WHERE tenant_id = 1 ORDER BY nome asc
11:47:03 | 200 |    3.156785ms | 127.0.0.1 | GET | /api/categories | -

2026/07/11 11:47:04 [32m/home/humberto/Aplicativos/Manager-Restaurante-main/backend/internal/handlers/handlers.go:293
[0m[33m[9.394ms] [34;1m[rows:9][0m SELECT * FROM "produtos" WHERE ativo = true AND tenant_id = 1 ORDER BY nome asc

2026/07/11 11:47:04 [32m/home/humberto/Aplicativos/Manager-Restaurante-main/backend/internal/handlers/handlers.go:225
[0m[33m[9.384ms] [34;1m[rows:16][0m SELECT * FROM "mesas" WHERE tenant_id = 1 ORDER BY numero asc
11:47:03 | 200 |    9.753456ms | 127.0.0.1 | GET | /api/products | -
11:47:03 | 200 |   10.042086ms | 127.0.0.1 | GET | /api/tables | -

2026/07/11 11:47:04 [32m/home/humberto/Aplicativos/Manager-Restaurante-main/backend/internal/handlers/handlers.go:692
[0m[33m[1.983ms] [34;1m[rows:103][0m SELECT * FROM "item_pedidos" WHERE "item_pedidos"."pedido_id" IN (80,79,78,77,76,75,74,73,72,71,70,69,68,67,66,65,64,63,62,61,60,59,58,57,56,55,54,53,52,51,50,49,48,47,46,45,44,43,42,41,40,39,38,37,36,35,34,33,32,31,30,29,28,27,26,25,24,23,22,21,20,19,18,17,16,15,14,13,12,11,10,9,8,7,6,5,4,3,2,1)

2026/07/11 11:47:04 [32m/home/humberto/Aplicativos/Manager-Restaurante-main/backend/internal/handlers/handlers.go:692
[0m[33m[12.765ms] [34;1m[rows:80][0m SELECT * FROM "pedidos" WHERE tenant_id = 1 ORDER BY created_at desc
11:47:03 | 200 |   13.191205ms | 127.0.0.1 | GET | /api/orders | -

2026/07/11 11:47:08 [32m/home/humberto/Aplicativos/Manager-Restaurante-main/backend/internal/handlers/caixa_handlers.go:269
[0m[33m[1.137ms] [34;1m[rows:1][0m SELECT * FROM "caixa_turnos" WHERE status = 'aberto' AND tenant_id = 1 ORDER BY "caixa_turnos"."id" LIMIT 1

2026/07/11 11:47:08 [32m/home/humberto/Aplicativos/Manager-Restaurante-main/backend/internal/handlers/caixa_handlers.go:284
[0m[33m[2.440ms] [34;1m[rows:0][0m SELECT * FROM "caixa_movimentacaos" WHERE caixa_turno_id = 8

2026/07/11 11:47:08 [32m/home/humberto/Aplicativos/Manager-Restaurante-main/backend/internal/handlers/caixa_handlers.go:302
[0m[33m[0.487ms] [34;1m[rows:1][0m SELECT COALESCE(SUM(total), 0) FROM "pedidos" WHERE tenant_id = 1 AND status IN ('concluido', 'pago', 'entregue') AND updated_at >= '2026-06-14 16:36:42.691'

2026/07/11 11:47:08 [32m/home/humberto/Aplicativos/Manager-Restaurante-main/backend/internal/handlers/caixa_handlers.go:320
[0m[33m[0.665ms] [34;1m[rows:1][0m SELECT metodo, COALESCE(SUM(valor), 0) as total FROM "pagamentos" WHERE tenant_id = 1 AND status = 'aprovado' AND updated_at >= '2026-06-14 16:36:42.691' GROUP BY "metodo"
11:47:07 | 200 |    5.047785ms | 127.0.0.1 | GET | /api/caixa/relatorio/current | -

2026/07/11 11:47:15 [32m/home/humberto/Aplicativos/Manager-Restaurante-main/backend/internal/handlers/caixa_handlers.go:91
[0m[33m[0.795ms] [34;1m[rows:1][0m SELECT * FROM "caixa_turnos" WHERE status = 'aberto' AND tenant_id = 1 ORDER BY "caixa_turnos"."id" LIMIT 1

2026/07/11 11:47:15 [32m/home/humberto/Aplicativos/Manager-Restaurante-main/backend/internal/handlers/caixa_handlers.go:100
[0m[33m[12.139ms] [34;1m[rows:1][0m UPDATE "caixa_turnos" SET "tenant_id"=1,"usuario_id"=1,"status"='fechado',"valor_inicial"=150,"valor_final"=160,"aberto_em"='2026-06-14 16:36:42.691',"fechado_em"='2026-07-11 11:47:15.257' WHERE "id" = 8

2026/07/11 11:47:15 [32m/home/humberto/Aplicativos/Manager-Restaurante-main/backend/internal/handlers/caixa_handlers.go:109
[0m[33m[0.625ms] [34;1m[rows:1][0m SELECT COALESCE(SUM(total), 0) FROM "pedidos" WHERE tenant_id = 1 AND status IN ('concluido', 'pago') AND updated_at >= '2026-06-14 16:36:42.691'
11:47:15 | 200 |   13.932566ms | 127.0.0.1 | POST | /api/caixa/fechar | -

2026/07/11 11:47:15 [31;1m/home/humberto/Aplicativos/Manager-Restaurante-main/backend/internal/handlers/caixa_handlers.go:19 [35;1mrecord not found
[0m[33m[0.466ms] [34;1m[rows:0][0m SELECT * FROM "caixa_turnos" WHERE status = 'aberto' AND tenant_id = 1 ORDER BY "caixa_turnos"."id" LIMIT 1
11:47:15 | 200 |     566.937µs | 127.0.0.1 | GET | /api/caixa/status | -

2026/07/11 11:47:24 [31;1m/home/humberto/Aplicativos/Manager-Restaurante-main/backend/internal/handlers/caixa_handlers.go:41 [35;1mrecord not found
[0m[33m[0.921ms] [34;1m[rows:0][0m SELECT * FROM "caixa_turnos" WHERE status = 'aberto' AND tenant_id = 1 ORDER BY "caixa_turnos"."id" LIMIT 1

2026/07/11 11:47:24 [32m/home/humberto/Aplicativos/Manager-Restaurante-main/backend/internal/handlers/caixa_handlers.go:53
[0m[33m[2.366ms] [34;1m[rows:1][0m INSERT INTO "caixa_turnos" ("tenant_id","usuario_id","status","valor_inicial","valor_final","aberto_em","fechado_em") VALUES (1,1,'aberto',200,0,'2026-07-11 11:47:24.201',NULL) RETURNING "id"

2026/07/11 11:47:24 [32m/home/humberto/Aplicativos/Manager-Restaurante-main/backend/internal/handlers/caixa_handlers.go:72
[0m[33m[3.417ms] [34;1m[rows:1][0m INSERT INTO "lancamento_financeiros" ("tenant_id","tipo","categoria","descricao","valor","data","caixa_turno_id","conta_pagar_id","created_at","updated_at") VALUES (1,'receita','abertura_caixa','Fundo de Troco - Abertura de Caixa #9',200,'2026-07-11 11:47:24.201',9,NULL,'2026-07-11 11:47:24.203','2026-07-11 11:47:24.203') RETURNING "id"
11:47:24 | 200 |    7.108798ms | 127.0.0.1 | POST | /api/caixa/abrir | -

2026/07/11 11:47:24 [32m/home/humberto/Aplicativos/Manager-Restaurante-main/backend/internal/handlers/caixa_handlers.go:19
[0m[33m[0.675ms] [34;1m[rows:1][0m SELECT * FROM "caixa_turnos" WHERE status = 'aberto' AND tenant_id = 1 ORDER BY "caixa_turnos"."id" LIMIT 1
11:47:24 | 200 |     910.387µs | 127.0.0.1 | GET | /api/caixa/status | -

2026/07/11 11:47:26 [32m/home/humberto/Aplicativos/Manager-Restaurante-main/backend/internal/handlers/handlers.go:881
[0m[33m[1.070ms] [34;1m[rows:1][0m SELECT COALESCE(SUM(total), 0) FROM "pedidos" WHERE (created_at >= '2026-07-10 21:00:00' AND status = 'entregue') AND tenant_id = 1

2026/07/11 11:47:26 [32m/home/humberto/Aplicativos/Manager-Restaurante-main/backend/internal/handlers/caixa_handlers.go:340
[0m[33m[1.237ms] [34;1m[rows:9][0m SELECT * FROM "caixa_turnos" WHERE tenant_id = 1 ORDER BY id desc LIMIT 20
11:47:26 | 200 |    1.369588ms | 127.0.0.1 | GET | /api/caixa/turnos | -

2026/07/11 11:47:26 [32m/home/humberto/Aplicativos/Manager-Restaurante-main/backend/internal/handlers/handlers.go:888
[0m[33m[0.530ms] [34;1m[rows:1][0m SELECT count(*) FROM "pedidos" WHERE status IN ('recebido','produzindo','pronto') AND tenant_id = 1

2026/07/11 11:47:26 [32m/home/humberto/Aplicativos/Manager-Restaurante-main/backend/internal/handlers/handlers.go:895
[0m[33m[0.396ms] [34;1m[rows:1][0m SELECT count(*) FROM "mesas" WHERE status = 'ocupada' AND tenant_id = 1

2026/07/11 11:47:26 [32m/home/humberto/Aplicativos/Manager-Restaurante-main/backend/internal/handlers/handlers.go:903
[0m[33m[0.441ms] [34;1m[rows:1][0m SELECT COALESCE(AVG(total), 0) FROM "pedidos" WHERE (created_at >= '2026-07-10 21:00:00' AND status = 'entregue') AND tenant_id = 1

2026/07/11 11:47:26 [32m/home/humberto/Aplicativos/Manager-Restaurante-main/backend/internal/handlers/handlers.go:918
[0m[33m[0.526ms] [34;1m[rows:5][0m SELECT produto_nome, SUM(quantidade * preco_unitario) as total_vendido, SUM(quantidade) as quantidade FROM "item_pedidos" WHERE tenant_id = 1 GROUP BY "produto_nome" ORDER BY quantidade desc LIMIT 5
11:47:26 | 200 |    3.389946ms | 127.0.0.1 | GET | /api/dashboard/stats | -

2026/07/11 11:47:26 [32m/home/humberto/Aplicativos/Manager-Restaurante-main/backend/internal/handlers/handlers.go:881
[0m[33m[0.448ms] [34;1m[rows:1][0m SELECT COALESCE(SUM(total), 0) FROM "pedidos" WHERE (created_at >= '2026-07-10 21:00:00' AND status = 'entregue') AND tenant_id = 1

2026/07/11 11:47:26 [32m/home/humberto/Aplicativos/Manager-Restaurante-main/backend/internal/handlers/handlers.go:888
[0m[33m[0.229ms] [34;1m[rows:1][0m SELECT count(*) FROM "pedidos" WHERE status IN ('recebido','produzindo','pronto') AND tenant_id = 1

2026/07/11 11:47:26 [32m/home/humberto/Aplicativos/Manager-Restaurante-main/backend/internal/handlers/handlers.go:895
[0m[33m[0.177ms] [34;1m[rows:1][0m SELECT count(*) FROM "mesas" WHERE status = 'ocupada' AND tenant_id = 1

2026/07/11 11:47:26 [32m/home/humberto/Aplicativos/Manager-Restaurante-main/backend/internal/handlers/handlers.go:903
[0m[33m[0.284ms] [34;1m[rows:1][0m SELECT COALESCE(AVG(total), 0) FROM "pedidos" WHERE (created_at >= '2026-07-10 21:00:00' AND status = 'entregue') AND tenant_id = 1

2026/07/11 11:47:26 [32m/home/humberto/Aplicativos/Manager-Restaurante-main/backend/internal/handlers/handlers.go:918
[0m[33m[0.366ms] [34;1m[rows:5][0m SELECT produto_nome, SUM(quantidade * preco_unitario) as total_vendido, SUM(quantidade) as quantidade FROM "item_pedidos" WHERE tenant_id = 1 GROUP BY "produto_nome" ORDER BY quantidade desc LIMIT 5
11:47:26 | 200 |    1.726256ms | 127.0.0.1 | GET | /api/dashboard/stats | -

2026/07/11 11:47:26 [32m/home/humberto/Aplicativos/Manager-Restaurante-main/backend/internal/handlers/handlers.go:881
[0m[33m[0.733ms] [34;1m[rows:1][0m SELECT COALESCE(SUM(total), 0) FROM "pedidos" WHERE (created_at >= '2026-07-10 21:00:00' AND status = 'entregue') AND tenant_id = 1

2026/07/11 11:47:26 [32m/home/humberto/Aplicativos/Manager-Restaurante-main/backend/internal/handlers/handlers.go:888
[0m[33m[0.330ms] [34;1m[rows:1][0m SELECT count(*) FROM "pedidos" WHERE status IN ('recebido','produzindo','pronto') AND tenant_id = 1

2026/07/11 11:47:26 [32m/home/humberto/Aplicativos/Manager-Restaurante-main/backend/internal/handlers/handlers.go:895
[0m[33m[0.219ms] [34;1m[rows:1][0m SELECT count(*) FROM "mesas" WHERE status = 'ocupada' AND tenant_id = 1

2026/07/11 11:47:26 [32m/home/humberto/Aplicativos/Manager-Restaurante-main/backend/internal/handlers/handlers.go:903
[0m[33m[0.285ms] [34;1m[rows:1][0m SELECT COALESCE(AVG(total), 0) FROM "pedidos" WHERE (created_at >= '2026-07-10 21:00:00' AND status = 'entregue') AND tenant_id = 1

2026/07/11 11:47:26 [32m/home/humberto/Aplicativos/Manager-Restaurante-main/backend/internal/handlers/handlers.go:918
[0m[33m[0.390ms] [34;1m[rows:5][0m SELECT produto_nome, SUM(quantidade * preco_unitario) as total_vendido, SUM(quantidade) as quantidade FROM "item_pedidos" WHERE tenant_id = 1 GROUP BY "produto_nome" ORDER BY quantidade desc LIMIT 5
11:47:26 | 200 |    2.300325ms | 127.0.0.1 | GET | /api/dashboard/stats | -

2026/07/11 11:47:29 [32m/home/humberto/Aplicativos/Manager-Restaurante-main/backend/internal/handlers/handlers.go:768
[0m[33m[0.957ms] [34;1m[rows:0][0m SELECT * FROM "pedidos" WHERE status IN ('recebido','produzindo','pronto') AND (id IN (SELECT pedido_id FROM item_pedidos WHERE setor_id = '1' OR setor_id = 0)) AND tenant_id = 1 ORDER BY created_at asc
11:47:29 | 200 |    1.109457ms | 127.0.0.1 | GET | /api/kds | -

2026/07/11 11:47:29 [32m/home/humberto/Aplicativos/Manager-Restaurante-main/backend/internal/handlers/handlers.go:768
[0m[33m[0.876ms] [34;1m[rows:0][0m SELECT * FROM "pedidos" WHERE status IN ('recebido','produzindo','pronto') AND (id IN (SELECT pedido_id FROM item_pedidos WHERE setor_id = '1' OR setor_id = 0)) AND tenant_id = 1 ORDER BY created_at asc
11:47:29 | 200 |    1.031392ms | 127.0.0.1 | GET | /api/kds | -

2026/07/11 11:47:29 [32m/home/humberto/Aplicativos/Manager-Restaurante-main/backend/internal/handlers/handlers.go:768
[0m[33m[0.923ms] [34;1m[rows:0][0m SELECT * FROM "pedidos" WHERE status IN ('recebido','produzindo','pronto') AND (id IN (SELECT pedido_id FROM item_pedidos WHERE setor_id = '1' OR setor_id = 0)) AND tenant_id = 1 ORDER BY created_at asc
11:47:29 | 200 |    1.038917ms | 127.0.0.1 | GET | /api/kds | -

2026/07/11 11:47:42 [32m/home/humberto/Aplicativos/Manager-Restaurante-main/backend/internal/handlers/handlers.go:781
[0m[33m[1.204ms] [34;1m[rows:4][0m SELECT * FROM "setors" WHERE tenant_id = 1 ORDER BY nome asc
11:47:42 | 200 |    1.356851ms | 127.0.0.1 | GET | /api/setores | -

2026/07/11 11:47:42 [32m/home/humberto/Aplicativos/Manager-Restaurante-main/backend/internal/handlers/handlers.go:768
[0m[33m[0.658ms] [34;1m[rows:0][0m SELECT * FROM "pedidos" WHERE status IN ('recebido','produzindo','pronto') AND (id IN (SELECT pedido_id FROM item_pedidos WHERE setor_id = '1' OR setor_id = 0)) AND tenant_id = 1 ORDER BY created_at asc
11:47:42 | 200 |     828.559µs | 127.0.0.1 | GET | /api/kds | -
11:47:42 | 101 |     108.147µs | 127.0.0.1 | GET | /ws | -
2026/07/11 11:47:42 Client registered: User 1 for Tenant 1
11:47:42 | 101 |      72.136µs | 127.0.0.1 | GET | /ws | -
2026/07/11 11:47:42 Client registered: User 1 for Tenant 1

2026/07/11 11:47:48 [32m/home/humberto/Aplicativos/Manager-Restaurante-main/backend/internal/handlers/handlers.go:447
[0m[33m[1.403ms] [34;1m[rows:4][0m SELECT * FROM "categoria" WHERE tenant_id = 1 ORDER BY nome asc
11:47:48 | 200 |    1.591182ms | 127.0.0.1 | GET | /api/categories | -

2026/07/11 11:47:48 [32m/home/humberto/Aplicativos/Manager-Restaurante-main/backend/internal/handlers/handlers.go:293
[0m[33m[3.358ms] [34;1m[rows:9][0m SELECT * FROM "produtos" WHERE ativo = true AND tenant_id = 1 ORDER BY nome asc
11:47:48 | 200 |    3.598147ms | 127.0.0.1 | GET | /api/products | -

2026/07/11 11:47:48 [32m/home/humberto/Aplicativos/Manager-Restaurante-main/backend/internal/handlers/handlers.go:225
[0m[33m[10.014ms] [34;1m[rows:16][0m SELECT * FROM "mesas" WHERE tenant_id = 1 ORDER BY numero asc
11:47:48 | 200 |   10.286183ms | 127.0.0.1 | GET | /api/tables | -

2026/07/11 11:47:48 [32m/home/humberto/Aplicativos/Manager-Restaurante-main/backend/internal/handlers/caixa_handlers.go:19
[0m[33m[12.221ms] [34;1m[rows:1][0m SELECT * FROM "caixa_turnos" WHERE status = 'aberto' AND tenant_id = 1 ORDER BY "caixa_turnos"."id" LIMIT 1
11:47:48 | 200 |   12.388604ms | 127.0.0.1 | GET | /api/caixa/status | -

2026/07/11 11:47:48 [32m/home/humberto/Aplicativos/Manager-Restaurante-main/backend/internal/handlers/handlers.go:692
[0m[33m[2.792ms] [34;1m[rows:103][0m SELECT * FROM "item_pedidos" WHERE "item_pedidos"."pedido_id" IN (80,79,78,77,76,75,74,73,72,71,70,69,68,67,66,65,64,63,62,61,60,59,58,57,56,55,54,53,52,51,50,49,48,47,46,45,44,43,42,41,40,39,38,37,36,35,34,33,32,31,30,29,28,27,26,25,24,23,22,21,20,19,18,17,16,15,14,13,12,11,10,9,8,7,6,5,4,3,2,1)

2026/07/11 11:47:48 [32m/home/humberto/Aplicativos/Manager-Restaurante-main/backend/internal/handlers/handlers.go:692
[0m[33m[14.295ms] [34;1m[rows:80][0m SELECT * FROM "pedidos" WHERE tenant_id = 1 ORDER BY created_at desc
11:47:48 | 200 |   14.916088ms | 127.0.0.1 | GET | /api/orders | -

2026/07/11 11:47:55 [32m/home/humberto/Aplicativos/Manager-Restaurante-main/backend/internal/handlers/financeiro_handlers.go:22
[0m[33m[0.635ms] [34;1m[rows:7][0m SELECT * FROM "caixa_turnos" WHERE "caixa_turnos"."id" IN (9,8,7,6,5,4,3)

2026/07/11 11:47:55 [32m/home/humberto/Aplicativos/Manager-Restaurante-main/backend/internal/handlers/financeiro_handlers.go:22
[0m[33m[1.899ms] [34;1m[rows:8][0m SELECT * FROM "lancamento_financeiros" WHERE tenant_id = 1 ORDER BY data desc
11:47:55 | 200 |    2.064992ms | 127.0.0.1 | GET | /api/financeiro/extrato | -

2026/07/11 11:47:55 [32m/home/humberto/Aplicativos/Manager-Restaurante-main/backend/internal/handlers/erp_handlers.go:226
[0m[33m[2.065ms] [34;1m[rows:1][0m SELECT * FROM "fornecedors" WHERE "fornecedors"."id" = 1

2026/07/11 11:47:55 [32m/home/humberto/Aplicativos/Manager-Restaurante-main/backend/internal/handlers/erp_handlers.go:226
[0m[33m[5.185ms] [34;1m[rows:3][0m SELECT * FROM "conta_pagars" WHERE tenant_id = 1 ORDER BY data_vencimento asc
11:47:55 | 200 |    5.338228ms | 127.0.0.1 | GET | /api/contas-pagar | -

2026/07/11 11:48:00 [32m/home/humberto/Aplicativos/Manager-Restaurante-main/backend/internal/handlers/caixa_handlers.go:19
[0m[33m[0.945ms] [34;1m[rows:1][0m SELECT * FROM "caixa_turnos" WHERE status = 'aberto' AND tenant_id = 1 ORDER BY "caixa_turnos"."id" LIMIT 1
11:48:00 | 200 |    1.294301ms | 127.0.0.1 | GET | /api/caixa/status | -

2026/07/11 11:48:00 [32m/home/humberto/Aplicativos/Manager-Restaurante-main/backend/internal/handlers/handlers.go:447
[0m[33m[2.533ms] [34;1m[rows:4][0m SELECT * FROM "categoria" WHERE tenant_id = 1 ORDER BY nome asc
11:48:00 | 200 |     2.71857ms | 127.0.0.1 | GET | /api/categories | -

2026/07/11 11:48:00 [32m/home/humberto/Aplicativos/Manager-Restaurante-main/backend/internal/handlers/handlers.go:225
[0m[33m[9.247ms] [34;1m[rows:16][0m SELECT * FROM "mesas" WHERE tenant_id = 1 ORDER BY numero asc
11:48:00 | 200 |    9.436974ms | 127.0.0.1 | GET | /api/tables | -

2026/07/11 11:48:00 [32m/home/humberto/Aplicativos/Manager-Restaurante-main/backend/internal/handlers/handlers.go:293
[0m[33m[9.398ms] [34;1m[rows:9][0m SELECT * FROM "produtos" WHERE ativo = true AND tenant_id = 1 ORDER BY nome asc
11:48:00 | 200 |    9.563439ms | 127.0.0.1 | GET | /api/products | -

2026/07/11 11:48:00 [32m/home/humberto/Aplicativos/Manager-Restaurante-main/backend/internal/handlers/handlers.go:692
[0m[33m[3.177ms] [34;1m[rows:103][0m SELECT * FROM "item_pedidos" WHERE "item_pedidos"."pedido_id" IN (80,79,78,77,76,75,74,73,72,71,70,69,68,67,66,65,64,63,62,61,60,59,58,57,56,55,54,53,52,51,50,49,48,47,46,45,44,43,42,41,40,39,38,37,36,35,34,33,32,31,30,29,28,27,26,25,24,23,22,21,20,19,18,17,16,15,14,13,12,11,10,9,8,7,6,5,4,3,2,1)

2026/07/11 11:48:00 [32m/home/humberto/Aplicativos/Manager-Restaurante-main/backend/internal/handlers/handlers.go:692
[0m[33m[13.122ms] [34;1m[rows:80][0m SELECT * FROM "pedidos" WHERE tenant_id = 1 ORDER BY created_at desc
11:48:00 | 200 |   13.620377ms | 127.0.0.1 | GET | /api/orders | -

2026/07/11 11:48:01 [32m/home/humberto/Aplicativos/Manager-Restaurante-main/backend/internal/handlers/handlers.go:225
[0m[33m[1.612ms] [34;1m[rows:16][0m SELECT * FROM "mesas" WHERE tenant_id = 1 ORDER BY numero asc
11:48:00 | 200 |    1.812827ms | 127.0.0.1 | GET | /api/tables | -

2026/07/11 11:48:01 [32m/home/humberto/Aplicativos/Manager-Restaurante-main/backend/internal/handlers/handlers.go:225
[0m[33m[0.603ms] [34;1m[rows:16][0m SELECT * FROM "mesas" WHERE tenant_id = 1 ORDER BY numero asc
11:48:00 | 200 |      798.31µs | 127.0.0.1 | GET | /api/tables | -

2026/07/11 11:48:01 [32m/home/humberto/Aplicativos/Manager-Restaurante-main/backend/internal/handlers/handlers.go:225
[0m[33m[0.802ms] [34;1m[rows:16][0m SELECT * FROM "mesas" WHERE tenant_id = 1 ORDER BY numero asc
11:48:00 | 200 |    1.003055ms | 127.0.0.1 | GET | /api/tables | -

2026/07/11 11:48:02 [32m/home/humberto/Aplicativos/Manager-Restaurante-main/backend/internal/handlers/handlers.go:238
[0m[33m[0.749ms] [34;1m[rows:1][0m SELECT * FROM "mesas" WHERE "mesas"."id" = 1 AND tenant_id = 1 ORDER BY "mesas"."id" LIMIT 1

2026/07/11 11:48:02 [32m/home/humberto/Aplicativos/Manager-Restaurante-main/backend/internal/handlers/handlers.go:271
[0m[33m[3.710ms] [34;1m[rows:1][0m UPDATE "mesas" SET "tenant_id"=1,"numero"=1,"status"='livre',"capacidade"=4,"formato"='quadrado',"pos_x"=28,"pos_y"=30,"created_at"='2026-06-13 08:53:12.223',"updated_at"='2026-07-11 11:48:02.957' WHERE "id" = 1
11:48:02 | 200 |    4.957684ms | 127.0.0.1 | PUT | /api/tables/1 | -

2026/07/11 11:48:02 [32m/home/humberto/Aplicativos/Manager-Restaurante-main/backend/internal/handlers/handlers.go:1825
[0m[33m[1.593ms] [34;1m[rows:0][0m SELECT * FROM "pedidos" WHERE (mesa_id = 1 AND status != 'entregue') AND tenant_id = 1 ORDER BY created_at desc
11:48:02 | 200 |    1.703016ms | 127.0.0.1 | GET | /api/tables/1/orders | -

2026/07/11 11:48:09 [32m/home/humberto/Aplicativos/Manager-Restaurante-main/backend/internal/handlers/caixa_handlers.go:19
[0m[33m[0.717ms] [34;1m[rows:1][0m SELECT * FROM "caixa_turnos" WHERE status = 'aberto' AND tenant_id = 1 ORDER BY "caixa_turnos"."id" LIMIT 1

2026/07/11 11:48:09 [32m/home/humberto/Aplicativos/Manager-Restaurante-main/backend/internal/handlers/handlers.go:447
[0m[33m[0.868ms] [34;1m[rows:4][0m SELECT * FROM "categoria" WHERE tenant_id = 1 ORDER BY nome asc
11:48:09 | 200 |     874.019µs | 127.0.0.1 | GET | /api/caixa/status | -
11:48:09 | 200 |    1.047459ms | 127.0.0.1 | GET | /api/categories | -

2026/07/11 11:48:09 [32m/home/humberto/Aplicativos/Manager-Restaurante-main/backend/internal/handlers/handlers.go:225
[0m[33m[0.494ms] [34;1m[rows:16][0m SELECT * FROM "mesas" WHERE tenant_id = 1 ORDER BY numero asc
11:48:09 | 200 |     611.087µs | 127.0.0.1 | GET | /api/tables | -

2026/07/11 11:48:09 [32m/home/humberto/Aplicativos/Manager-Restaurante-main/backend/internal/handlers/handlers.go:692
[0m[33m[1.349ms] [34;1m[rows:103][0m SELECT * FROM "item_pedidos" WHERE "item_pedidos"."pedido_id" IN (80,79,78,77,76,75,74,73,72,71,70,69,68,67,66,65,64,63,62,61,60,59,58,57,56,55,54,53,52,51,50,49,48,47,46,45,44,43,42,41,40,39,38,37,36,35,34,33,32,31,30,29,28,27,26,25,24,23,22,21,20,19,18,17,16,15,14,13,12,11,10,9,8,7,6,5,4,3,2,1)

2026/07/11 11:48:09 [32m/home/humberto/Aplicativos/Manager-Restaurante-main/backend/internal/handlers/handlers.go:692
[0m[33m[5.655ms] [34;1m[rows:80][0m SELECT * FROM "pedidos" WHERE tenant_id = 1 ORDER BY created_at desc
11:48:09 | 200 |    6.015781ms | 127.0.0.1 | GET | /api/orders | -

2026/07/11 11:48:09 [32m/home/humberto/Aplicativos/Manager-Restaurante-main/backend/internal/handlers/handlers.go:293
[0m[33m[10.672ms] [34;1m[rows:9][0m SELECT * FROM "produtos" WHERE ativo = true AND tenant_id = 1 ORDER BY nome asc
11:48:09 | 200 |   10.808796ms | 127.0.0.1 | GET | /api/products | -

2026/07/11 11:48:32 [32m/home/humberto/Aplicativos/Manager-Restaurante-main/backend/internal/services/pinpad.go:375
[0m[33m[3.126ms] [34;1m[rows:1][0m SELECT * FROM "pinpads" WHERE tenant_id = 1 AND ativo = true ORDER BY "pinpads"."id" LIMIT 1
2026/07/11 11:48:32 [TEF] Processing payment via pinpad (serial:/dev/ttyACM0) amount: 6.50, method: pix
2026/07/11 11:48:32 [TEF] TEF agent unreachable, simulating approval for development
11:48:32 | 200 |    3.357941ms | 127.0.0.1 | POST | /api/tef/payment | -

2026/07/11 11:48:39 [32m/home/humberto/Aplicativos/Manager-Restaurante-main/backend/internal/handlers/handlers.go:575
[0m[33m[0.750ms] [34;1m[rows:1][0m SELECT * FROM "produtos" WHERE "produtos"."id" = 4 AND tenant_id = 1 ORDER BY "produtos"."id" LIMIT 1

2026/07/11 11:48:39 [32m/home/humberto/Aplicativos/Manager-Restaurante-main/backend/internal/handlers/handlers.go:581
[0m[33m[2.487ms] [34;1m[rows:0][0m SELECT * FROM "ficha_tecnica_items" WHERE produto_id = 4 AND tenant_id = 1

2026/07/11 11:48:39 [32m/home/humberto/Aplicativos/Manager-Restaurante-main/backend/internal/handlers/handlers.go:609
[0m[33m[0.616ms] [34;1m[rows:1][0m SELECT * FROM "estoques" WHERE produto_id = 4 AND tenant_id = 1 ORDER BY "estoques"."id" LIMIT 1

2026/07/11 11:48:39 [32m/home/humberto/Aplicativos/Manager-Restaurante-main/backend/internal/handlers/handlers.go:614
[0m[33m[1.565ms] [34;1m[rows:1][0m UPDATE "estoques" SET "tenant_id"=1,"produto_id"=4,"quantidade"=76,"minimo"=10,"alerta"=false,"created_at"='2026-06-13 08:53:12.251',"updated_at"='2026-07-11 11:48:39.637' WHERE "id" = 4

2026/07/11 11:48:39 [32m/home/humberto/Aplicativos/Manager-Restaurante-main/backend/internal/handlers/handlers.go:616
[0m[33m[2.266ms] [34;1m[rows:1][0m INSERT INTO "movimentacao_estoques" ("tenant_id","produto_id","quantidade","tipo","motivo","usuario_id","created_at") VALUES (1,4,1,'saida','venda',1,'2026-07-11 11:48:39.639') RETURNING "id"

2026/07/11 11:48:39 [32m/home/humberto/Aplicativos/Manager-Restaurante-main/backend/internal/handlers/handlers.go:657
[0m[33m[1.402ms] [34;1m[rows:1][0m INSERT INTO "item_pedidos" ("tenant_id","pedido_id","produto_id","produto_nome","quantidade","observacao","preco_unitario","status","impresso","setor_id","created_at","updated_at") VALUES (1,81,4,'Coca-Cola Lata 350ml',1,'',6.5,'recebido',false,2,'2026-07-11 11:48:39.643','2026-07-11 11:48:39.643') ON CONFLICT ("id") DO UPDATE SET "pedido_id"="excluded"."pedido_id" RETURNING "id"

2026/07/11 11:48:39 [32m/home/humberto/Aplicativos/Manager-Restaurante-main/backend/internal/handlers/handlers.go:657
[0m[33m[3.851ms] [34;1m[rows:1][0m INSERT INTO "pedidos" ("tenant_id","comanda_id","mesa_id","status","origem","total","cliente_id","entregador_id","endereco_entrega","cpf_cnpj_cliente","chave_acesso_nfe","url_cupom_fiscal","created_at","updated_at") VALUES (1,NULL,NULL,'recebido','balcao',6.5,NULL,NULL,'','','','','2026-07-11 11:48:39.641','2026-07-11 11:48:39.641') RETURNING "id"
11:48:39 | 200 |   12.430695ms | 127.0.0.1 | POST | /api/orders | -

2026/07/11 11:48:39 [32m/home/humberto/Aplicativos/Manager-Restaurante-main/backend/internal/services/printer.go:35
[0m[33m[0.803ms] [34;1m[rows:3][0m SELECT * FROM "impressoras" WHERE tenant_id = 1

2026/07/11 11:48:39 [32m/home/humberto/Aplicativos/Manager-Restaurante-main/backend/internal/handlers/handlers.go:818
[0m[33m[2.469ms] [34;1m[rows:1][0m INSERT INTO "pagamentos" ("tenant_id","pedido_id","comanda_id","metodo","valor","status","transaction_id","created_at","updated_at") VALUES (1,81,NULL,'pix',6.5,'aprovado','TX-1783781319896242799','2026-07-11 11:48:39.896','2026-07-11 11:48:39.896') RETURNING "id"
11:48:39 | 400 |      59.596µs | 127.0.0.1 | GET | /api/tables/null/orders | -

2026/07/11 11:48:39 [32m/home/humberto/Aplicativos/Manager-Restaurante-main/backend/internal/handlers/handlers.go:825
[0m[33m[0.788ms] [34;1m[rows:1][0m SELECT * FROM "pedidos" WHERE "pedidos"."id" = 81 AND tenant_id = 1 ORDER BY "pedidos"."id" LIMIT 1
11:48:39 | 200 |    3.567143ms | 127.0.0.1 | POST | /api/payments | -

2026/07/11 11:48:39 [32m/home/humberto/Aplicativos/Manager-Restaurante-main/backend/internal/handlers/caixa_handlers.go:206
[0m[33m[1.247ms] [34;1m[rows:1][0m SELECT * FROM "pedidos" WHERE "pedidos"."id" = 81 AND tenant_id = 1 ORDER BY "pedidos"."id" LIMIT 1

2026/07/11 11:48:39 [32m/home/humberto/Aplicativos/Manager-Restaurante-main/backend/internal/handlers/caixa_handlers.go:223
[0m[33m[2.810ms] [34;1m[rows:1][0m UPDATE "pedidos" SET "tenant_id"=1,"comanda_id"=NULL,"mesa_id"=NULL,"status"='recebido',"origem"='balcao',"total"=6.5,"cliente_id"=NULL,"entregador_id"=NULL,"endereco_entrega"='',"cpf_cnpj_cliente"='',"chave_acesso_nfe"='3526071234567800019965001000000811122334455',"url_cupom_fiscal"='https://nfce.fazenda.sp.gov.br/consulta?chave=3526071234567800019965001000000811122334455',"created_at"='2026-07-11 11:48:39.641',"updated_at"='2026-07-11 11:48:39.9' WHERE "id" = 81
11:48:39 | 200 |    4.585615ms | 127.0.0.1 | POST | /api/fiscal/emitir | -

2026/07/11 11:48:39 [32m/home/humberto/Aplicativos/Manager-Restaurante-main/backend/internal/handlers/handlers.go:225
[0m[33m[7.725ms] [34;1m[rows:16][0m SELECT * FROM "mesas" WHERE tenant_id = 1 ORDER BY numero asc
11:48:39 | 200 |    7.883867ms | 127.0.0.1 | GET | /api/tables | -
11:48:40 | 400 |      59.969µs | 127.0.0.1 | GET | /api/tables/null/orders | -
2026/07/11 11:48:42 [PRINTER ERROR] Failed to send print job to Impressora Bar (192.168.1.101:9100): dial tcp 192.168.1.101:9100: i/o timeout. Printing content to console log for debug:

================= MOCK IMPRESSAO ESC/POS =================
PEDIDO: #81
DATA: 11/07/2026 11:48:39
----------------------------------------------------------
1x Coca-Cola Lata 350ml                (Setor: 2)
----------------------------------------------------------
==========================================================


2026/07/11 11:48:48 [32m/home/humberto/Aplicativos/Manager-Restaurante-main/backend/internal/handlers/handlers.go:768
[0m[33m[0.727ms] [34;1m[rows:1][0m SELECT * FROM "item_pedidos" WHERE "item_pedidos"."pedido_id" = 81

2026/07/11 11:48:49 [32m/home/humberto/Aplicativos/Manager-Restaurante-main/backend/internal/handlers/handlers.go:768
[0m[33m[4.057ms] [34;1m[rows:1][0m SELECT * FROM "pedidos" WHERE status IN ('recebido','produzindo','pronto') AND (id IN (SELECT pedido_id FROM item_pedidos WHERE setor_id = '2' OR setor_id = 0)) AND tenant_id = 1 ORDER BY created_at asc
11:48:48 | 200 |     4.19892ms | 127.0.0.1 | GET | /api/kds | -

2026/07/11 11:48:51 [32m/home/humberto/Aplicativos/Manager-Restaurante-main/backend/internal/handlers/handlers.go:716
[0m[33m[0.272ms] [34;1m[rows:1][0m SELECT * FROM "item_pedidos" WHERE "item_pedidos"."pedido_id" = 81

2026/07/11 11:48:51 [32m/home/humberto/Aplicativos/Manager-Restaurante-main/backend/internal/handlers/handlers.go:716
[0m[33m[0.974ms] [34;1m[rows:1][0m SELECT * FROM "pedidos" WHERE "pedidos"."id" = 81 AND tenant_id = 1 ORDER BY "pedidos"."id" LIMIT 1

2026/07/11 11:48:51 [32m/home/humberto/Aplicativos/Manager-Restaurante-main/backend/internal/handlers/handlers.go:724
[0m[33m[3.319ms] [34;1m[rows:1][0m UPDATE "item_pedidos" SET "status"='produzindo',"updated_at"='2026-07-11 11:48:51.898' WHERE pedido_id = 81

2026/07/11 11:48:51 [32m/home/humberto/Aplicativos/Manager-Restaurante-main/backend/internal/handlers/handlers.go:730
[0m[33m[0.636ms] [34;1m[rows:1][0m INSERT INTO "item_pedidos" ("tenant_id","pedido_id","produto_id","produto_nome","quantidade","observacao","preco_unitario","status","impresso","setor_id","created_at","updated_at","id") VALUES (1,81,4,'Coca-Cola Lata 350ml',1,'',6.5,'produzindo',false,2,'2026-07-11 11:48:39.643','2026-07-11 11:48:39.643',104) ON CONFLICT ("id") DO UPDATE SET "pedido_id"="excluded"."pedido_id" RETURNING "id"

2026/07/11 11:48:51 [32m/home/humberto/Aplicativos/Manager-Restaurante-main/backend/internal/handlers/handlers.go:730
[0m[33m[2.530ms] [34;1m[rows:1][0m UPDATE "pedidos" SET "tenant_id"=1,"comanda_id"=NULL,"mesa_id"=NULL,"status"='produzindo',"origem"='balcao',"total"=6.5,"cliente_id"=NULL,"entregador_id"=NULL,"endereco_entrega"='',"cpf_cnpj_cliente"='',"chave_acesso_nfe"='3526071234567800019965001000000811122334455',"url_cupom_fiscal"='https://nfce.fazenda.sp.gov.br/consulta?chave=3526071234567800019965001000000811122334455',"created_at"='2026-07-11 11:48:39.641',"updated_at"='2026-07-11 11:48:51.902' WHERE "id" = 81
11:48:51 | 200 |    7.519814ms | 127.0.0.1 | PUT | /api/orders/81 | -

2026/07/11 11:48:52 [32m/home/humberto/Aplicativos/Manager-Restaurante-main/backend/internal/handlers/handlers.go:716
[0m[33m[0.494ms] [34;1m[rows:1][0m SELECT * FROM "item_pedidos" WHERE "item_pedidos"."pedido_id" = 81

2026/07/11 11:48:52 [32m/home/humberto/Aplicativos/Manager-Restaurante-main/backend/internal/handlers/handlers.go:716
[0m[33m[1.222ms] [34;1m[rows:1][0m SELECT * FROM "pedidos" WHERE "pedidos"."id" = 81 AND tenant_id = 1 ORDER BY "pedidos"."id" LIMIT 1

2026/07/11 11:48:52 [32m/home/humberto/Aplicativos/Manager-Restaurante-main/backend/internal/handlers/handlers.go:724
[0m[33m[3.606ms] [34;1m[rows:1][0m UPDATE "item_pedidos" SET "status"='pronto',"updated_at"='2026-07-11 11:48:52.525' WHERE pedido_id = 81

2026/07/11 11:48:52 [32m/home/humberto/Aplicativos/Manager-Restaurante-main/backend/internal/handlers/handlers.go:730
[0m[33m[0.362ms] [34;1m[rows:1][0m INSERT INTO "item_pedidos" ("tenant_id","pedido_id","produto_id","produto_nome","quantidade","observacao","preco_unitario","status","impresso","setor_id","created_at","updated_at","id") VALUES (1,81,4,'Coca-Cola Lata 350ml',1,'',6.5,'pronto',false,2,'2026-07-11 11:48:39.643','2026-07-11 11:48:51.898',104) ON CONFLICT ("id") DO UPDATE SET "pedido_id"="excluded"."pedido_id" RETURNING "id"

2026/07/11 11:48:52 [32m/home/humberto/Aplicativos/Manager-Restaurante-main/backend/internal/handlers/handlers.go:730
[0m[33m[1.904ms] [34;1m[rows:1][0m UPDATE "pedidos" SET "tenant_id"=1,"comanda_id"=NULL,"mesa_id"=NULL,"status"='pronto',"origem"='balcao',"total"=6.5,"cliente_id"=NULL,"entregador_id"=NULL,"endereco_entrega"='',"cpf_cnpj_cliente"='',"chave_acesso_nfe"='3526071234567800019965001000000811122334455',"url_cupom_fiscal"='https://nfce.fazenda.sp.gov.br/consulta?chave=3526071234567800019965001000000811122334455',"created_at"='2026-07-11 11:48:39.641',"updated_at"='2026-07-11 11:48:52.528' WHERE "id" = 81
11:48:52 | 200 |     7.38598ms | 127.0.0.1 | PUT | /api/orders/81 | -

2026/07/11 11:48:53 [32m/home/humberto/Aplicativos/Manager-Restaurante-main/backend/internal/handlers/handlers.go:716
[0m[33m[0.335ms] [34;1m[rows:1][0m SELECT * FROM "item_pedidos" WHERE "item_pedidos"."pedido_id" = 81

2026/07/11 11:48:53 [32m/home/humberto/Aplicativos/Manager-Restaurante-main/backend/internal/handlers/handlers.go:716
[0m[33m[1.066ms] [34;1m[rows:1][0m SELECT * FROM "pedidos" WHERE "pedidos"."id" = 81 AND tenant_id = 1 ORDER BY "pedidos"."id" LIMIT 1

2026/07/11 11:48:53 [32m/home/humberto/Aplicativos/Manager-Restaurante-main/backend/internal/handlers/handlers.go:724
[0m[33m[3.309ms] [34;1m[rows:1][0m UPDATE "item_pedidos" SET "status"='despachado',"updated_at"='2026-07-11 11:48:53.362' WHERE pedido_id = 81

2026/07/11 11:48:53 [32m/home/humberto/Aplicativos/Manager-Restaurante-main/backend/internal/handlers/handlers.go:730
[0m[33m[0.337ms] [34;1m[rows:1][0m INSERT INTO "item_pedidos" ("tenant_id","pedido_id","produto_id","produto_nome","quantidade","observacao","preco_unitario","status","impresso","setor_id","created_at","updated_at","id") VALUES (1,81,4,'Coca-Cola Lata 350ml',1,'',6.5,'despachado',false,2,'2026-07-11 11:48:39.643','2026-07-11 11:48:52.525',104) ON CONFLICT ("id") DO UPDATE SET "pedido_id"="excluded"."pedido_id" RETURNING "id"

2026/07/11 11:48:53 [32m/home/humberto/Aplicativos/Manager-Restaurante-main/backend/internal/handlers/handlers.go:730
[0m[33m[1.789ms] [34;1m[rows:1][0m UPDATE "pedidos" SET "tenant_id"=1,"comanda_id"=NULL,"mesa_id"=NULL,"status"='despachado',"origem"='balcao',"total"=6.5,"cliente_id"=NULL,"entregador_id"=NULL,"endereco_entrega"='',"cpf_cnpj_cliente"='',"chave_acesso_nfe"='3526071234567800019965001000000811122334455',"url_cupom_fiscal"='https://nfce.fazenda.sp.gov.br/consulta?chave=3526071234567800019965001000000811122334455',"created_at"='2026-07-11 11:48:39.641',"updated_at"='2026-07-11 11:48:53.365' WHERE "id" = 81
11:48:53 | 200 |    6.961016ms | 127.0.0.1 | PUT | /api/orders/81 | -

2026/07/11 11:49:05 [32m/home/humberto/Aplicativos/Manager-Restaurante-main/backend/internal/services/pinpad.go:375
[0m[33m[1.581ms] [34;1m[rows:1][0m SELECT * FROM "pinpads" WHERE tenant_id = 1 AND ativo = true ORDER BY "pinpads"."id" LIMIT 1
2026/07/11 11:49:05 [TEF] Processing payment via pinpad (serial:/dev/ttyACM0) amount: 9.90, method: pix
2026/07/11 11:49:05 [TEF] TEF agent unreachable, simulating approval for development
11:49:05 | 200 |    1.758956ms | 127.0.0.1 | POST | /api/tef/payment | -

2026/07/11 11:49:14 [32m/home/humberto/Aplicativos/Manager-Restaurante-main/backend/internal/handlers/handlers.go:575
[0m[33m[1.618ms] [34;1m[rows:1][0m SELECT * FROM "produtos" WHERE "produtos"."id" = 5 AND tenant_id = 1 ORDER BY "produtos"."id" LIMIT 1

2026/07/11 11:49:14 [32m/home/humberto/Aplicativos/Manager-Restaurante-main/backend/internal/handlers/handlers.go:581
[0m[33m[1.113ms] [34;1m[rows:0][0m SELECT * FROM "ficha_tecnica_items" WHERE produto_id = 5 AND tenant_id = 1

2026/07/11 11:49:14 [32m/home/humberto/Aplicativos/Manager-Restaurante-main/backend/internal/handlers/handlers.go:609
[0m[33m[1.004ms] [34;1m[rows:1][0m SELECT * FROM "estoques" WHERE produto_id = 5 AND tenant_id = 1 ORDER BY "estoques"."id" LIMIT 1

2026/07/11 11:49:14 [32m/home/humberto/Aplicativos/Manager-Restaurante-main/backend/internal/handlers/handlers.go:614
[0m[33m[3.694ms] [34;1m[rows:1][0m UPDATE "estoques" SET "tenant_id"=1,"produto_id"=5,"quantidade"=85,"minimo"=10,"alerta"=false,"created_at"='2026-06-13 08:53:12.252',"updated_at"='2026-07-11 11:49:14.746' WHERE "id" = 5

2026/07/11 11:49:14 [32m/home/humberto/Aplicativos/Manager-Restaurante-main/backend/internal/handlers/handlers.go:616
[0m[33m[1.972ms] [34;1m[rows:1][0m INSERT INTO "movimentacao_estoques" ("tenant_id","produto_id","quantidade","tipo","motivo","usuario_id","created_at") VALUES (1,5,1,'saida','venda',1,'2026-07-11 11:49:14.749') RETURNING "id"

2026/07/11 11:49:14 [32m/home/humberto/Aplicativos/Manager-Restaurante-main/backend/internal/handlers/handlers.go:657
[0m[33m[1.002ms] [34;1m[rows:1][0m INSERT INTO "item_pedidos" ("tenant_id","pedido_id","produto_id","produto_nome","quantidade","observacao","preco_unitario","status","impresso","setor_id","created_at","updated_at") VALUES (1,82,5,'Suco de Laranja Natural 500ml',1,'',9.9,'recebido',false,2,'2026-07-11 11:49:14.753','2026-07-11 11:49:14.753') ON CONFLICT ("id") DO UPDATE SET "pedido_id"="excluded"."pedido_id" RETURNING "id"

2026/07/11 11:49:14 [32m/home/humberto/Aplicativos/Manager-Restaurante-main/backend/internal/handlers/handlers.go:657
[0m[33m[3.326ms] [34;1m[rows:1][0m INSERT INTO "pedidos" ("tenant_id","comanda_id","mesa_id","status","origem","total","cliente_id","entregador_id","endereco_entrega","cpf_cnpj_cliente","chave_acesso_nfe","url_cupom_fiscal","created_at","updated_at") VALUES (1,NULL,NULL,'recebido','balcao',9.9,NULL,NULL,'','','','','2026-07-11 11:49:14.751','2026-07-11 11:49:14.751') RETURNING "id"
11:49:14 | 200 |    13.64342ms | 127.0.0.1 | POST | /api/orders | -

2026/07/11 11:49:14 [32m/home/humberto/Aplicativos/Manager-Restaurante-main/backend/internal/services/printer.go:35
[0m[33m[1.237ms] [34;1m[rows:3][0m SELECT * FROM "impressoras" WHERE tenant_id = 1
11:49:14 | 400 |     139.775µs | 127.0.0.1 | GET | /api/tables/null/orders | -

2026/07/11 11:49:14 [32m/home/humberto/Aplicativos/Manager-Restaurante-main/backend/internal/handlers/caixa_handlers.go:206
[0m[33m[1.162ms] [34;1m[rows:1][0m SELECT * FROM "pedidos" WHERE "pedidos"."id" = 82 AND tenant_id = 1 ORDER BY "pedidos"."id" LIMIT 1

2026/07/11 11:49:14 [32m/home/humberto/Aplicativos/Manager-Restaurante-main/backend/internal/handlers/handlers.go:818
[0m[33m[5.359ms] [34;1m[rows:1][0m INSERT INTO "pagamentos" ("tenant_id","pedido_id","comanda_id","metodo","valor","status","transaction_id","created_at","updated_at") VALUES (1,82,NULL,'pix',9.9,'aprovado','TX-1783781354946851600','2026-07-11 11:49:14.946','2026-07-11 11:49:14.947') RETURNING "id"

2026/07/11 11:49:14 [32m/home/humberto/Aplicativos/Manager-Restaurante-main/backend/internal/handlers/handlers.go:825
[0m[33m[0.524ms] [34;1m[rows:1][0m SELECT * FROM "pedidos" WHERE "pedidos"."id" = 82 AND tenant_id = 1 ORDER BY "pedidos"."id" LIMIT 1
11:49:14 | 200 |    6.165278ms | 127.0.0.1 | POST | /api/payments | -

2026/07/11 11:49:14 [32m/home/humberto/Aplicativos/Manager-Restaurante-main/backend/internal/handlers/caixa_handlers.go:223
[0m[33m[2.831ms] [34;1m[rows:1][0m UPDATE "pedidos" SET "tenant_id"=1,"comanda_id"=NULL,"mesa_id"=NULL,"status"='recebido',"origem"='balcao',"total"=9.9,"cliente_id"=NULL,"entregador_id"=NULL,"endereco_entrega"='',"cpf_cnpj_cliente"='',"chave_acesso_nfe"='3526071234567800019965001000000821122334455',"url_cupom_fiscal"='https://nfce.fazenda.sp.gov.br/consulta?chave=3526071234567800019965001000000821122334455',"created_at"='2026-07-11 11:49:14.751',"updated_at"='2026-07-11 11:49:14.95' WHERE "id" = 82
11:49:14 | 200 |    4.329466ms | 127.0.0.1 | POST | /api/fiscal/emitir | -

2026/07/11 11:49:14 [32m/home/humberto/Aplicativos/Manager-Restaurante-main/backend/internal/handlers/handlers.go:225
[0m[33m[10.180ms] [34;1m[rows:16][0m SELECT * FROM "mesas" WHERE tenant_id = 1 ORDER BY numero asc
11:49:14 | 200 |   10.414278ms | 127.0.0.1 | GET | /api/tables | -
11:49:15 | 400 |      66.811µs | 127.0.0.1 | GET | /api/tables/null/orders | -

2026/07/11 11:49:17 [32m/home/humberto/Aplicativos/Manager-Restaurante-main/backend/internal/handlers/handlers.go:716
[0m[33m[0.805ms] [34;1m[rows:1][0m SELECT * FROM "item_pedidos" WHERE "item_pedidos"."pedido_id" = 82

2026/07/11 11:49:17 [32m/home/humberto/Aplicativos/Manager-Restaurante-main/backend/internal/handlers/handlers.go:716
[0m[33m[1.878ms] [34;1m[rows:1][0m SELECT * FROM "pedidos" WHERE "pedidos"."id" = 82 AND tenant_id = 1 ORDER BY "pedidos"."id" LIMIT 1

2026/07/11 11:49:17 [32m/home/humberto/Aplicativos/Manager-Restaurante-main/backend/internal/handlers/handlers.go:724
[0m[33m[3.380ms] [34;1m[rows:1][0m UPDATE "item_pedidos" SET "status"='produzindo',"updated_at"='2026-07-11 11:49:17.239' WHERE pedido_id = 82

2026/07/11 11:49:17 [32m/home/humberto/Aplicativos/Manager-Restaurante-main/backend/internal/handlers/handlers.go:730
[0m[33m[0.922ms] [34;1m[rows:1][0m INSERT INTO "item_pedidos" ("tenant_id","pedido_id","produto_id","produto_nome","quantidade","observacao","preco_unitario","status","impresso","setor_id","created_at","updated_at","id") VALUES (1,82,5,'Suco de Laranja Natural 500ml',1,'',9.9,'produzindo',false,2,'2026-07-11 11:49:14.753','2026-07-11 11:49:14.753',105) ON CONFLICT ("id") DO UPDATE SET "pedido_id"="excluded"."pedido_id" RETURNING "id"

2026/07/11 11:49:17 [32m/home/humberto/Aplicativos/Manager-Restaurante-main/backend/internal/handlers/handlers.go:730
[0m[33m[2.744ms] [34;1m[rows:1][0m UPDATE "pedidos" SET "tenant_id"=1,"comanda_id"=NULL,"mesa_id"=NULL,"status"='produzindo',"origem"='balcao',"total"=9.9,"cliente_id"=NULL,"entregador_id"=NULL,"endereco_entrega"='',"cpf_cnpj_cliente"='',"chave_acesso_nfe"='3526071234567800019965001000000821122334455',"url_cupom_fiscal"='https://nfce.fazenda.sp.gov.br/consulta?chave=3526071234567800019965001000000821122334455',"created_at"='2026-07-11 11:49:14.751',"updated_at"='2026-07-11 11:49:17.242' WHERE "id" = 82
11:49:17 | 200 |    8.663263ms | 127.0.0.1 | PUT | /api/orders/82 | -
2026/07/11 11:49:17 [PRINTER ERROR] Failed to send print job to Impressora Bar (192.168.1.101:9100): dial tcp 192.168.1.101:9100: i/o timeout. Printing content to console log for debug:

================= MOCK IMPRESSAO ESC/POS =================
PEDIDO: #82
DATA: 11/07/2026 11:49:14
----------------------------------------------------------
1x Suco de Laranja Natural 500ml       (Setor: 2)
----------------------------------------------------------
==========================================================


2026/07/11 11:49:17 [32m/home/humberto/Aplicativos/Manager-Restaurante-main/backend/internal/handlers/handlers.go:716
[0m[33m[0.359ms] [34;1m[rows:1][0m SELECT * FROM "item_pedidos" WHERE "item_pedidos"."pedido_id" = 82

2026/07/11 11:49:17 [32m/home/humberto/Aplicativos/Manager-Restaurante-main/backend/internal/handlers/handlers.go:716
[0m[33m[1.006ms] [34;1m[rows:1][0m SELECT * FROM "pedidos" WHERE "pedidos"."id" = 82 AND tenant_id = 1 ORDER BY "pedidos"."id" LIMIT 1

2026/07/11 11:49:17 [32m/home/humberto/Aplicativos/Manager-Restaurante-main/backend/internal/handlers/handlers.go:724
[0m[33m[3.435ms] [34;1m[rows:1][0m UPDATE "item_pedidos" SET "status"='pronto',"updated_at"='2026-07-11 11:49:17.995' WHERE pedido_id = 82

2026/07/11 11:49:17 [32m/home/humberto/Aplicativos/Manager-Restaurante-main/backend/internal/handlers/handlers.go:730
[0m[33m[0.379ms] [34;1m[rows:1][0m INSERT INTO "item_pedidos" ("tenant_id","pedido_id","produto_id","produto_nome","quantidade","observacao","preco_unitario","status","impresso","setor_id","created_at","updated_at","id") VALUES (1,82,5,'Suco de Laranja Natural 500ml',1,'',9.9,'pronto',false,2,'2026-07-11 11:49:14.753','2026-07-11 11:49:17.239',105) ON CONFLICT ("id") DO UPDATE SET "pedido_id"="excluded"."pedido_id" RETURNING "id"

2026/07/11 11:49:18 [32m/home/humberto/Aplicativos/Manager-Restaurante-main/backend/internal/handlers/handlers.go:730
[0m[33m[1.899ms] [34;1m[rows:1][0m UPDATE "pedidos" SET "tenant_id"=1,"comanda_id"=NULL,"mesa_id"=NULL,"status"='pronto',"origem"='balcao',"total"=9.9,"cliente_id"=NULL,"entregador_id"=NULL,"endereco_entrega"='',"cpf_cnpj_cliente"='',"chave_acesso_nfe"='3526071234567800019965001000000821122334455',"url_cupom_fiscal"='https://nfce.fazenda.sp.gov.br/consulta?chave=3526071234567800019965001000000821122334455',"created_at"='2026-07-11 11:49:14.751',"updated_at"='2026-07-11 11:49:17.998' WHERE "id" = 82
11:49:17 | 200 |    7.011919ms | 127.0.0.1 | PUT | /api/orders/82 | -

2026/07/11 11:49:18 [32m/home/humberto/Aplicativos/Manager-Restaurante-main/backend/internal/handlers/handlers.go:716
[0m[33m[0.295ms] [34;1m[rows:1][0m SELECT * FROM "item_pedidos" WHERE "item_pedidos"."pedido_id" = 82

2026/07/11 11:49:18 [32m/home/humberto/Aplicativos/Manager-Restaurante-main/backend/internal/handlers/handlers.go:716
[0m[33m[0.895ms] [34;1m[rows:1][0m SELECT * FROM "pedidos" WHERE "pedidos"."id" = 82 AND tenant_id = 1 ORDER BY "pedidos"."id" LIMIT 1

2026/07/11 11:49:18 [32m/home/humberto/Aplicativos/Manager-Restaurante-main/backend/internal/handlers/handlers.go:724
[0m[33m[3.523ms] [34;1m[rows:1][0m UPDATE "item_pedidos" SET "status"='despachado',"updated_at"='2026-07-11 11:49:18.655' WHERE pedido_id = 82

2026/07/11 11:49:18 [32m/home/humberto/Aplicativos/Manager-Restaurante-main/backend/internal/handlers/handlers.go:730
[0m[33m[0.388ms] [34;1m[rows:1][0m INSERT INTO "item_pedidos" ("tenant_id","pedido_id","produto_id","produto_nome","quantidade","observacao","preco_unitario","status","impresso","setor_id","created_at","updated_at","id") VALUES (1,82,5,'Suco de Laranja Natural 500ml',1,'',9.9,'despachado',false,2,'2026-07-11 11:49:14.753','2026-07-11 11:49:17.995',105) ON CONFLICT ("id") DO UPDATE SET "pedido_id"="excluded"."pedido_id" RETURNING "id"

2026/07/11 11:49:18 [32m/home/humberto/Aplicativos/Manager-Restaurante-main/backend/internal/handlers/handlers.go:730
[0m[33m[2.149ms] [34;1m[rows:1][0m UPDATE "pedidos" SET "tenant_id"=1,"comanda_id"=NULL,"mesa_id"=NULL,"status"='despachado',"origem"='balcao',"total"=9.9,"cliente_id"=NULL,"entregador_id"=NULL,"endereco_entrega"='',"cpf_cnpj_cliente"='',"chave_acesso_nfe"='3526071234567800019965001000000821122334455',"url_cupom_fiscal"='https://nfce.fazenda.sp.gov.br/consulta?chave=3526071234567800019965001000000821122334455',"created_at"='2026-07-11 11:49:14.751',"updated_at"='2026-07-11 11:49:18.659' WHERE "id" = 82
11:49:18 | 200 |    7.666288ms | 127.0.0.1 | PUT | /api/orders/82 | -

2026/07/11 11:49:24 [32m/home/humberto/Aplicativos/Manager-Restaurante-main/backend/internal/handlers/handlers.go:225
[0m[33m[0.977ms] [34;1m[rows:16][0m SELECT * FROM "mesas" WHERE tenant_id = 1 ORDER BY numero asc
11:49:24 | 200 |    1.226144ms | 127.0.0.1 | GET | /api/tables | -

2026/07/11 11:49:24 [32m/home/humberto/Aplicativos/Manager-Restaurante-main/backend/internal/handlers/handlers.go:225
[0m[33m[0.693ms] [34;1m[rows:16][0m SELECT * FROM "mesas" WHERE tenant_id = 1 ORDER BY numero asc
11:49:24 | 200 |     887.048µs | 127.0.0.1 | GET | /api/tables | -

2026/07/11 11:49:24 [32m/home/humberto/Aplicativos/Manager-Restaurante-main/backend/internal/handlers/handlers.go:225
[0m[33m[1.225ms] [34;1m[rows:16][0m SELECT * FROM "mesas" WHERE tenant_id = 1 ORDER BY numero asc
11:49:24 | 200 |    1.459598ms | 127.0.0.1 | GET | /api/tables | -

2026/07/11 11:50:00 [32m/home/humberto/Aplicativos/Manager-Restaurante-main/backend/internal/handlers/handlers.go:238
[0m[33m[0.990ms] [34;1m[rows:1][0m SELECT * FROM "mesas" WHERE "mesas"."id" = 1 AND tenant_id = 1 ORDER BY "mesas"."id" LIMIT 1

2026/07/11 11:50:00 [32m/home/humberto/Aplicativos/Manager-Restaurante-main/backend/internal/handlers/handlers.go:271
[0m[33m[3.656ms] [34;1m[rows:1][0m UPDATE "mesas" SET "tenant_id"=1,"numero"=1,"status"='livre',"capacidade"=4,"formato"='quadrado',"pos_x"=28,"pos_y"=29,"created_at"='2026-06-13 08:53:12.223',"updated_at"='2026-07-11 11:50:00.119' WHERE "id" = 1
11:49:59 | 200 |    5.237841ms | 127.0.0.1 | PUT | /api/tables/1 | -

2026/07/11 11:50:00 [32m/home/humberto/Aplicativos/Manager-Restaurante-main/backend/internal/handlers/handlers.go:1825
[0m[33m[0.953ms] [34;1m[rows:0][0m SELECT * FROM "pedidos" WHERE (mesa_id = 1 AND status != 'entregue') AND tenant_id = 1 ORDER BY created_at desc
11:49:59 | 200 |    1.105526ms | 127.0.0.1 | GET | /api/tables/1/orders | -

2026/07/11 11:50:07 [32m/home/humberto/Aplicativos/Manager-Restaurante-main/backend/internal/handlers/handlers.go:881
[0m[33m[0.818ms] [34;1m[rows:1][0m SELECT COALESCE(SUM(total), 0) FROM "pedidos" WHERE (created_at >= '2026-07-10 21:00:00' AND status = 'entregue') AND tenant_id = 1

2026/07/11 11:50:07 [32m/home/humberto/Aplicativos/Manager-Restaurante-main/backend/internal/handlers/handlers.go:888
[0m[33m[0.435ms] [34;1m[rows:1][0m SELECT count(*) FROM "pedidos" WHERE status IN ('recebido','produzindo','pronto') AND tenant_id = 1

2026/07/11 11:50:07 [32m/home/humberto/Aplicativos/Manager-Restaurante-main/backend/internal/handlers/handlers.go:895
[0m[33m[0.348ms] [34;1m[rows:1][0m SELECT count(*) FROM "mesas" WHERE status = 'ocupada' AND tenant_id = 1

2026/07/11 11:50:07 [32m/home/humberto/Aplicativos/Manager-Restaurante-main/backend/internal/handlers/handlers.go:903
[0m[33m[0.608ms] [34;1m[rows:1][0m SELECT COALESCE(AVG(total), 0) FROM "pedidos" WHERE (created_at >= '2026-07-10 21:00:00' AND status = 'entregue') AND tenant_id = 1

2026/07/11 11:50:07 [32m/home/humberto/Aplicativos/Manager-Restaurante-main/backend/internal/handlers/handlers.go:918
[0m[33m[0.866ms] [34;1m[rows:5][0m SELECT produto_nome, SUM(quantidade * preco_unitario) as total_vendido, SUM(quantidade) as quantidade FROM "item_pedidos" WHERE tenant_id = 1 GROUP BY "produto_nome" ORDER BY quantidade desc LIMIT 5
11:50:06 | 200 |    3.534373ms | 127.0.0.1 | GET | /api/dashboard/stats | -

2026/07/11 11:50:07 [32m/home/humberto/Aplicativos/Manager-Restaurante-main/backend/internal/handlers/caixa_handlers.go:340
[0m[33m[1.216ms] [34;1m[rows:9][0m SELECT * FROM "caixa_turnos" WHERE tenant_id = 1 ORDER BY id desc LIMIT 20
11:50:06 | 200 |    1.412554ms | 127.0.0.1 | GET | /api/caixa/turnos | -

2026/07/11 11:50:07 [32m/home/humberto/Aplicativos/Manager-Restaurante-main/backend/internal/handlers/handlers.go:881
[0m[33m[0.740ms] [34;1m[rows:1][0m SELECT COALESCE(SUM(total), 0) FROM "pedidos" WHERE (created_at >= '2026-07-10 21:00:00' AND status = 'entregue') AND tenant_id = 1

2026/07/11 11:50:07 [32m/home/humberto/Aplicativos/Manager-Restaurante-main/backend/internal/handlers/handlers.go:888
[0m[33m[0.664ms] [34;1m[rows:1][0m SELECT count(*) FROM "pedidos" WHERE status IN ('recebido','produzindo','pronto') AND tenant_id = 1

2026/07/11 11:50:07 [32m/home/humberto/Aplicativos/Manager-Restaurante-main/backend/internal/handlers/handlers.go:895
[0m[33m[0.481ms] [34;1m[rows:1][0m SELECT count(*) FROM "mesas" WHERE status = 'ocupada' AND tenant_id = 1

2026/07/11 11:50:07 [32m/home/humberto/Aplicativos/Manager-Restaurante-main/backend/internal/handlers/handlers.go:903
[0m[33m[0.407ms] [34;1m[rows:1][0m SELECT COALESCE(AVG(total), 0) FROM "pedidos" WHERE (created_at >= '2026-07-10 21:00:00' AND status = 'entregue') AND tenant_id = 1

2026/07/11 11:50:07 [32m/home/humberto/Aplicativos/Manager-Restaurante-main/backend/internal/handlers/handlers.go:918
[0m[33m[0.638ms] [34;1m[rows:5][0m SELECT produto_nome, SUM(quantidade * preco_unitario) as total_vendido, SUM(quantidade) as quantidade FROM "item_pedidos" WHERE tenant_id = 1 GROUP BY "produto_nome" ORDER BY quantidade desc LIMIT 5
11:50:06 | 200 |    3.401526ms | 127.0.0.1 | GET | /api/dashboard/stats | -

2026/07/11 11:50:07 [32m/home/humberto/Aplicativos/Manager-Restaurante-main/backend/internal/handlers/handlers.go:881
[0m[33m[0.590ms] [34;1m[rows:1][0m SELECT COALESCE(SUM(total), 0) FROM "pedidos" WHERE (created_at >= '2026-07-10 21:00:00' AND status = 'entregue') AND tenant_id = 1

2026/07/11 11:50:07 [32m/home/humberto/Aplicativos/Manager-Restaurante-main/backend/internal/handlers/handlers.go:888
[0m[33m[0.473ms] [34;1m[rows:1][0m SELECT count(*) FROM "pedidos" WHERE status IN ('recebido','produzindo','pronto') AND tenant_id = 1

2026/07/11 11:50:07 [32m/home/humberto/Aplicativos/Manager-Restaurante-main/backend/internal/handlers/handlers.go:895
[0m[33m[0.258ms] [34;1m[rows:1][0m SELECT count(*) FROM "mesas" WHERE status = 'ocupada' AND tenant_id = 1

2026/07/11 11:50:07 [32m/home/humberto/Aplicativos/Manager-Restaurante-main/backend/internal/handlers/handlers.go:903
[0m[33m[0.268ms] [34;1m[rows:1][0m SELECT COALESCE(AVG(total), 0) FROM "pedidos" WHERE (created_at >= '2026-07-10 21:00:00' AND status = 'entregue') AND tenant_id = 1

2026/07/11 11:50:07 [32m/home/humberto/Aplicativos/Manager-Restaurante-main/backend/internal/handlers/handlers.go:918
[0m[33m[0.457ms] [34;1m[rows:5][0m SELECT produto_nome, SUM(quantidade * preco_unitario) as total_vendido, SUM(quantidade) as quantidade FROM "item_pedidos" WHERE tenant_id = 1 GROUP BY "produto_nome" ORDER BY quantidade desc LIMIT 5
11:50:06 | 200 |    2.440586ms | 127.0.0.1 | GET | /api/dashboard/stats | -

2026/07/11 11:50:11 [32m/home/humberto/Aplicativos/Manager-Restaurante-main/backend/internal/handlers/handlers.go:1208
[0m[33m[1.518ms] [34;1m[rows:4][0m SELECT * FROM "usuarios" WHERE tenant_id = 1 ORDER BY nome asc
11:50:11 | 200 |    1.659754ms | 127.0.0.1 | GET | /api/users | -

2026/07/11 11:50:11 [32m/home/humberto/Aplicativos/Manager-Restaurante-main/backend/internal/handlers/handlers.go:293
[0m[33m[0.882ms] [34;1m[rows:9][0m SELECT * FROM "produtos" WHERE tenant_id = 1 ORDER BY nome asc
11:50:11 | 200 |    1.048288ms | 127.0.0.1 | GET | /api/products | -

2026/07/11 11:50:11 [32m/home/humberto/Aplicativos/Manager-Restaurante-main/backend/internal/handlers/handlers.go:447
[0m[33m[0.937ms] [34;1m[rows:4][0m SELECT * FROM "categoria" WHERE tenant_id = 1 ORDER BY nome asc
11:50:11 | 200 |    1.183894ms | 127.0.0.1 | GET | /api/categories | -

2026/07/11 11:50:11 [32m/home/humberto/Aplicativos/Manager-Restaurante-main/backend/internal/handlers/handlers.go:781
[0m[33m[0.590ms] [34;1m[rows:4][0m SELECT * FROM "setors" WHERE tenant_id = 1 ORDER BY nome asc
11:50:11 | 200 |     745.454µs | 127.0.0.1 | GET | /api/setores | -

2026/07/11 11:50:11 [32m/home/humberto/Aplicativos/Manager-Restaurante-main/backend/internal/handlers/handlers.go:1555
[0m[33m[0.656ms] [34;1m[rows:1][0m SELECT * FROM "pinpads" WHERE tenant_id = 1 ORDER BY nome asc
11:50:11 | 200 |     792.322µs | 127.0.0.1 | GET | /api/pinpads | -

2026/07/11 11:50:18 [32m/home/humberto/Aplicativos/Manager-Restaurante-main/backend/internal/handlers/handlers.go:1719
[0m[33m[1.109ms] [34;1m[rows:1][0m SELECT * FROM "pinpads" WHERE "pinpads"."id" = 4 AND tenant_id = 1 ORDER BY "pinpads"."id" LIMIT 1
11:50:18 | 200 |    1.308334ms | 127.0.0.1 | GET | /api/pinpads/4/detect | -

2026/07/11 11:50:36 [32m/home/humberto/Aplicativos/Manager-Restaurante-main/backend/internal/handlers/handlers.go:881
[0m[33m[0.756ms] [34;1m[rows:1][0m SELECT COALESCE(SUM(total), 0) FROM "pedidos" WHERE (created_at >= '2026-07-10 21:00:00' AND status = 'entregue') AND tenant_id = 1

2026/07/11 11:50:36 [32m/home/humberto/Aplicativos/Manager-Restaurante-main/backend/internal/handlers/handlers.go:888
[0m[33m[0.214ms] [34;1m[rows:1][0m SELECT count(*) FROM "pedidos" WHERE status IN ('recebido','produzindo','pronto') AND tenant_id = 1

2026/07/11 11:50:36 [32m/home/humberto/Aplicativos/Manager-Restaurante-main/backend/internal/handlers/caixa_handlers.go:340
[0m[33m[1.187ms] [34;1m[rows:9][0m SELECT * FROM "caixa_turnos" WHERE tenant_id = 1 ORDER BY id desc LIMIT 20
11:50:36 | 200 |    1.323051ms | 127.0.0.1 | GET | /api/caixa/turnos | -

2026/07/11 11:50:36 [32m/home/humberto/Aplicativos/Manager-Restaurante-main/backend/internal/handlers/handlers.go:895
[0m[33m[0.440ms] [34;1m[rows:1][0m SELECT count(*) FROM "mesas" WHERE status = 'ocupada' AND tenant_id = 1

2026/07/11 11:50:36 [32m/home/humberto/Aplicativos/Manager-Restaurante-main/backend/internal/handlers/handlers.go:903
[0m[33m[0.298ms] [34;1m[rows:1][0m SELECT COALESCE(AVG(total), 0) FROM "pedidos" WHERE (created_at >= '2026-07-10 21:00:00' AND status = 'entregue') AND tenant_id = 1

2026/07/11 11:50:36 [32m/home/humberto/Aplicativos/Manager-Restaurante-main/backend/internal/handlers/handlers.go:918
[0m[33m[0.420ms] [34;1m[rows:5][0m SELECT produto_nome, SUM(quantidade * preco_unitario) as total_vendido, SUM(quantidade) as quantidade FROM "item_pedidos" WHERE tenant_id = 1 GROUP BY "produto_nome" ORDER BY quantidade desc LIMIT 5
11:50:36 | 200 |    2.483657ms | 127.0.0.1 | GET | /api/dashboard/stats | -

2026/07/11 11:50:36 [32m/home/humberto/Aplicativos/Manager-Restaurante-main/backend/internal/handlers/handlers.go:881
[0m[33m[0.474ms] [34;1m[rows:1][0m SELECT COALESCE(SUM(total), 0) FROM "pedidos" WHERE (created_at >= '2026-07-10 21:00:00' AND status = 'entregue') AND tenant_id = 1

2026/07/11 11:50:36 [32m/home/humberto/Aplicativos/Manager-Restaurante-main/backend/internal/handlers/handlers.go:888
[0m[33m[0.240ms] [34;1m[rows:1][0m SELECT count(*) FROM "pedidos" WHERE status IN ('recebido','produzindo','pronto') AND tenant_id = 1

2026/07/11 11:50:36 [32m/home/humberto/Aplicativos/Manager-Restaurante-main/backend/internal/handlers/handlers.go:895
[0m[33m[0.210ms] [34;1m[rows:1][0m SELECT count(*) FROM "mesas" WHERE status = 'ocupada' AND tenant_id = 1

2026/07/11 11:50:36 [32m/home/humberto/Aplicativos/Manager-Restaurante-main/backend/internal/handlers/handlers.go:903
[0m[33m[0.217ms] [34;1m[rows:1][0m SELECT COALESCE(AVG(total), 0) FROM "pedidos" WHERE (created_at >= '2026-07-10 21:00:00' AND status = 'entregue') AND tenant_id = 1

2026/07/11 11:50:36 [32m/home/humberto/Aplicativos/Manager-Restaurante-main/backend/internal/handlers/handlers.go:918
[0m[33m[0.412ms] [34;1m[rows:5][0m SELECT produto_nome, SUM(quantidade * preco_unitario) as total_vendido, SUM(quantidade) as quantidade FROM "item_pedidos" WHERE tenant_id = 1 GROUP BY "produto_nome" ORDER BY quantidade desc LIMIT 5
11:50:36 | 200 |    1.825507ms | 127.0.0.1 | GET | /api/dashboard/stats | -

2026/07/11 11:50:36 [32m/home/humberto/Aplicativos/Manager-Restaurante-main/backend/internal/handlers/handlers.go:881
[0m[33m[0.589ms] [34;1m[rows:1][0m SELECT COALESCE(SUM(total), 0) FROM "pedidos" WHERE (created_at >= '2026-07-10 21:00:00' AND status = 'entregue') AND tenant_id = 1

2026/07/11 11:50:36 [32m/home/humberto/Aplicativos/Manager-Restaurante-main/backend/internal/handlers/handlers.go:888
[0m[33m[0.316ms] [34;1m[rows:1][0m SELECT count(*) FROM "pedidos" WHERE status IN ('recebido','produzindo','pronto') AND tenant_id = 1

2026/07/11 11:50:36 [32m/home/humberto/Aplicativos/Manager-Restaurante-main/backend/internal/handlers/handlers.go:895
[0m[33m[0.249ms] [34;1m[rows:1][0m SELECT count(*) FROM "mesas" WHERE status = 'ocupada' AND tenant_id = 1

2026/07/11 11:50:36 [32m/home/humberto/Aplicativos/Manager-Restaurante-main/backend/internal/handlers/handlers.go:903
[0m[33m[0.277ms] [34;1m[rows:1][0m SELECT COALESCE(AVG(total), 0) FROM "pedidos" WHERE (created_at >= '2026-07-10 21:00:00' AND status = 'entregue') AND tenant_id = 1

2026/07/11 11:50:36 [32m/home/humberto/Aplicativos/Manager-Restaurante-main/backend/internal/handlers/handlers.go:918
[0m[33m[0.364ms] [34;1m[rows:5][0m SELECT produto_nome, SUM(quantidade * preco_unitario) as total_vendido, SUM(quantidade) as quantidade FROM "item_pedidos" WHERE tenant_id = 1 GROUP BY "produto_nome" ORDER BY quantidade desc LIMIT 5
11:50:36 | 200 |    2.144039ms | 127.0.0.1 | GET | /api/dashboard/stats | -

2026/07/11 11:50:39 [32m/home/humberto/Aplicativos/Manager-Restaurante-main/backend/internal/handlers/handlers.go:225
[0m[33m[0.894ms] [34;1m[rows:16][0m SELECT * FROM "mesas" WHERE tenant_id = 1 ORDER BY numero asc
11:50:38 | 200 |    1.073976ms | 127.0.0.1 | GET | /api/tables | -

2026/07/11 11:50:39 [32m/home/humberto/Aplicativos/Manager-Restaurante-main/backend/internal/handlers/handlers.go:225
[0m[33m[0.582ms] [34;1m[rows:16][0m SELECT * FROM "mesas" WHERE tenant_id = 1 ORDER BY numero asc
11:50:38 | 200 |     733.471µs | 127.0.0.1 | GET | /api/tables | -

2026/07/11 11:50:39 [32m/home/humberto/Aplicativos/Manager-Restaurante-main/backend/internal/handlers/handlers.go:225
[0m[33m[0.482ms] [34;1m[rows:16][0m SELECT * FROM "mesas" WHERE tenant_id = 1 ORDER BY numero asc
11:50:38 | 200 |     750.508µs | 127.0.0.1 | GET | /api/tables | -

2026/07/11 11:50:41 [32m/home/humberto/Aplicativos/Manager-Restaurante-main/backend/internal/handlers/handlers.go:238
[0m[33m[0.574ms] [34;1m[rows:1][0m SELECT * FROM "mesas" WHERE "mesas"."id" = 8 AND tenant_id = 1 ORDER BY "mesas"."id" LIMIT 1

2026/07/11 11:50:41 [32m/home/humberto/Aplicativos/Manager-Restaurante-main/backend/internal/handlers/handlers.go:271
[0m[33m[2.670ms] [34;1m[rows:1][0m UPDATE "mesas" SET "tenant_id"=1,"numero"=8,"status"='livre',"capacidade"=4,"formato"='quadrado',"pos_x"=554,"pos_y"=34,"created_at"='2026-06-13 08:53:12.232',"updated_at"='2026-07-11 11:50:41.41' WHERE "id" = 8
11:50:41 | 200 |    3.700795ms | 127.0.0.1 | PUT | /api/tables/8 | -

2026/07/11 11:50:41 [32m/home/humberto/Aplicativos/Manager-Restaurante-main/backend/internal/handlers/handlers.go:1825
[0m[33m[0.567ms] [34;1m[rows:0][0m SELECT * FROM "pedidos" WHERE (mesa_id = 8 AND status != 'entregue') AND tenant_id = 1 ORDER BY created_at desc
11:50:41 | 200 |     718.041µs | 127.0.0.1 | GET | /api/tables/8/orders | -

2026/07/11 11:50:43 [32m/home/humberto/Aplicativos/Manager-Restaurante-main/backend/internal/handlers/handlers.go:238
[0m[33m[0.620ms] [34;1m[rows:1][0m SELECT * FROM "mesas" WHERE "mesas"."id" = 8 AND tenant_id = 1 ORDER BY "mesas"."id" LIMIT 1

2026/07/11 11:50:43 [32m/home/humberto/Aplicativos/Manager-Restaurante-main/backend/internal/handlers/handlers.go:271
[0m[33m[3.433ms] [34;1m[rows:1][0m UPDATE "mesas" SET "tenant_id"=1,"numero"=8,"status"='livre',"capacidade"=4,"formato"='quadrado',"pos_x"=554,"pos_y"=34,"created_at"='2026-06-13 08:53:12.232',"updated_at"='2026-07-11 11:50:43.854' WHERE "id" = 8
11:50:43 | 200 |    4.589412ms | 127.0.0.1 | PUT | /api/tables/8 | -

2026/07/11 11:50:44 [32m/home/humberto/Aplicativos/Manager-Restaurante-main/backend/internal/handlers/handlers.go:238
[0m[33m[0.737ms] [34;1m[rows:1][0m SELECT * FROM "mesas" WHERE "mesas"."id" = 8 AND tenant_id = 1 ORDER BY "mesas"."id" LIMIT 1

2026/07/11 11:50:44 [32m/home/humberto/Aplicativos/Manager-Restaurante-main/backend/internal/handlers/handlers.go:271
[0m[33m[3.902ms] [34;1m[rows:1][0m UPDATE "mesas" SET "tenant_id"=1,"numero"=8,"status"='livre',"capacidade"=4,"formato"='quadrado',"pos_x"=554,"pos_y"=34,"created_at"='2026-06-13 08:53:12.232',"updated_at"='2026-07-11 11:50:44.912' WHERE "id" = 8
11:50:44 | 200 |    5.187032ms | 127.0.0.1 | PUT | /api/tables/8 | -

2026/07/11 11:50:48 [32m/home/humberto/Aplicativos/Manager-Restaurante-main/backend/internal/handlers/handlers.go:238
[0m[33m[0.821ms] [34;1m[rows:1][0m SELECT * FROM "mesas" WHERE "mesas"."id" = 9 AND tenant_id = 1 ORDER BY "mesas"."id" LIMIT 1

2026/07/11 11:50:48 [32m/home/humberto/Aplicativos/Manager-Restaurante-main/backend/internal/handlers/handlers.go:271
[0m[33m[3.857ms] [34;1m[rows:1][0m UPDATE "mesas" SET "tenant_id"=1,"numero"=9,"status"='livre',"capacidade"=4,"formato"='quadrado',"pos_x"=648,"pos_y"=39,"created_at"='2026-06-13 08:53:12.233',"updated_at"='2026-07-11 11:50:48.047' WHERE "id" = 9
11:50:47 | 200 |    5.297295ms | 127.0.0.1 | PUT | /api/tables/9 | -

2026/07/11 11:50:48 [32m/home/humberto/Aplicativos/Manager-Restaurante-main/backend/internal/handlers/handlers.go:1825
[0m[33m[0.539ms] [34;1m[rows:0][0m SELECT * FROM "pedidos" WHERE (mesa_id = 9 AND status != 'entregue') AND tenant_id = 1 ORDER BY created_at desc
11:50:47 | 200 |      649.58µs | 127.0.0.1 | GET | /api/tables/9/orders | -

2026/07/11 11:50:51 [32m/home/humberto/Aplicativos/Manager-Restaurante-main/backend/internal/handlers/handlers.go:238
[0m[33m[0.658ms] [34;1m[rows:1][0m SELECT * FROM "mesas" WHERE "mesas"."id" = 12 AND tenant_id = 1 ORDER BY "mesas"."id" LIMIT 1

2026/07/11 11:50:51 [32m/home/humberto/Aplicativos/Manager-Restaurante-main/backend/internal/handlers/handlers.go:271
[0m[33m[3.387ms] [34;1m[rows:1][0m UPDATE "mesas" SET "tenant_id"=1,"numero"=12,"status"='livre',"capacidade"=4,"formato"='quadrado',"pos_x"=892,"pos_y"=41,"created_at"='2026-06-13 08:53:12.236',"updated_at"='2026-07-11 11:50:51.326' WHERE "id" = 12
11:50:51 | 200 |    4.564615ms | 127.0.0.1 | PUT | /api/tables/12 | -

2026/07/11 11:50:51 [32m/home/humberto/Aplicativos/Manager-Restaurante-main/backend/internal/handlers/handlers.go:1825
[0m[33m[0.566ms] [34;1m[rows:0][0m SELECT * FROM "pedidos" WHERE (mesa_id = 12 AND status != 'entregue') AND tenant_id = 1 ORDER BY created_at desc
11:50:51 | 200 |     691.082µs | 127.0.0.1 | GET | /api/tables/12/orders | -

2026/07/11 11:50:52 [32m/home/humberto/Aplicativos/Manager-Restaurante-main/backend/internal/handlers/handlers.go:238
[0m[33m[0.500ms] [34;1m[rows:1][0m SELECT * FROM "mesas" WHERE "mesas"."id" = 11 AND tenant_id = 1 ORDER BY "mesas"."id" LIMIT 1

2026/07/11 11:50:52 [32m/home/humberto/Aplicativos/Manager-Restaurante-main/backend/internal/handlers/handlers.go:271
[0m[33m[3.289ms] [34;1m[rows:1][0m UPDATE "mesas" SET "tenant_id"=1,"numero"=11,"status"='livre',"capacidade"=4,"formato"='quadrado',"pos_x"=785,"pos_y"=34,"created_at"='2026-06-13 08:53:12.235',"updated_at"='2026-07-11 11:50:52.692' WHERE "id" = 11
11:50:52 | 200 |    4.273305ms | 127.0.0.1 | PUT | /api/tables/11 | -

2026/07/11 11:50:52 [32m/home/humberto/Aplicativos/Manager-Restaurante-main/backend/internal/handlers/handlers.go:1825
[0m[33m[0.512ms] [34;1m[rows:0][0m SELECT * FROM "pedidos" WHERE (mesa_id = 11 AND status != 'entregue') AND tenant_id = 1 ORDER BY created_at desc
11:50:52 | 200 |     623.528µs | 127.0.0.1 | GET | /api/tables/11/orders | -

2026/07/11 11:50:54 [32m/home/humberto/Aplicativos/Manager-Restaurante-main/backend/internal/handlers/handlers.go:238
[0m[33m[0.416ms] [34;1m[rows:1][0m SELECT * FROM "mesas" WHERE "mesas"."id" = 9 AND tenant_id = 1 ORDER BY "mesas"."id" LIMIT 1

2026/07/11 11:50:54 [32m/home/humberto/Aplicativos/Manager-Restaurante-main/backend/internal/handlers/handlers.go:271
[0m[33m[3.188ms] [34;1m[rows:1][0m UPDATE "mesas" SET "tenant_id"=1,"numero"=9,"status"='livre',"capacidade"=4,"formato"='quadrado',"pos_x"=670,"pos_y"=33,"created_at"='2026-06-13 08:53:12.233',"updated_at"='2026-07-11 11:50:54.468' WHERE "id" = 9
11:50:54 | 200 |    4.040235ms | 127.0.0.1 | PUT | /api/tables/9 | -

2026/07/11 11:50:54 [32m/home/humberto/Aplicativos/Manager-Restaurante-main/backend/internal/handlers/handlers.go:1825
[0m[33m[0.472ms] [34;1m[rows:0][0m SELECT * FROM "pedidos" WHERE (mesa_id = 9 AND status != 'entregue') AND tenant_id = 1 ORDER BY created_at desc
11:50:54 | 200 |     577.808µs | 127.0.0.1 | GET | /api/tables/9/orders | -

2026/07/11 11:50:56 [32m/home/humberto/Aplicativos/Manager-Restaurante-main/backend/internal/handlers/handlers.go:238
[0m[33m[0.515ms] [34;1m[rows:1][0m SELECT * FROM "mesas" WHERE "mesas"."id" = 13 AND tenant_id = 1 ORDER BY "mesas"."id" LIMIT 1

2026/07/11 11:50:56 [32m/home/humberto/Aplicativos/Manager-Restaurante-main/backend/internal/handlers/handlers.go:271
[0m[33m[3.524ms] [34;1m[rows:1][0m UPDATE "mesas" SET "tenant_id"=1,"numero"=13,"status"='livre',"capacidade"=4,"formato"='redondo',"pos_x"=1013,"pos_y"=38,"created_at"='2026-06-13 08:53:12.237',"updated_at"='2026-07-11 11:50:56.472' WHERE "id" = 13
11:50:56 | 200 |     4.62202ms | 127.0.0.1 | PUT | /api/tables/13 | -

2026/07/11 11:50:56 [32m/home/humberto/Aplicativos/Manager-Restaurante-main/backend/internal/handlers/handlers.go:1825
[0m[33m[0.381ms] [34;1m[rows:0][0m SELECT * FROM "pedidos" WHERE (mesa_id = 13 AND status != 'entregue') AND tenant_id = 1 ORDER BY created_at desc
11:50:56 | 200 |      492.57µs | 127.0.0.1 | GET | /api/tables/13/orders | -

2026/07/11 11:50:58 [32m/home/humberto/Aplicativos/Manager-Restaurante-main/backend/internal/handlers/handlers.go:238
[0m[33m[0.566ms] [34;1m[rows:1][0m SELECT * FROM "mesas" WHERE "mesas"."id" = 14 AND tenant_id = 1 ORDER BY "mesas"."id" LIMIT 1

2026/07/11 11:50:58 [32m/home/humberto/Aplicativos/Manager-Restaurante-main/backend/internal/handlers/handlers.go:271
[0m[33m[3.925ms] [34;1m[rows:1][0m UPDATE "mesas" SET "tenant_id"=1,"numero"=14,"status"='livre',"capacidade"=4,"formato"='redondo',"pos_x"=1138,"pos_y"=34,"created_at"='2026-06-13 08:53:12.238',"updated_at"='2026-07-11 11:50:58.162' WHERE "id" = 14
11:50:57 | 200 |    4.942039ms | 127.0.0.1 | PUT | /api/tables/14 | -

2026/07/11 11:50:58 [32m/home/humberto/Aplicativos/Manager-Restaurante-main/backend/internal/handlers/handlers.go:1825
[0m[33m[0.390ms] [34;1m[rows:0][0m SELECT * FROM "pedidos" WHERE (mesa_id = 14 AND status != 'entregue') AND tenant_id = 1 ORDER BY created_at desc
11:50:57 | 200 |     498.681µs | 127.0.0.1 | GET | /api/tables/14/orders | -

2026/07/11 11:50:59 [32m/home/humberto/Aplicativos/Manager-Restaurante-main/backend/internal/handlers/handlers.go:238
[0m[33m[0.442ms] [34;1m[rows:1][0m SELECT * FROM "mesas" WHERE "mesas"."id" = 15 AND tenant_id = 1 ORDER BY "mesas"."id" LIMIT 1

2026/07/11 11:50:59 [32m/home/humberto/Aplicativos/Manager-Restaurante-main/backend/internal/handlers/handlers.go:271
[0m[33m[3.234ms] [34;1m[rows:1][0m UPDATE "mesas" SET "tenant_id"=1,"numero"=15,"status"='livre',"capacidade"=4,"formato"='redondo',"pos_x"=1256,"pos_y"=31,"created_at"='2026-06-13 08:53:12.239',"updated_at"='2026-07-11 11:50:59.842' WHERE "id" = 15
11:50:59 | 200 |     4.18001ms | 127.0.0.1 | PUT | /api/tables/15 | -

2026/07/11 11:50:59 [32m/home/humberto/Aplicativos/Manager-Restaurante-main/backend/internal/handlers/handlers.go:1825
[0m[33m[0.430ms] [34;1m[rows:0][0m SELECT * FROM "pedidos" WHERE (mesa_id = 15 AND status != 'entregue') AND tenant_id = 1 ORDER BY created_at desc
11:50:59 | 200 |     535.836µs | 127.0.0.1 | GET | /api/tables/15/orders | -

2026/07/11 11:51:02 [32m/home/humberto/Aplicativos/Manager-Restaurante-main/backend/internal/handlers/handlers.go:238
[0m[33m[0.528ms] [34;1m[rows:1][0m SELECT * FROM "mesas" WHERE "mesas"."id" = 17 AND tenant_id = 1 ORDER BY "mesas"."id" LIMIT 1

2026/07/11 11:51:02 [32m/home/humberto/Aplicativos/Manager-Restaurante-main/backend/internal/handlers/handlers.go:271
[0m[33m[3.323ms] [34;1m[rows:1][0m UPDATE "mesas" SET "tenant_id"=1,"numero"=16,"status"='livre',"capacidade"=4,"formato"='quadrado',"pos_x"=10,"pos_y"=461,"created_at"='2026-06-14 10:01:49.137',"updated_at"='2026-07-11 11:51:02.426' WHERE "id" = 17
11:51:02 | 200 |    4.343725ms | 127.0.0.1 | PUT | /api/tables/17 | -

2026/07/11 11:51:02 [32m/home/humberto/Aplicativos/Manager-Restaurante-main/backend/internal/handlers/handlers.go:1825
[0m[33m[0.412ms] [34;1m[rows:0][0m SELECT * FROM "pedidos" WHERE (mesa_id = 17 AND status != 'entregue') AND tenant_id = 1 ORDER BY created_at desc
11:51:02 | 200 |     523.229µs | 127.0.0.1 | GET | /api/tables/17/orders | -

2026/07/11 11:51:04 [32m/home/humberto/Aplicativos/Manager-Restaurante-main/backend/internal/handlers/handlers.go:881
[0m[33m[0.644ms] [34;1m[rows:1][0m SELECT COALESCE(SUM(total), 0) FROM "pedidos" WHERE (created_at >= '2026-07-10 21:00:00' AND status = 'entregue') AND tenant_id = 1

2026/07/11 11:51:04 [32m/home/humberto/Aplicativos/Manager-Restaurante-main/backend/internal/handlers/caixa_handlers.go:340
[0m[33m[0.700ms] [34;1m[rows:9][0m SELECT * FROM "caixa_turnos" WHERE tenant_id = 1 ORDER BY id desc LIMIT 20
11:51:04 | 200 |     841.215µs | 127.0.0.1 | GET | /api/caixa/turnos | -

2026/07/11 11:51:04 [32m/home/humberto/Aplicativos/Manager-Restaurante-main/backend/internal/handlers/handlers.go:888
[0m[33m[0.426ms] [34;1m[rows:1][0m SELECT count(*) FROM "pedidos" WHERE status IN ('recebido','produzindo','pronto') AND tenant_id = 1

2026/07/11 11:51:04 [32m/home/humberto/Aplicativos/Manager-Restaurante-main/backend/internal/handlers/handlers.go:895
[0m[33m[0.212ms] [34;1m[rows:1][0m SELECT count(*) FROM "mesas" WHERE status = 'ocupada' AND tenant_id = 1

2026/07/11 11:51:04 [32m/home/humberto/Aplicativos/Manager-Restaurante-main/backend/internal/handlers/handlers.go:903
[0m[33m[0.218ms] [34;1m[rows:1][0m SELECT COALESCE(AVG(total), 0) FROM "pedidos" WHERE (created_at >= '2026-07-10 21:00:00' AND status = 'entregue') AND tenant_id = 1

2026/07/11 11:51:04 [32m/home/humberto/Aplicativos/Manager-Restaurante-main/backend/internal/handlers/handlers.go:918
[0m[33m[0.468ms] [34;1m[rows:5][0m SELECT produto_nome, SUM(quantidade * preco_unitario) as total_vendido, SUM(quantidade) as quantidade FROM "item_pedidos" WHERE tenant_id = 1 GROUP BY "produto_nome" ORDER BY quantidade desc LIMIT 5
11:51:04 | 200 |    2.275911ms | 127.0.0.1 | GET | /api/dashboard/stats | -

2026/07/11 11:51:04 [32m/home/humberto/Aplicativos/Manager-Restaurante-main/backend/internal/handlers/handlers.go:881
[0m[33m[0.462ms] [34;1m[rows:1][0m SELECT COALESCE(SUM(total), 0) FROM "pedidos" WHERE (created_at >= '2026-07-10 21:00:00' AND status = 'entregue') AND tenant_id = 1

2026/07/11 11:51:04 [32m/home/humberto/Aplicativos/Manager-Restaurante-main/backend/internal/handlers/handlers.go:888
[0m[33m[0.276ms] [34;1m[rows:1][0m SELECT count(*) FROM "pedidos" WHERE status IN ('recebido','produzindo','pronto') AND tenant_id = 1

2026/07/11 11:51:04 [32m/home/humberto/Aplicativos/Manager-Restaurante-main/backend/internal/handlers/handlers.go:895
[0m[33m[0.200ms] [34;1m[rows:1][0m SELECT count(*) FROM "mesas" WHERE status = 'ocupada' AND tenant_id = 1

2026/07/11 11:51:04 [32m/home/humberto/Aplicativos/Manager-Restaurante-main/backend/internal/handlers/handlers.go:903
[0m[33m[0.282ms] [34;1m[rows:1][0m SELECT COALESCE(AVG(total), 0) FROM "pedidos" WHERE (created_at >= '2026-07-10 21:00:00' AND status = 'entregue') AND tenant_id = 1

2026/07/11 11:51:04 [32m/home/humberto/Aplicativos/Manager-Restaurante-main/backend/internal/handlers/handlers.go:918
[0m[33m[0.339ms] [34;1m[rows:5][0m SELECT produto_nome, SUM(quantidade * preco_unitario) as total_vendido, SUM(quantidade) as quantidade FROM "item_pedidos" WHERE tenant_id = 1 GROUP BY "produto_nome" ORDER BY quantidade desc LIMIT 5
11:51:04 | 200 |    1.847765ms | 127.0.0.1 | GET | /api/dashboard/stats | -

2026/07/11 11:51:04 [32m/home/humberto/Aplicativos/Manager-Restaurante-main/backend/internal/handlers/handlers.go:881
[0m[33m[0.372ms] [34;1m[rows:1][0m SELECT COALESCE(SUM(total), 0) FROM "pedidos" WHERE (created_at >= '2026-07-10 21:00:00' AND status = 'entregue') AND tenant_id = 1

2026/07/11 11:51:04 [32m/home/humberto/Aplicativos/Manager-Restaurante-main/backend/internal/handlers/handlers.go:888
[0m[33m[0.191ms] [34;1m[rows:1][0m SELECT count(*) FROM "pedidos" WHERE status IN ('recebido','produzindo','pronto') AND tenant_id = 1

2026/07/11 11:51:04 [32m/home/humberto/Aplicativos/Manager-Restaurante-main/backend/internal/handlers/handlers.go:895
[0m[33m[0.203ms] [34;1m[rows:1][0m SELECT count(*) FROM "mesas" WHERE status = 'ocupada' AND tenant_id = 1

2026/07/11 11:51:04 [32m/home/humberto/Aplicativos/Manager-Restaurante-main/backend/internal/handlers/handlers.go:903
[0m[33m[0.257ms] [34;1m[rows:1][0m SELECT COALESCE(AVG(total), 0) FROM "pedidos" WHERE (created_at >= '2026-07-10 21:00:00' AND status = 'entregue') AND tenant_id = 1

2026/07/11 11:51:04 [32m/home/humberto/Aplicativos/Manager-Restaurante-main/backend/internal/handlers/handlers.go:918
[0m[33m[0.354ms] [34;1m[rows:5][0m SELECT produto_nome, SUM(quantidade * preco_unitario) as total_vendido, SUM(quantidade) as quantidade FROM "item_pedidos" WHERE tenant_id = 1 GROUP BY "produto_nome" ORDER BY quantidade desc LIMIT 5
11:51:04 | 200 |    1.664881ms | 127.0.0.1 | GET | /api/dashboard/stats | -

2026/07/11 11:51:08 [32m/home/humberto/Aplicativos/Manager-Restaurante-main/backend/internal/handlers/caixa_handlers.go:277
[0m[33m[0.926ms] [34;1m[rows:1][0m SELECT * FROM "caixa_turnos" WHERE "caixa_turnos"."id" = 9 AND tenant_id = 1 ORDER BY "caixa_turnos"."id" LIMIT 1

2026/07/11 11:51:08 [32m/home/humberto/Aplicativos/Manager-Restaurante-main/backend/internal/handlers/caixa_handlers.go:284
[0m[33m[0.318ms] [34;1m[rows:0][0m SELECT * FROM "caixa_movimentacaos" WHERE caixa_turno_id = 9

2026/07/11 11:51:08 [32m/home/humberto/Aplicativos/Manager-Restaurante-main/backend/internal/handlers/caixa_handlers.go:302
[0m[33m[0.326ms] [34;1m[rows:1][0m SELECT COALESCE(SUM(total), 0) FROM "pedidos" WHERE tenant_id = 1 AND status IN ('concluido', 'pago', 'entregue') AND updated_at >= '2026-07-11 11:47:24.201'

2026/07/11 11:51:08 [32m/home/humberto/Aplicativos/Manager-Restaurante-main/backend/internal/handlers/caixa_handlers.go:320
[0m[33m[0.376ms] [34;1m[rows:1][0m SELECT metodo, COALESCE(SUM(valor), 0) as total FROM "pagamentos" WHERE tenant_id = 1 AND status = 'aprovado' AND updated_at >= '2026-07-11 11:47:24.201' GROUP BY "metodo"
11:51:08 | 200 |    2.215075ms | 127.0.0.1 | GET | /api/caixa/relatorio/9 | -

2026/07/11 11:51:16 [32m/home/humberto/Aplicativos/Manager-Restaurante-main/backend/internal/handlers/handlers.go:225
[0m[33m[0.552ms] [34;1m[rows:16][0m SELECT * FROM "mesas" WHERE tenant_id = 1 ORDER BY numero asc
11:51:15 | 200 |     704.491µs | 127.0.0.1 | GET | /api/tables | -

2026/07/11 11:51:16 [32m/home/humberto/Aplicativos/Manager-Restaurante-main/backend/internal/handlers/handlers.go:225
[0m[33m[0.549ms] [34;1m[rows:16][0m SELECT * FROM "mesas" WHERE tenant_id = 1 ORDER BY numero asc
11:51:15 | 200 |     724.696µs | 127.0.0.1 | GET | /api/tables | -

2026/07/11 11:51:16 [32m/home/humberto/Aplicativos/Manager-Restaurante-main/backend/internal/handlers/handlers.go:225
[0m[33m[0.604ms] [34;1m[rows:16][0m SELECT * FROM "mesas" WHERE tenant_id = 1 ORDER BY numero asc
11:51:15 | 200 |     783.198µs | 127.0.0.1 | GET | /api/tables | -

2026/07/11 11:51:18 [32m/home/humberto/Aplicativos/Manager-Restaurante-main/backend/internal/handlers/handlers.go:238
[0m[33m[0.614ms] [34;1m[rows:1][0m SELECT * FROM "mesas" WHERE "mesas"."id" = 1 AND tenant_id = 1 ORDER BY "mesas"."id" LIMIT 1

2026/07/11 11:51:18 [32m/home/humberto/Aplicativos/Manager-Restaurante-main/backend/internal/handlers/handlers.go:271
[0m[33m[2.293ms] [34;1m[rows:1][0m UPDATE "mesas" SET "tenant_id"=1,"numero"=1,"status"='livre',"capacidade"=4,"formato"='quadrado',"pos_x"=28,"pos_y"=29,"created_at"='2026-06-13 08:53:12.223',"updated_at"='2026-07-11 11:51:18.664' WHERE "id" = 1
11:51:18 | 200 |    3.443294ms | 127.0.0.1 | PUT | /api/tables/1 | -

2026/07/11 11:51:18 [32m/home/humberto/Aplicativos/Manager-Restaurante-main/backend/internal/handlers/handlers.go:1825
[0m[33m[0.588ms] [34;1m[rows:0][0m SELECT * FROM "pedidos" WHERE (mesa_id = 1 AND status != 'entregue') AND tenant_id = 1 ORDER BY created_at desc
11:51:18 | 200 |     820.831µs | 127.0.0.1 | GET | /api/tables/1/orders | -

2026/07/11 11:51:29 [32m/home/humberto/Aplicativos/Manager-Restaurante-main/backend/internal/handlers/handlers.go:238
[0m[33m[0.551ms] [34;1m[rows:1][0m SELECT * FROM "mesas" WHERE "mesas"."id" = 1 AND tenant_id = 1 ORDER BY "mesas"."id" LIMIT 1

2026/07/11 11:51:29 [32m/home/humberto/Aplicativos/Manager-Restaurante-main/backend/internal/handlers/handlers.go:271
[0m[33m[10.832ms] [34;1m[rows:1][0m UPDATE "mesas" SET "tenant_id"=1,"numero"=1,"status"='reservada',"capacidade"=4,"formato"='quadrado',"pos_x"=28,"pos_y"=29,"created_at"='2026-06-13 08:53:12.223',"updated_at"='2026-07-11 11:51:29.598' WHERE "id" = 1
11:51:29 | 200 |   11.935696ms | 127.0.0.1 | PUT | /api/tables/1 | -

2026/07/11 11:51:33 [32m/home/humberto/Aplicativos/Manager-Restaurante-main/backend/internal/handlers/handlers.go:881
[0m[33m[0.614ms] [34;1m[rows:1][0m SELECT COALESCE(SUM(total), 0) FROM "pedidos" WHERE (created_at >= '2026-07-10 21:00:00' AND status = 'entregue') AND tenant_id = 1

2026/07/11 11:51:33 [32m/home/humberto/Aplicativos/Manager-Restaurante-main/backend/internal/handlers/caixa_handlers.go:340
[0m[33m[0.716ms] [34;1m[rows:9][0m SELECT * FROM "caixa_turnos" WHERE tenant_id = 1 ORDER BY id desc LIMIT 20
11:51:32 | 200 |     846.371µs | 127.0.0.1 | GET | /api/caixa/turnos | -

2026/07/11 11:51:33 [32m/home/humberto/Aplicativos/Manager-Restaurante-main/backend/internal/handlers/handlers.go:888
[0m[33m[0.342ms] [34;1m[rows:1][0m SELECT count(*) FROM "pedidos" WHERE status IN ('recebido','produzindo','pronto') AND tenant_id = 1

2026/07/11 11:51:33 [32m/home/humberto/Aplicativos/Manager-Restaurante-main/backend/internal/handlers/handlers.go:895
[0m[33m[0.220ms] [34;1m[rows:1][0m SELECT count(*) FROM "mesas" WHERE status = 'ocupada' AND tenant_id = 1

2026/07/11 11:51:33 [32m/home/humberto/Aplicativos/Manager-Restaurante-main/backend/internal/handlers/handlers.go:903
[0m[33m[0.298ms] [34;1m[rows:1][0m SELECT COALESCE(AVG(total), 0) FROM "pedidos" WHERE (created_at >= '2026-07-10 21:00:00' AND status = 'entregue') AND tenant_id = 1

2026/07/11 11:51:33 [32m/home/humberto/Aplicativos/Manager-Restaurante-main/backend/internal/handlers/handlers.go:918
[0m[33m[0.568ms] [34;1m[rows:5][0m SELECT produto_nome, SUM(quantidade * preco_unitario) as total_vendido, SUM(quantidade) as quantidade FROM "item_pedidos" WHERE tenant_id = 1 GROUP BY "produto_nome" ORDER BY quantidade desc LIMIT 5
11:51:32 | 200 |    2.399377ms | 127.0.0.1 | GET | /api/dashboard/stats | -

2026/07/11 11:51:33 [32m/home/humberto/Aplicativos/Manager-Restaurante-main/backend/internal/handlers/handlers.go:881
[0m[33m[0.427ms] [34;1m[rows:1][0m SELECT COALESCE(SUM(total), 0) FROM "pedidos" WHERE (created_at >= '2026-07-10 21:00:00' AND status = 'entregue') AND tenant_id = 1

2026/07/11 11:51:33 [32m/home/humberto/Aplicativos/Manager-Restaurante-main/backend/internal/handlers/handlers.go:888
[0m[33m[0.220ms] [34;1m[rows:1][0m SELECT count(*) FROM "pedidos" WHERE status IN ('recebido','produzindo','pronto') AND tenant_id = 1

2026/07/11 11:51:33 [32m/home/humberto/Aplicativos/Manager-Restaurante-main/backend/internal/handlers/handlers.go:895
[0m[33m[0.193ms] [34;1m[rows:1][0m SELECT count(*) FROM "mesas" WHERE status = 'ocupada' AND tenant_id = 1

2026/07/11 11:51:33 [32m/home/humberto/Aplicativos/Manager-Restaurante-main/backend/internal/handlers/handlers.go:903
[0m[33m[0.201ms] [34;1m[rows:1][0m SELECT COALESCE(AVG(total), 0) FROM "pedidos" WHERE (created_at >= '2026-07-10 21:00:00' AND status = 'entregue') AND tenant_id = 1

2026/07/11 11:51:33 [32m/home/humberto/Aplicativos/Manager-Restaurante-main/backend/internal/handlers/handlers.go:918
[0m[33m[0.431ms] [34;1m[rows:5][0m SELECT produto_nome, SUM(quantidade * preco_unitario) as total_vendido, SUM(quantidade) as quantidade FROM "item_pedidos" WHERE tenant_id = 1 GROUP BY "produto_nome" ORDER BY quantidade desc LIMIT 5
11:51:32 | 200 |    1.744053ms | 127.0.0.1 | GET | /api/dashboard/stats | -

2026/07/11 11:51:33 [32m/home/humberto/Aplicativos/Manager-Restaurante-main/backend/internal/handlers/handlers.go:881
[0m[33m[0.574ms] [34;1m[rows:1][0m SELECT COALESCE(SUM(total), 0) FROM "pedidos" WHERE (created_at >= '2026-07-10 21:00:00' AND status = 'entregue') AND tenant_id = 1

2026/07/11 11:51:33 [32m/home/humberto/Aplicativos/Manager-Restaurante-main/backend/internal/handlers/handlers.go:888
[0m[33m[0.302ms] [34;1m[rows:1][0m SELECT count(*) FROM "pedidos" WHERE status IN ('recebido','produzindo','pronto') AND tenant_id = 1

2026/07/11 11:51:33 [32m/home/humberto/Aplicativos/Manager-Restaurante-main/backend/internal/handlers/handlers.go:895
[0m[33m[0.219ms] [34;1m[rows:1][0m SELECT count(*) FROM "mesas" WHERE status = 'ocupada' AND tenant_id = 1

2026/07/11 11:51:33 [32m/home/humberto/Aplicativos/Manager-Restaurante-main/backend/internal/handlers/handlers.go:903
[0m[33m[0.219ms] [34;1m[rows:1][0m SELECT COALESCE(AVG(total), 0) FROM "pedidos" WHERE (created_at >= '2026-07-10 21:00:00' AND status = 'entregue') AND tenant_id = 1

2026/07/11 11:51:33 [32m/home/humberto/Aplicativos/Manager-Restaurante-main/backend/internal/handlers/handlers.go:918
[0m[33m[0.338ms] [34;1m[rows:5][0m SELECT produto_nome, SUM(quantidade * preco_unitario) as total_vendido, SUM(quantidade) as quantidade FROM "item_pedidos" WHERE tenant_id = 1 GROUP BY "produto_nome" ORDER BY quantidade desc LIMIT 5
11:51:32 | 200 |    1.988064ms | 127.0.0.1 | GET | /api/dashboard/stats | -

2026/07/11 11:51:36 [32m/home/humberto/Aplicativos/Manager-Restaurante-main/backend/internal/handlers/handlers.go:447
[0m[33m[0.778ms] [34;1m[rows:4][0m SELECT * FROM "categoria" WHERE tenant_id = 1 ORDER BY nome asc
11:51:35 | 200 |      949.32µs | 127.0.0.1 | GET | /api/categories | -

2026/07/11 11:51:36 [32m/home/humberto/Aplicativos/Manager-Restaurante-main/backend/internal/handlers/caixa_handlers.go:19
[0m[33m[0.932ms] [34;1m[rows:1][0m SELECT * FROM "caixa_turnos" WHERE status = 'aberto' AND tenant_id = 1 ORDER BY "caixa_turnos"."id" LIMIT 1
11:51:35 | 200 |    1.024688ms | 127.0.0.1 | GET | /api/caixa/status | -

2026/07/11 11:51:36 [32m/home/humberto/Aplicativos/Manager-Restaurante-main/backend/internal/handlers/handlers.go:225
[0m[33m[9.078ms] [34;1m[rows:16][0m SELECT * FROM "mesas" WHERE tenant_id = 1 ORDER BY numero asc
11:51:35 | 200 |    9.289951ms | 127.0.0.1 | GET | /api/tables | -

2026/07/11 11:51:36 [32m/home/humberto/Aplicativos/Manager-Restaurante-main/backend/internal/handlers/handlers.go:293
[0m[33m[9.572ms] [34;1m[rows:9][0m SELECT * FROM "produtos" WHERE ativo = true AND tenant_id = 1 ORDER BY nome asc
11:51:35 | 200 |    9.753124ms | 127.0.0.1 | GET | /api/products | -

2026/07/11 11:51:36 [32m/home/humberto/Aplicativos/Manager-Restaurante-main/backend/internal/handlers/handlers.go:692
[0m[33m[1.530ms] [34;1m[rows:105][0m SELECT * FROM "item_pedidos" WHERE "item_pedidos"."pedido_id" IN (82,81,80,79,78,77,76,75,74,73,72,71,70,69,68,67,66,65,64,63,62,61,60,59,58,57,56,55,54,53,52,51,50,49,48,47,46,45,44,43,42,41,40,39,38,37,36,35,34,33,32,31,30,29,28,27,26,25,24,23,22,21,20,19,18,17,16,15,14,13,12,11,10,9,8,7,6,5,4,3,2,1)

2026/07/11 11:51:36 [32m/home/humberto/Aplicativos/Manager-Restaurante-main/backend/internal/handlers/handlers.go:692
[0m[33m[11.862ms] [34;1m[rows:82][0m SELECT * FROM "pedidos" WHERE tenant_id = 1 ORDER BY created_at desc
11:51:35 | 200 |   12.607415ms | 127.0.0.1 | GET | /api/orders | -

2026/07/11 11:51:48 [32m/home/humberto/Aplicativos/Manager-Restaurante-main/backend/internal/handlers/handlers.go:692
[0m[33m[0.757ms] [34;1m[rows:105][0m SELECT * FROM "item_pedidos" WHERE "item_pedidos"."pedido_id" IN (82,81,80,79,78,77,76,75,74,73,72,71,70,69,68,67,66,65,64,63,62,61,60,59,58,57,56,55,54,53,52,51,50,49,48,47,46,45,44,43,42,41,40,39,38,37,36,35,34,33,32,31,30,29,28,27,26,25,24,23,22,21,20,19,18,17,16,15,14,13,12,11,10,9,8,7,6,5,4,3,2,1)

2026/07/11 11:51:48 [32m/home/humberto/Aplicativos/Manager-Restaurante-main/backend/internal/handlers/handlers.go:692
[0m[33m[2.128ms] [34;1m[rows:82][0m SELECT * FROM "pedidos" WHERE tenant_id = 1 ORDER BY created_at desc
11:51:48 | 200 |    2.571492ms | 127.0.0.1 | GET | /api/orders | -

2026/07/11 11:52:03 [32m/home/humberto/Aplicativos/Manager-Restaurante-main/backend/internal/handlers/caixa_handlers.go:340
[0m[33m[0.768ms] [34;1m[rows:9][0m SELECT * FROM "caixa_turnos" WHERE tenant_id = 1 ORDER BY id desc LIMIT 20
11:52:02 | 200 |     945.803µs | 127.0.0.1 | GET | /api/caixa/turnos | -

2026/07/11 11:52:03 [32m/home/humberto/Aplicativos/Manager-Restaurante-main/backend/internal/handlers/handlers.go:881
[0m[33m[1.696ms] [34;1m[rows:1][0m SELECT COALESCE(SUM(total), 0) FROM "pedidos" WHERE (created_at >= '2026-07-10 21:00:00' AND status = 'entregue') AND tenant_id = 1

2026/07/11 11:52:03 [32m/home/humberto/Aplicativos/Manager-Restaurante-main/backend/internal/handlers/handlers.go:888
[0m[33m[0.860ms] [34;1m[rows:1][0m SELECT count(*) FROM "pedidos" WHERE status IN ('recebido','produzindo','pronto') AND tenant_id = 1

2026/07/11 11:52:03 [32m/home/humberto/Aplicativos/Manager-Restaurante-main/backend/internal/handlers/handlers.go:895
[0m[33m[0.758ms] [34;1m[rows:1][0m SELECT count(*) FROM "mesas" WHERE status = 'ocupada' AND tenant_id = 1

2026/07/11 11:52:03 [32m/home/humberto/Aplicativos/Manager-Restaurante-main/backend/internal/handlers/handlers.go:903
[0m[33m[0.799ms] [34;1m[rows:1][0m SELECT COALESCE(AVG(total), 0) FROM "pedidos" WHERE (created_at >= '2026-07-10 21:00:00' AND status = 'entregue') AND tenant_id = 1

2026/07/11 11:52:03 [32m/home/humberto/Aplicativos/Manager-Restaurante-main/backend/internal/handlers/handlers.go:918
[0m[33m[1.664ms] [34;1m[rows:5][0m SELECT produto_nome, SUM(quantidade * preco_unitario) as total_vendido, SUM(quantidade) as quantidade FROM "item_pedidos" WHERE tenant_id = 1 GROUP BY "produto_nome" ORDER BY quantidade desc LIMIT 5
11:52:02 | 200 |    6.207447ms | 127.0.0.1 | GET | /api/dashboard/stats | -

2026/07/11 11:52:03 [32m/home/humberto/Aplicativos/Manager-Restaurante-main/backend/internal/handlers/handlers.go:881
[0m[33m[0.534ms] [34;1m[rows:1][0m SELECT COALESCE(SUM(total), 0) FROM "pedidos" WHERE (created_at >= '2026-07-10 21:00:00' AND status = 'entregue') AND tenant_id = 1

2026/07/11 11:52:03 [32m/home/humberto/Aplicativos/Manager-Restaurante-main/backend/internal/handlers/handlers.go:888
[0m[33m[0.367ms] [34;1m[rows:1][0m SELECT count(*) FROM "pedidos" WHERE status IN ('recebido','produzindo','pronto') AND tenant_id = 1

2026/07/11 11:52:03 [32m/home/humberto/Aplicativos/Manager-Restaurante-main/backend/internal/handlers/handlers.go:895
[0m[33m[0.251ms] [34;1m[rows:1][0m SELECT count(*) FROM "mesas" WHERE status = 'ocupada' AND tenant_id = 1

2026/07/11 11:52:03 [32m/home/humberto/Aplicativos/Manager-Restaurante-main/backend/internal/handlers/handlers.go:903
[0m[33m[0.459ms] [34;1m[rows:1][0m SELECT COALESCE(AVG(total), 0) FROM "pedidos" WHERE (created_at >= '2026-07-10 21:00:00' AND status = 'entregue') AND tenant_id = 1

2026/07/11 11:52:03 [32m/home/humberto/Aplicativos/Manager-Restaurante-main/backend/internal/handlers/handlers.go:918
[0m[33m[0.606ms] [34;1m[rows:5][0m SELECT produto_nome, SUM(quantidade * preco_unitario) as total_vendido, SUM(quantidade) as quantidade FROM "item_pedidos" WHERE tenant_id = 1 GROUP BY "produto_nome" ORDER BY quantidade desc LIMIT 5
11:52:02 | 200 |    2.600908ms | 127.0.0.1 | GET | /api/dashboard/stats | -

2026/07/11 11:52:03 [32m/home/humberto/Aplicativos/Manager-Restaurante-main/backend/internal/handlers/handlers.go:881
[0m[33m[0.722ms] [34;1m[rows:1][0m SELECT COALESCE(SUM(total), 0) FROM "pedidos" WHERE (created_at >= '2026-07-10 21:00:00' AND status = 'entregue') AND tenant_id = 1

2026/07/11 11:52:03 [32m/home/humberto/Aplicativos/Manager-Restaurante-main/backend/internal/handlers/handlers.go:888
[0m[33m[0.304ms] [34;1m[rows:1][0m SELECT count(*) FROM "pedidos" WHERE status IN ('recebido','produzindo','pronto') AND tenant_id = 1

2026/07/11 11:52:03 [32m/home/humberto/Aplicativos/Manager-Restaurante-main/backend/internal/handlers/handlers.go:895
[0m[33m[0.220ms] [34;1m[rows:1][0m SELECT count(*) FROM "mesas" WHERE status = 'ocupada' AND tenant_id = 1

2026/07/11 11:52:03 [32m/home/humberto/Aplicativos/Manager-Restaurante-main/backend/internal/handlers/handlers.go:903
[0m[33m[0.250ms] [34;1m[rows:1][0m SELECT COALESCE(AVG(total), 0) FROM "pedidos" WHERE (created_at >= '2026-07-10 21:00:00' AND status = 'entregue') AND tenant_id = 1

2026/07/11 11:52:03 [32m/home/humberto/Aplicativos/Manager-Restaurante-main/backend/internal/handlers/handlers.go:918
[0m[33m[0.403ms] [34;1m[rows:5][0m SELECT produto_nome, SUM(quantidade * preco_unitario) as total_vendido, SUM(quantidade) as quantidade FROM "item_pedidos" WHERE tenant_id = 1 GROUP BY "produto_nome" ORDER BY quantidade desc LIMIT 5
11:52:02 | 200 |    2.233565ms | 127.0.0.1 | GET | /api/dashboard/stats | -

2026/07/11 11:52:07 [32m/home/humberto/Aplicativos/Manager-Restaurante-main/backend/internal/handlers/handlers.go:98
[0m[33m[1.367ms] [34;1m[rows:1][0m SELECT * FROM "empresas" WHERE "empresas"."id" = 1 ORDER BY "empresas"."id" LIMIT 1

2026/07/11 11:52:08 [32m/home/humberto/Aplicativos/Manager-Restaurante-main/backend/internal/handlers/handlers.go:127
[0m[33m[13.752ms] [34;1m[rows:1][0m UPDATE "empresas" SET "nome"='Restaurante NBAPARK',"cnpj"='12.345.678/0001-99',"telefone"='(54) 99999-8888',"logo_url"='https://encrypted-tbn0.gstatic.com/images?q=tbn:ANd9GcT0N0u6B7OwX7X4jXTCkkf3ESjcGcDQobR6zw&s',"theme"='{"primary":"#0C3C84","secondary":"#dc004e","dark":true}',"created_at"='2026-06-13 08:53:12.164',"updated_at"='2026-07-11 11:52:07.991' WHERE "id" = 1
11:52:07 | 200 |   15.721603ms | 127.0.0.1 | PUT | /api/auth/tenant | -

2026/07/11 11:52:10 [32m/home/humberto/Aplicativos/Manager-Restaurante-main/backend/internal/handlers/caixa_handlers.go:19
[0m[33m[0.694ms] [34;1m[rows:1][0m SELECT * FROM "caixa_turnos" WHERE status = 'aberto' AND tenant_id = 1 ORDER BY "caixa_turnos"."id" LIMIT 1
11:52:10 | 200 |     836.596µs | 127.0.0.1 | GET | /api/caixa/status | -

2026/07/11 11:52:10 [32m/home/humberto/Aplicativos/Manager-Restaurante-main/backend/internal/handlers/handlers.go:447
[0m[33m[1.007ms] [34;1m[rows:4][0m SELECT * FROM "categoria" WHERE tenant_id = 1 ORDER BY nome asc
11:52:10 | 200 |    1.105671ms | 127.0.0.1 | GET | /api/categories | -

2026/07/11 11:52:10 [32m/home/humberto/Aplicativos/Manager-Restaurante-main/backend/internal/handlers/handlers.go:225
[0m[33m[9.531ms] [34;1m[rows:16][0m SELECT * FROM "mesas" WHERE tenant_id = 1 ORDER BY numero asc
11:52:10 | 200 |    9.860478ms | 127.0.0.1 | GET | /api/tables | -

2026/07/11 11:52:10 [32m/home/humberto/Aplicativos/Manager-Restaurante-main/backend/internal/handlers/handlers.go:293
[0m[33m[10.497ms] [34;1m[rows:9][0m SELECT * FROM "produtos" WHERE ativo = true AND tenant_id = 1 ORDER BY nome asc
11:52:10 | 200 |   10.695229ms | 127.0.0.1 | GET | /api/products | -

2026/07/11 11:52:10 [32m/home/humberto/Aplicativos/Manager-Restaurante-main/backend/internal/handlers/handlers.go:692
[0m[33m[1.238ms] [34;1m[rows:105][0m SELECT * FROM "item_pedidos" WHERE "item_pedidos"."pedido_id" IN (82,81,80,79,78,77,76,75,74,73,72,71,70,69,68,67,66,65,64,63,62,61,60,59,58,57,56,55,54,53,52,51,50,49,48,47,46,45,44,43,42,41,40,39,38,37,36,35,34,33,32,31,30,29,28,27,26,25,24,23,22,21,20,19,18,17,16,15,14,13,12,11,10,9,8,7,6,5,4,3,2,1)

2026/07/11 11:52:10 [32m/home/humberto/Aplicativos/Manager-Restaurante-main/backend/internal/handlers/handlers.go:692
[0m[33m[12.457ms] [34;1m[rows:82][0m SELECT * FROM "pedidos" WHERE tenant_id = 1 ORDER BY created_at desc
11:52:10 | 200 |   12.858715ms | 127.0.0.1 | GET | /api/orders | -

2026/07/11 11:52:25 [32m/home/humberto/Aplicativos/Manager-Restaurante-main/backend/internal/handlers/handlers.go:238
[0m[33m[0.582ms] [34;1m[rows:1][0m SELECT * FROM "mesas" WHERE "mesas"."id" = 3 AND tenant_id = 1 ORDER BY "mesas"."id" LIMIT 1

2026/07/11 11:52:25 [32m/home/humberto/Aplicativos/Manager-Restaurante-main/backend/internal/handlers/handlers.go:271
[0m[33m[3.439ms] [34;1m[rows:1][0m UPDATE "mesas" SET "tenant_id"=1,"numero"=3,"status"='livre',"capacidade"=4,"formato"='quadrado',"pos_x"=229,"pos_y"=34,"created_at"='2026-06-13 08:53:12.226',"updated_at"='2026-07-11 11:52:25.259' WHERE "id" = 3
11:52:24 | 200 |    4.591615ms | 127.0.0.1 | PUT | /api/tables/3 | -

2026/07/11 11:52:31 [32m/home/humberto/Aplicativos/Manager-Restaurante-main/backend/internal/handlers/handlers.go:98
[0m[33m[1.006ms] [34;1m[rows:1][0m SELECT * FROM "empresas" WHERE "empresas"."id" = 1 ORDER BY "empresas"."id" LIMIT 1

2026/07/11 11:52:31 [32m/home/humberto/Aplicativos/Manager-Restaurante-main/backend/internal/handlers/handlers.go:127
[0m[33m[3.405ms] [34;1m[rows:1][0m UPDATE "empresas" SET "nome"='Restaurante NBAPARK',"cnpj"='12.345.678/0001-99',"telefone"='(54) 99999-8888',"logo_url"='https://encrypted-tbn0.gstatic.com/images?q=tbn:ANd9GcT0N0u6B7OwX7X4jXTCkkf3ESjcGcDQobR6zw&s',"theme"='{"primary":"#0C3C84","secondary":"#dc004e","dark":false}',"created_at"='2026-06-13 08:53:12.164',"updated_at"='2026-07-11 11:52:31.501' WHERE "id" = 1
11:52:31 | 200 |    4.969808ms | 127.0.0.1 | PUT | /api/auth/tenant | -

2026/07/11 11:52:34 [32m/home/humberto/Aplicativos/Manager-Restaurante-main/backend/internal/handlers/caixa_handlers.go:269
[0m[33m[0.730ms] [34;1m[rows:1][0m SELECT * FROM "caixa_turnos" WHERE status = 'aberto' AND tenant_id = 1 ORDER BY "caixa_turnos"."id" LIMIT 1

2026/07/11 11:52:34 [32m/home/humberto/Aplicativos/Manager-Restaurante-main/backend/internal/handlers/caixa_handlers.go:284
[0m[33m[1.145ms] [34;1m[rows:0][0m SELECT * FROM "caixa_movimentacaos" WHERE caixa_turno_id = 9

2026/07/11 11:52:34 [32m/home/humberto/Aplicativos/Manager-Restaurante-main/backend/internal/handlers/caixa_handlers.go:302
[0m[33m[0.542ms] [34;1m[rows:1][0m SELECT COALESCE(SUM(total), 0) FROM "pedidos" WHERE tenant_id = 1 AND status IN ('concluido', 'pago', 'entregue') AND updated_at >= '2026-07-11 11:47:24.201'

2026/07/11 11:52:34 [32m/home/humberto/Aplicativos/Manager-Restaurante-main/backend/internal/handlers/caixa_handlers.go:320
[0m[33m[0.798ms] [34;1m[rows:1][0m SELECT metodo, COALESCE(SUM(valor), 0) as total FROM "pagamentos" WHERE tenant_id = 1 AND status = 'aprovado' AND updated_at >= '2026-07-11 11:47:24.201' GROUP BY "metodo"
11:52:34 | 200 |    3.475468ms | 127.0.0.1 | GET | /api/caixa/relatorio/current | -

2026/07/11 11:52:45 [32m/home/humberto/Aplicativos/Manager-Restaurante-main/backend/internal/handlers/handlers.go:225
[0m[33m[1.303ms] [34;1m[rows:16][0m SELECT * FROM "mesas" WHERE tenant_id = 1 ORDER BY numero asc
11:52:44 | 200 |    1.545945ms | 127.0.0.1 | GET | /api/tables | -

2026/07/11 11:52:45 [32m/home/humberto/Aplicativos/Manager-Restaurante-main/backend/internal/handlers/handlers.go:225
[0m[33m[0.775ms] [34;1m[rows:16][0m SELECT * FROM "mesas" WHERE tenant_id = 1 ORDER BY numero asc
11:52:44 | 200 |      969.04µs | 127.0.0.1 | GET | /api/tables | -

2026/07/11 11:52:45 [32m/home/humberto/Aplicativos/Manager-Restaurante-main/backend/internal/handlers/handlers.go:225
[0m[33m[0.658ms] [34;1m[rows:16][0m SELECT * FROM "mesas" WHERE tenant_id = 1 ORDER BY numero asc
11:52:44 | 200 |     893.788µs | 127.0.0.1 | GET | /api/tables | -

2026/07/11 11:52:46 [32m/home/humberto/Aplicativos/Manager-Restaurante-main/backend/internal/handlers/handlers.go:238
[0m[33m[0.733ms] [34;1m[rows:1][0m SELECT * FROM "mesas" WHERE "mesas"."id" = 2 AND tenant_id = 1 ORDER BY "mesas"."id" LIMIT 1

2026/07/11 11:52:46 [32m/home/humberto/Aplicativos/Manager-Restaurante-main/backend/internal/handlers/handlers.go:271
[0m[33m[3.584ms] [34;1m[rows:1][0m UPDATE "mesas" SET "tenant_id"=1,"numero"=2,"status"='livre',"capacidade"=4,"formato"='quadrado',"pos_x"=126,"pos_y"=30,"created_at"='2026-06-13 08:53:12.225',"updated_at"='2026-07-11 11:52:46.419' WHERE "id" = 2
11:52:46 | 200 |    4.820635ms | 127.0.0.1 | PUT | /api/tables/2 | -

2026/07/11 11:52:46 [32m/home/humberto/Aplicativos/Manager-Restaurante-main/backend/internal/handlers/handlers.go:1825
[0m[33m[0.476ms] [34;1m[rows:0][0m SELECT * FROM "pedidos" WHERE (mesa_id = 2 AND status != 'entregue') AND tenant_id = 1 ORDER BY created_at desc
11:52:46 | 200 |     590.179µs | 127.0.0.1 | GET | /api/tables/2/orders | -

2026/07/11 11:52:51 [32m/home/humberto/Aplicativos/Manager-Restaurante-main/backend/internal/handlers/handlers.go:238
[0m[33m[0.894ms] [34;1m[rows:1][0m SELECT * FROM "mesas" WHERE "mesas"."id" = 2 AND tenant_id = 1 ORDER BY "mesas"."id" LIMIT 1

2026/07/11 11:52:51 [32m/home/humberto/Aplicativos/Manager-Restaurante-main/backend/internal/handlers/handlers.go:271
[0m[33m[3.505ms] [34;1m[rows:1][0m UPDATE "mesas" SET "tenant_id"=1,"numero"=2,"status"='ocupada',"capacidade"=4,"formato"='quadrado',"pos_x"=126,"pos_y"=30,"created_at"='2026-06-13 08:53:12.225',"updated_at"='2026-07-11 11:52:51.939' WHERE "id" = 2
11:52:51 | 200 |    5.001298ms | 127.0.0.1 | PUT | /api/tables/2 | -

2026/07/11 11:52:55 [32m/home/humberto/Aplicativos/Manager-Restaurante-main/backend/internal/handlers/handlers.go:447
[0m[33m[1.549ms] [34;1m[rows:4][0m SELECT * FROM "categoria" WHERE tenant_id = 1 ORDER BY nome asc
11:52:55 | 200 |    2.081976ms | 127.0.0.1 | GET | /api/categories | -

2026/07/11 11:52:55 [32m/home/humberto/Aplicativos/Manager-Restaurante-main/backend/internal/handlers/handlers.go:293
[0m[33m[2.606ms] [34;1m[rows:9][0m SELECT * FROM "produtos" WHERE ativo = true AND tenant_id = 1 ORDER BY nome asc
11:52:55 | 200 |    2.914182ms | 127.0.0.1 | GET | /api/products | -

2026/07/11 11:52:55 [32m/home/humberto/Aplicativos/Manager-Restaurante-main/backend/internal/handlers/caixa_handlers.go:19
[0m[33m[9.818ms] [34;1m[rows:1][0m SELECT * FROM "caixa_turnos" WHERE status = 'aberto' AND tenant_id = 1 ORDER BY "caixa_turnos"."id" LIMIT 1
11:52:55 | 200 |   10.716064ms | 127.0.0.1 | GET | /api/caixa/status | -

2026/07/11 11:52:55 [32m/home/humberto/Aplicativos/Manager-Restaurante-main/backend/internal/handlers/handlers.go:225
[0m[33m[11.487ms] [34;1m[rows:16][0m SELECT * FROM "mesas" WHERE tenant_id = 1 ORDER BY numero asc
11:52:55 | 200 |    11.99421ms | 127.0.0.1 | GET | /api/tables | -

2026/07/11 11:52:55 [32m/home/humberto/Aplicativos/Manager-Restaurante-main/backend/internal/handlers/handlers.go:1825
[0m[33m[13.507ms] [34;1m[rows:0][0m SELECT * FROM "pedidos" WHERE (mesa_id = 2 AND status != 'entregue') AND tenant_id = 1 ORDER BY created_at desc
11:52:55 | 200 |   13.782979ms | 127.0.0.1 | GET | /api/tables/2/orders | -

2026/07/11 11:52:55 [32m/home/humberto/Aplicativos/Manager-Restaurante-main/backend/internal/handlers/handlers.go:692
[0m[33m[2.191ms] [34;1m[rows:105][0m SELECT * FROM "item_pedidos" WHERE "item_pedidos"."pedido_id" IN (82,81,80,79,78,77,76,75,74,73,72,71,70,69,68,67,66,65,64,63,62,61,60,59,58,57,56,55,54,53,52,51,50,49,48,47,46,45,44,43,42,41,40,39,38,37,36,35,34,33,32,31,30,29,28,27,26,25,24,23,22,21,20,19,18,17,16,15,14,13,12,11,10,9,8,7,6,5,4,3,2,1)

2026/07/11 11:52:55 [32m/home/humberto/Aplicativos/Manager-Restaurante-main/backend/internal/handlers/handlers.go:692
[0m[33m[16.244ms] [34;1m[rows:82][0m SELECT * FROM "pedidos" WHERE tenant_id = 1 ORDER BY created_at desc
11:52:55 | 200 |    17.25587ms | 127.0.0.1 | GET | /api/orders | -

2026/07/11 11:53:09 [32m/home/humberto/Aplicativos/Manager-Restaurante-main/backend/internal/handlers/handlers.go:560
[0m[33m[0.629ms] [34;1m[rows:1][0m SELECT * FROM "mesas" WHERE "mesas"."id" = 2 AND tenant_id = 1 ORDER BY "mesas"."id" LIMIT 1

2026/07/11 11:53:09 [32m/home/humberto/Aplicativos/Manager-Restaurante-main/backend/internal/handlers/handlers.go:575
[0m[33m[0.433ms] [34;1m[rows:1][0m SELECT * FROM "produtos" WHERE "produtos"."id" = 5 AND tenant_id = 1 ORDER BY "produtos"."id" LIMIT 1

2026/07/11 11:53:09 [32m/home/humberto/Aplicativos/Manager-Restaurante-main/backend/internal/handlers/handlers.go:581
[0m[33m[0.340ms] [34;1m[rows:0][0m SELECT * FROM "ficha_tecnica_items" WHERE produto_id = 5 AND tenant_id = 1

2026/07/11 11:53:09 [32m/home/humberto/Aplicativos/Manager-Restaurante-main/backend/internal/handlers/handlers.go:609
[0m[33m[0.285ms] [34;1m[rows:1][0m SELECT * FROM "estoques" WHERE produto_id = 5 AND tenant_id = 1 ORDER BY "estoques"."id" LIMIT 1

2026/07/11 11:53:09 [32m/home/humberto/Aplicativos/Manager-Restaurante-main/backend/internal/handlers/handlers.go:614
[0m[33m[13.823ms] [34;1m[rows:1][0m UPDATE "estoques" SET "tenant_id"=1,"produto_id"=5,"quantidade"=84,"minimo"=10,"alerta"=false,"created_at"='2026-06-13 08:53:12.252',"updated_at"='2026-07-11 11:53:09.169' WHERE "id" = 5

2026/07/11 11:53:09 [32m/home/humberto/Aplicativos/Manager-Restaurante-main/backend/internal/handlers/handlers.go:616
[0m[33m[1.738ms] [34;1m[rows:1][0m INSERT INTO "movimentacao_estoques" ("tenant_id","produto_id","quantidade","tipo","motivo","usuario_id","created_at") VALUES (1,5,1,'saida','venda',1,'2026-07-11 11:53:09.183') RETURNING "id"

2026/07/11 11:53:09 [32m/home/humberto/Aplicativos/Manager-Restaurante-main/backend/internal/handlers/handlers.go:575
[0m[33m[0.424ms] [34;1m[rows:1][0m SELECT * FROM "produtos" WHERE "produtos"."id" = 6 AND tenant_id = 1 ORDER BY "produtos"."id" LIMIT 1

2026/07/11 11:53:09 [32m/home/humberto/Aplicativos/Manager-Restaurante-main/backend/internal/handlers/handlers.go:581
[0m[33m[0.354ms] [34;1m[rows:0][0m SELECT * FROM "ficha_tecnica_items" WHERE produto_id = 6 AND tenant_id = 1

2026/07/11 11:53:09 [32m/home/humberto/Aplicativos/Manager-Restaurante-main/backend/internal/handlers/handlers.go:609
[0m[33m[0.326ms] [34;1m[rows:1][0m SELECT * FROM "estoques" WHERE produto_id = 6 AND tenant_id = 1 ORDER BY "estoques"."id" LIMIT 1

2026/07/11 11:53:09 [32m/home/humberto/Aplicativos/Manager-Restaurante-main/backend/internal/handlers/handlers.go:614
[0m[33m[1.332ms] [34;1m[rows:1][0m UPDATE "estoques" SET "tenant_id"=1,"produto_id"=6,"quantidade"=83,"minimo"=10,"alerta"=false,"created_at"='2026-06-13 08:53:12.253',"updated_at"='2026-07-11 11:53:09.186' WHERE "id" = 6

2026/07/11 11:53:09 [32m/home/humberto/Aplicativos/Manager-Restaurante-main/backend/internal/handlers/handlers.go:616
[0m[33m[1.335ms] [34;1m[rows:1][0m INSERT INTO "movimentacao_estoques" ("tenant_id","produto_id","quantidade","tipo","motivo","usuario_id","created_at") VALUES (1,6,1,'saida','venda',1,'2026-07-11 11:53:09.188') RETURNING "id"

2026/07/11 11:53:09 [32m/home/humberto/Aplicativos/Manager-Restaurante-main/backend/internal/handlers/handlers.go:657
[0m[33m[0.754ms] [34;1m[rows:2][0m INSERT INTO "item_pedidos" ("tenant_id","pedido_id","produto_id","produto_nome","quantidade","observacao","preco_unitario","status","impresso","setor_id","created_at","updated_at") VALUES (1,83,5,'Suco de Laranja Natural 500ml',1,'',9.9,'recebido',false,2,'2026-07-11 11:53:09.189','2026-07-11 11:53:09.189'),(1,83,6,'Petit Gâteau com Sorvete',1,'',22.9,'recebido',false,4,'2026-07-11 11:53:09.189','2026-07-11 11:53:09.189') ON CONFLICT ("id") DO UPDATE SET "pedido_id"="excluded"."pedido_id" RETURNING "id"

2026/07/11 11:53:09 [32m/home/humberto/Aplicativos/Manager-Restaurante-main/backend/internal/handlers/handlers.go:657
[0m[33m[2.461ms] [34;1m[rows:1][0m INSERT INTO "pedidos" ("tenant_id","comanda_id","mesa_id","status","origem","total","cliente_id","entregador_id","endereco_entrega","cpf_cnpj_cliente","chave_acesso_nfe","url_cupom_fiscal","created_at","updated_at") VALUES (1,NULL,2,'recebido','mesa',32.8,NULL,NULL,'','','','','2026-07-11 11:53:09.189','2026-07-11 11:53:09.189') RETURNING "id"

2026/07/11 11:53:09 [32m/home/humberto/Aplicativos/Manager-Restaurante-main/backend/internal/services/printer.go:35
[0m[33m[0.326ms] [34;1m[rows:3][0m SELECT * FROM "impressoras" WHERE tenant_id = 1
11:53:08 | 200 |   24.717255ms | 127.0.0.1 | POST | /api/orders | -

2026/07/11 11:53:09 [32m/home/humberto/Aplicativos/Manager-Restaurante-main/backend/internal/handlers/handlers.go:225
[0m[33m[0.658ms] [34;1m[rows:16][0m SELECT * FROM "mesas" WHERE tenant_id = 1 ORDER BY numero asc
11:53:09 | 200 |     797.391µs | 127.0.0.1 | GET | /api/tables | -

2026/07/11 11:53:09 [32m/home/humberto/Aplicativos/Manager-Restaurante-main/backend/internal/handlers/handlers.go:1825
[0m[33m[0.435ms] [34;1m[rows:2][0m SELECT * FROM "item_pedidos" WHERE "item_pedidos"."pedido_id" = 83

2026/07/11 11:53:09 [32m/home/humberto/Aplicativos/Manager-Restaurante-main/backend/internal/handlers/handlers.go:1825
[0m[33m[1.044ms] [34;1m[rows:1][0m SELECT * FROM "pedidos" WHERE (mesa_id = 2 AND status != 'entregue') AND tenant_id = 1 ORDER BY created_at desc
11:53:09 | 200 |    1.154689ms | 127.0.0.1 | GET | /api/tables/2/orders | -
2026/07/11 11:53:12 [PRINTER ERROR] Failed to send print job to Impressora Bar (192.168.1.101:9100): dial tcp 192.168.1.101:9100: i/o timeout. Printing content to console log for debug:

================= MOCK IMPRESSAO ESC/POS =================
PEDIDO: #83
DATA: 11/07/2026 11:53:09
MESA: 2
----------------------------------------------------------
1x Suco de Laranja Natural 500ml       (Setor: 2)
----------------------------------------------------------
==========================================================

2026/07/11 11:53:12 [PRINTER] No printer matched for Sector 4 (Tenant 1). Fallback to console print.

================= MOCK IMPRESSAO ESC/POS =================
PEDIDO: #83
DATA: 11/07/2026 11:53:09
MESA: 2
----------------------------------------------------------
1x Petit Gâteau com Sorvete            (Setor: 4)
----------------------------------------------------------
==========================================================


2026/07/11 11:53:13 [32m/home/humberto/Aplicativos/Manager-Restaurante-main/backend/internal/handlers/handlers.go:768
[0m[33m[0.722ms] [34;1m[rows:0][0m SELECT * FROM "pedidos" WHERE status IN ('recebido','produzindo','pronto') AND (id IN (SELECT pedido_id FROM item_pedidos WHERE setor_id = '1' OR setor_id = 0)) AND tenant_id = 1 ORDER BY created_at asc
11:53:12 | 200 |     842.846µs | 127.0.0.1 | GET | /api/kds | -

2026/07/11 11:53:16 [32m/home/humberto/Aplicativos/Manager-Restaurante-main/backend/internal/handlers/handlers.go:768
[0m[33m[1.360ms] [34;1m[rows:2][0m SELECT * FROM "item_pedidos" WHERE "item_pedidos"."pedido_id" = 83

2026/07/11 11:53:16 [32m/home/humberto/Aplicativos/Manager-Restaurante-main/backend/internal/handlers/handlers.go:768
[0m[33m[2.596ms] [34;1m[rows:1][0m SELECT * FROM "pedidos" WHERE status IN ('recebido','produzindo','pronto') AND (id IN (SELECT pedido_id FROM item_pedidos WHERE setor_id = '4' OR setor_id = 0)) AND tenant_id = 1 ORDER BY created_at asc
11:53:16 | 200 |    2.743138ms | 127.0.0.1 | GET | /api/kds | -

2026/07/11 11:53:23 [32m/home/humberto/Aplicativos/Manager-Restaurante-main/backend/internal/handlers/handlers.go:716
[0m[33m[0.296ms] [34;1m[rows:2][0m SELECT * FROM "item_pedidos" WHERE "item_pedidos"."pedido_id" = 83

2026/07/11 11:53:23 [32m/home/humberto/Aplicativos/Manager-Restaurante-main/backend/internal/handlers/handlers.go:716
[0m[33m[1.011ms] [34;1m[rows:1][0m SELECT * FROM "pedidos" WHERE "pedidos"."id" = 83 AND tenant_id = 1 ORDER BY "pedidos"."id" LIMIT 1

2026/07/11 11:53:23 [32m/home/humberto/Aplicativos/Manager-Restaurante-main/backend/internal/handlers/handlers.go:724
[0m[33m[3.225ms] [34;1m[rows:2][0m UPDATE "item_pedidos" SET "status"='produzindo',"updated_at"='2026-07-11 11:53:23.165' WHERE pedido_id = 83

2026/07/11 11:53:23 [32m/home/humberto/Aplicativos/Manager-Restaurante-main/backend/internal/handlers/handlers.go:730
[0m[33m[0.700ms] [34;1m[rows:2][0m INSERT INTO "item_pedidos" ("tenant_id","pedido_id","produto_id","produto_nome","quantidade","observacao","preco_unitario","status","impresso","setor_id","created_at","updated_at","id") VALUES (1,83,5,'Suco de Laranja Natural 500ml',1,'',9.9,'produzindo',false,2,'2026-07-11 11:53:09.189','2026-07-11 11:53:09.189',106),(1,83,6,'Petit Gâteau com Sorvete',1,'',22.9,'produzindo',false,4,'2026-07-11 11:53:09.189','2026-07-11 11:53:09.189',107) ON CONFLICT ("id") DO UPDATE SET "pedido_id"="excluded"."pedido_id" RETURNING "id"

2026/07/11 11:53:23 [32m/home/humberto/Aplicativos/Manager-Restaurante-main/backend/internal/handlers/handlers.go:730
[0m[33m[2.048ms] [34;1m[rows:1][0m UPDATE "pedidos" SET "tenant_id"=1,"comanda_id"=NULL,"mesa_id"=2,"status"='produzindo',"origem"='mesa',"total"=32.8,"cliente_id"=NULL,"entregador_id"=NULL,"endereco_entrega"='',"cpf_cnpj_cliente"='',"chave_acesso_nfe"='',"url_cupom_fiscal"='',"created_at"='2026-07-11 11:53:09.189',"updated_at"='2026-07-11 11:53:23.169' WHERE "id" = 83
11:53:22 | 200 |    6.911166ms | 127.0.0.1 | PUT | /api/orders/83 | -

2026/07/11 11:53:25 [32m/home/humberto/Aplicativos/Manager-Restaurante-main/backend/internal/handlers/handlers.go:768
[0m[33m[0.381ms] [34;1m[rows:2][0m SELECT * FROM "item_pedidos" WHERE "item_pedidos"."pedido_id" = 83

2026/07/11 11:53:25 [32m/home/humberto/Aplicativos/Manager-Restaurante-main/backend/internal/handlers/handlers.go:768
[0m[33m[1.430ms] [34;1m[rows:1][0m SELECT * FROM "pedidos" WHERE status IN ('recebido','produzindo','pronto') AND (id IN (SELECT pedido_id FROM item_pedidos WHERE setor_id = '2' OR setor_id = 0)) AND tenant_id = 1 ORDER BY created_at asc
11:53:25 | 200 |    1.557411ms | 127.0.0.1 | GET | /api/kds | -

2026/07/11 11:53:26 [32m/home/humberto/Aplicativos/Manager-Restaurante-main/backend/internal/handlers/handlers.go:716
[0m[33m[0.292ms] [34;1m[rows:2][0m SELECT * FROM "item_pedidos" WHERE "item_pedidos"."pedido_id" = 83

2026/07/11 11:53:26 [32m/home/humberto/Aplicativos/Manager-Restaurante-main/backend/internal/handlers/handlers.go:716
[0m[33m[0.763ms] [34;1m[rows:1][0m SELECT * FROM "pedidos" WHERE "pedidos"."id" = 83 AND tenant_id = 1 ORDER BY "pedidos"."id" LIMIT 1

2026/07/11 11:53:26 [32m/home/humberto/Aplicativos/Manager-Restaurante-main/backend/internal/handlers/handlers.go:724
[0m[33m[3.346ms] [34;1m[rows:2][0m UPDATE "item_pedidos" SET "status"='pronto',"updated_at"='2026-07-11 11:53:26.565' WHERE pedido_id = 83

2026/07/11 11:53:26 [32m/home/humberto/Aplicativos/Manager-Restaurante-main/backend/internal/handlers/handlers.go:730
[0m[33m[0.490ms] [34;1m[rows:2][0m INSERT INTO "item_pedidos" ("tenant_id","pedido_id","produto_id","produto_nome","quantidade","observacao","preco_unitario","status","impresso","setor_id","created_at","updated_at","id") VALUES (1,83,5,'Suco de Laranja Natural 500ml',1,'',9.9,'pronto',false,2,'2026-07-11 11:53:09.189','2026-07-11 11:53:23.165',106),(1,83,6,'Petit Gâteau com Sorvete',1,'',22.9,'pronto',false,4,'2026-07-11 11:53:09.189','2026-07-11 11:53:23.165',107) ON CONFLICT ("id") DO UPDATE SET "pedido_id"="excluded"."pedido_id" RETURNING "id"

2026/07/11 11:53:26 [32m/home/humberto/Aplicativos/Manager-Restaurante-main/backend/internal/handlers/handlers.go:730
[0m[33m[1.905ms] [34;1m[rows:1][0m UPDATE "pedidos" SET "tenant_id"=1,"comanda_id"=NULL,"mesa_id"=2,"status"='pronto',"origem"='mesa',"total"=32.8,"cliente_id"=NULL,"entregador_id"=NULL,"endereco_entrega"='',"cpf_cnpj_cliente"='',"chave_acesso_nfe"='',"url_cupom_fiscal"='',"created_at"='2026-07-11 11:53:09.189',"updated_at"='2026-07-11 11:53:26.568' WHERE "id" = 83
11:53:26 | 200 |    6.680964ms | 127.0.0.1 | PUT | /api/orders/83 | -

2026/07/11 11:53:32 [32m/home/humberto/Aplicativos/Manager-Restaurante-main/backend/internal/handlers/handlers.go:768
[0m[33m[0.793ms] [34;1m[rows:0][0m SELECT * FROM "pedidos" WHERE status IN ('recebido','produzindo','pronto') AND (id IN (SELECT pedido_id FROM item_pedidos WHERE setor_id = '1' OR setor_id = 0)) AND tenant_id = 1 ORDER BY created_at asc
11:53:32 | 200 |     915.457µs | 127.0.0.1 | GET | /api/kds | -

2026/07/11 11:53:34 [32m/home/humberto/Aplicativos/Manager-Restaurante-main/backend/internal/handlers/handlers.go:768
[0m[33m[0.209ms] [34;1m[rows:2][0m SELECT * FROM "item_pedidos" WHERE "item_pedidos"."pedido_id" = 83

2026/07/11 11:53:34 [32m/home/humberto/Aplicativos/Manager-Restaurante-main/backend/internal/handlers/handlers.go:768
[0m[33m[1.070ms] [34;1m[rows:1][0m SELECT * FROM "pedidos" WHERE status IN ('recebido','produzindo','pronto') AND (id IN (SELECT pedido_id FROM item_pedidos WHERE setor_id = '4' OR setor_id = 0)) AND tenant_id = 1 ORDER BY created_at asc
11:53:34 | 200 |    1.167078ms | 127.0.0.1 | GET | /api/kds | -

2026/07/11 11:53:38 [32m/home/humberto/Aplicativos/Manager-Restaurante-main/backend/internal/handlers/handlers.go:716
[0m[33m[0.210ms] [34;1m[rows:2][0m SELECT * FROM "item_pedidos" WHERE "item_pedidos"."pedido_id" = 83

2026/07/11 11:53:38 [32m/home/humberto/Aplicativos/Manager-Restaurante-main/backend/internal/handlers/handlers.go:716
[0m[33m[0.817ms] [34;1m[rows:1][0m SELECT * FROM "pedidos" WHERE "pedidos"."id" = 83 AND tenant_id = 1 ORDER BY "pedidos"."id" LIMIT 1

2026/07/11 11:53:38 [32m/home/humberto/Aplicativos/Manager-Restaurante-main/backend/internal/handlers/handlers.go:724
[0m[33m[3.633ms] [34;1m[rows:2][0m UPDATE "item_pedidos" SET "status"='despachado',"updated_at"='2026-07-11 11:53:38.039' WHERE pedido_id = 83

2026/07/11 11:53:38 [32m/home/humberto/Aplicativos/Manager-Restaurante-main/backend/internal/handlers/handlers.go:730
[0m[33m[0.694ms] [34;1m[rows:2][0m INSERT INTO "item_pedidos" ("tenant_id","pedido_id","produto_id","produto_nome","quantidade","observacao","preco_unitario","status","impresso","setor_id","created_at","updated_at","id") VALUES (1,83,5,'Suco de Laranja Natural 500ml',1,'',9.9,'despachado',false,2,'2026-07-11 11:53:09.189','2026-07-11 11:53:26.565',106),(1,83,6,'Petit Gâteau com Sorvete',1,'',22.9,'despachado',false,4,'2026-07-11 11:53:09.189','2026-07-11 11:53:26.565',107) ON CONFLICT ("id") DO UPDATE SET "pedido_id"="excluded"."pedido_id" RETURNING "id"

2026/07/11 11:53:38 [32m/home/humberto/Aplicativos/Manager-Restaurante-main/backend/internal/handlers/handlers.go:730
[0m[33m[2.295ms] [34;1m[rows:1][0m UPDATE "pedidos" SET "tenant_id"=1,"comanda_id"=NULL,"mesa_id"=2,"status"='despachado',"origem"='mesa',"total"=32.8,"cliente_id"=NULL,"entregador_id"=NULL,"endereco_entrega"='',"cpf_cnpj_cliente"='',"chave_acesso_nfe"='',"url_cupom_fiscal"='',"created_at"='2026-07-11 11:53:09.189',"updated_at"='2026-07-11 11:53:38.043' WHERE "id" = 83
11:53:37 | 200 |    7.663161ms | 127.0.0.1 | PUT | /api/orders/83 | -

2026/07/11 11:53:38 [32m/home/humberto/Aplicativos/Manager-Restaurante-main/backend/internal/handlers/handlers.go:768
[0m[33m[0.474ms] [34;1m[rows:0][0m SELECT * FROM "pedidos" WHERE status IN ('recebido','produzindo','pronto') AND (id IN (SELECT pedido_id FROM item_pedidos WHERE setor_id = '2' OR setor_id = 0)) AND tenant_id = 1 ORDER BY created_at asc
11:53:38 | 200 |     593.378µs | 127.0.0.1 | GET | /api/kds | -

2026/07/11 11:53:39 [32m/home/humberto/Aplicativos/Manager-Restaurante-main/backend/internal/handlers/handlers.go:768
[0m[33m[0.474ms] [34;1m[rows:0][0m SELECT * FROM "pedidos" WHERE status IN ('recebido','produzindo','pronto') AND (id IN (SELECT pedido_id FROM item_pedidos WHERE setor_id = '1' OR setor_id = 0)) AND tenant_id = 1 ORDER BY created_at asc
11:53:39 | 200 |     596.178µs | 127.0.0.1 | GET | /api/kds | -

2026/07/11 11:53:40 [32m/home/humberto/Aplicativos/Manager-Restaurante-main/backend/internal/handlers/handlers.go:768
[0m[33m[0.541ms] [34;1m[rows:0][0m SELECT * FROM "pedidos" WHERE status IN ('recebido','produzindo','pronto') AND (id IN (SELECT pedido_id FROM item_pedidos WHERE setor_id = '2' OR setor_id = 0)) AND tenant_id = 1 ORDER BY created_at asc
11:53:40 | 200 |     667.755µs | 127.0.0.1 | GET | /api/kds | -

2026/07/11 11:53:42 [32m/home/humberto/Aplicativos/Manager-Restaurante-main/backend/internal/handlers/handlers.go:768
[0m[33m[0.571ms] [34;1m[rows:0][0m SELECT * FROM "pedidos" WHERE status IN ('recebido','produzindo','pronto') AND (id IN (SELECT pedido_id FROM item_pedidos WHERE setor_id = '4' OR setor_id = 0)) AND tenant_id = 1 ORDER BY created_at asc
11:53:41 | 200 |     706.499µs | 127.0.0.1 | GET | /api/kds | -

2026/07/11 11:53:45 [32m/home/humberto/Aplicativos/Manager-Restaurante-main/backend/internal/handlers/handlers.go:768
[0m[33m[1.057ms] [34;1m[rows:0][0m SELECT * FROM "pedidos" WHERE status IN ('recebido','produzindo','pronto') AND (id IN (SELECT pedido_id FROM item_pedidos WHERE setor_id = '1' OR setor_id = 0)) AND tenant_id = 1 ORDER BY created_at asc
11:53:45 | 200 |    1.271493ms | 127.0.0.1 | GET | /api/kds | -

2026/07/11 11:53:47 [32m/home/humberto/Aplicativos/Manager-Restaurante-main/backend/internal/handlers/handlers.go:768
[0m[33m[0.582ms] [34;1m[rows:0][0m SELECT * FROM "pedidos" WHERE status IN ('recebido','produzindo','pronto') AND (id IN (SELECT pedido_id FROM item_pedidos WHERE setor_id = '2' OR setor_id = 0)) AND tenant_id = 1 ORDER BY created_at asc
11:53:46 | 200 |     724.592µs | 127.0.0.1 | GET | /api/kds | -

2026/07/11 11:53:48 [32m/home/humberto/Aplicativos/Manager-Restaurante-main/backend/internal/handlers/handlers.go:768
[0m[33m[0.456ms] [34;1m[rows:0][0m SELECT * FROM "pedidos" WHERE status IN ('recebido','produzindo','pronto') AND (id IN (SELECT pedido_id FROM item_pedidos WHERE setor_id = '4' OR setor_id = 0)) AND tenant_id = 1 ORDER BY created_at asc
11:53:47 | 200 |     576.373µs | 127.0.0.1 | GET | /api/kds | -

2026/07/11 11:53:49 [32m/home/humberto/Aplicativos/Manager-Restaurante-main/backend/internal/handlers/handlers.go:225
[0m[33m[0.696ms] [34;1m[rows:16][0m SELECT * FROM "mesas" WHERE tenant_id = 1 ORDER BY numero asc
11:53:48 | 200 |     866.097µs | 127.0.0.1 | GET | /api/tables | -

2026/07/11 11:53:50 [32m/home/humberto/Aplicativos/Manager-Restaurante-main/backend/internal/handlers/handlers.go:238
[0m[33m[0.487ms] [34;1m[rows:1][0m SELECT * FROM "mesas" WHERE "mesas"."id" = 2 AND tenant_id = 1 ORDER BY "mesas"."id" LIMIT 1

2026/07/11 11:53:51 [32m/home/humberto/Aplicativos/Manager-Restaurante-main/backend/internal/handlers/handlers.go:271
[0m[33m[3.463ms] [34;1m[rows:1][0m UPDATE "mesas" SET "tenant_id"=1,"numero"=2,"status"='ocupada',"capacidade"=4,"formato"='quadrado',"pos_x"=126,"pos_y"=30,"created_at"='2026-06-13 08:53:12.225',"updated_at"='2026-07-11 11:53:51' WHERE "id" = 2
11:53:50 | 200 |    4.457956ms | 127.0.0.1 | PUT | /api/tables/2 | -

2026/07/11 11:53:51 [32m/home/humberto/Aplicativos/Manager-Restaurante-main/backend/internal/handlers/handlers.go:1825
[0m[33m[0.254ms] [34;1m[rows:2][0m SELECT * FROM "item_pedidos" WHERE "item_pedidos"."pedido_id" = 83

2026/07/11 11:53:51 [32m/home/humberto/Aplicativos/Manager-Restaurante-main/backend/internal/handlers/handlers.go:1825
[0m[33m[0.791ms] [34;1m[rows:1][0m SELECT * FROM "pedidos" WHERE (mesa_id = 2 AND status != 'entregue') AND tenant_id = 1 ORDER BY created_at desc
11:53:50 | 200 |     894.912µs | 127.0.0.1 | GET | /api/tables/2/orders | -

2026/07/11 11:53:56 [32m/home/humberto/Aplicativos/Manager-Restaurante-main/backend/internal/handlers/handlers.go:447
[0m[33m[0.863ms] [34;1m[rows:4][0m SELECT * FROM "categoria" WHERE tenant_id = 1 ORDER BY nome asc
11:53:56 | 200 |    1.012689ms | 127.0.0.1 | GET | /api/categories | -

2026/07/11 11:53:56 [32m/home/humberto/Aplicativos/Manager-Restaurante-main/backend/internal/handlers/handlers.go:1825
[0m[33m[0.282ms] [34;1m[rows:2][0m SELECT * FROM "item_pedidos" WHERE "item_pedidos"."pedido_id" = 83

2026/07/11 11:53:56 [32m/home/humberto/Aplicativos/Manager-Restaurante-main/backend/internal/handlers/handlers.go:1825
[0m[33m[1.144ms] [34;1m[rows:1][0m SELECT * FROM "pedidos" WHERE (mesa_id = 2 AND status != 'entregue') AND tenant_id = 1 ORDER BY created_at desc
11:53:56 | 200 |    1.217313ms | 127.0.0.1 | GET | /api/tables/2/orders | -

2026/07/11 11:53:56 [32m/home/humberto/Aplicativos/Manager-Restaurante-main/backend/internal/handlers/handlers.go:225
[0m[33m[8.433ms] [34;1m[rows:16][0m SELECT * FROM "mesas" WHERE tenant_id = 1 ORDER BY numero asc
11:53:56 | 200 |    8.586821ms | 127.0.0.1 | GET | /api/tables | -

2026/07/11 11:53:56 [32m/home/humberto/Aplicativos/Manager-Restaurante-main/backend/internal/handlers/handlers.go:293
[0m[33m[9.516ms] [34;1m[rows:9][0m SELECT * FROM "produtos" WHERE ativo = true AND tenant_id = 1 ORDER BY nome asc
11:53:56 | 200 |    9.683073ms | 127.0.0.1 | GET | /api/products | -

2026/07/11 11:53:56 [32m/home/humberto/Aplicativos/Manager-Restaurante-main/backend/internal/handlers/handlers.go:692
[0m[33m[1.466ms] [34;1m[rows:107][0m SELECT * FROM "item_pedidos" WHERE "item_pedidos"."pedido_id" IN (83,82,81,80,79,78,77,76,75,74,73,72,71,70,69,68,67,66,65,64,63,62,61,60,59,58,57,56,55,54,53,52,51,50,49,48,47,46,45,44,43,42,41,40,39,38,37,36,35,34,33,32,31,30,29,28,27,26,25,24,23,22,21,20,19,18,17,16,15,14,13,12,11,10,9,8,7,6,5,4,3,2,1)

2026/07/11 11:53:56 [32m/home/humberto/Aplicativos/Manager-Restaurante-main/backend/internal/handlers/handlers.go:692
[0m[33m[11.086ms] [34;1m[rows:83][0m SELECT * FROM "pedidos" WHERE tenant_id = 1 ORDER BY created_at desc
11:53:56 | 200 |   11.588067ms | 127.0.0.1 | GET | /api/orders | -

2026/07/11 11:53:56 [32m/home/humberto/Aplicativos/Manager-Restaurante-main/backend/internal/handlers/caixa_handlers.go:19
[0m[33m[13.632ms] [34;1m[rows:1][0m SELECT * FROM "caixa_turnos" WHERE status = 'aberto' AND tenant_id = 1 ORDER BY "caixa_turnos"."id" LIMIT 1
11:53:56 | 200 |   13.819023ms | 127.0.0.1 | GET | /api/caixa/status | -

2026/07/11 11:54:04 [32m/home/humberto/Aplicativos/Manager-Restaurante-main/backend/internal/handlers/handlers.go:238
[0m[33m[0.630ms] [34;1m[rows:1][0m SELECT * FROM "mesas" WHERE "mesas"."id" = 2 AND tenant_id = 1 ORDER BY "mesas"."id" LIMIT 1

2026/07/11 11:54:04 [32m/home/humberto/Aplicativos/Manager-Restaurante-main/backend/internal/handlers/handlers.go:271
[0m[33m[3.611ms] [34;1m[rows:1][0m UPDATE "mesas" SET "tenant_id"=1,"numero"=2,"status"='em_fechamento',"capacidade"=4,"formato"='quadrado',"pos_x"=126,"pos_y"=30,"created_at"='2026-06-13 08:53:12.225',"updated_at"='2026-07-11 11:54:04.268' WHERE "id" = 2
11:54:03 | 200 |    4.746229ms | 127.0.0.1 | PUT | /api/tables/2 | -

2026/07/11 11:54:04 [32m/home/humberto/Aplicativos/Manager-Restaurante-main/backend/internal/handlers/handlers.go:225
[0m[33m[0.567ms] [34;1m[rows:16][0m SELECT * FROM "mesas" WHERE tenant_id = 1 ORDER BY numero asc
11:54:03 | 200 |     722.237µs | 127.0.0.1 | GET | /api/tables | -

2026/07/11 11:54:04 [32m/home/humberto/Aplicativos/Manager-Restaurante-main/backend/internal/handlers/handlers.go:1825
[0m[33m[0.354ms] [34;1m[rows:2][0m SELECT * FROM "item_pedidos" WHERE "item_pedidos"."pedido_id" = 83

2026/07/11 11:54:04 [32m/home/humberto/Aplicativos/Manager-Restaurante-main/backend/internal/handlers/handlers.go:1825
[0m[33m[1.196ms] [34;1m[rows:1][0m SELECT * FROM "pedidos" WHERE (mesa_id = 2 AND status != 'entregue') AND tenant_id = 1 ORDER BY created_at desc
11:54:03 | 200 |    1.282745ms | 127.0.0.1 | GET | /api/tables/2/orders | -

2026/07/11 11:54:17 [32m/home/humberto/Aplicativos/Manager-Restaurante-main/backend/internal/services/pinpad.go:375
[0m[33m[0.734ms] [34;1m[rows:1][0m SELECT * FROM "pinpads" WHERE tenant_id = 1 AND ativo = true ORDER BY "pinpads"."id" LIMIT 1
2026/07/11 11:54:17 [TEF] Processing payment via pinpad (serial:/dev/ttyACM0) amount: 32.80, method: card
2026/07/11 11:54:17 [TEF] TEF agent unreachable, simulating approval for development
11:54:16 | 200 |     912.779µs | 127.0.0.1 | POST | /api/tef/payment | -

2026/07/11 11:54:24 [32m/home/humberto/Aplicativos/Manager-Restaurante-main/backend/internal/handlers/handlers.go:818
[0m[33m[11.207ms] [34;1m[rows:1][0m INSERT INTO "pagamentos" ("tenant_id","pedido_id","comanda_id","metodo","valor","status","transaction_id","created_at","updated_at") VALUES (1,83,NULL,'cartao_credito',32.8,'aprovado','TX-1783781664566468230','2026-07-11 11:54:24.566','2026-07-11 11:54:24.566') RETURNING "id"

2026/07/11 11:54:24 [32m/home/humberto/Aplicativos/Manager-Restaurante-main/backend/internal/handlers/handlers.go:825
[0m[33m[0.347ms] [34;1m[rows:1][0m SELECT * FROM "pedidos" WHERE "pedidos"."id" = 83 AND tenant_id = 1 ORDER BY "pedidos"."id" LIMIT 1
11:54:24 | 200 |   11.761321ms | 127.0.0.1 | POST | /api/payments | -

2026/07/11 11:54:24 [32m/home/humberto/Aplicativos/Manager-Restaurante-main/backend/internal/handlers/handlers.go:1515
[0m[33m[0.618ms] [34;1m[rows:1][0m SELECT * FROM "mesas" WHERE "mesas"."id" = '2' AND tenant_id = 1 ORDER BY "mesas"."id" LIMIT 1

2026/07/11 11:54:24 [32m/home/humberto/Aplicativos/Manager-Restaurante-main/backend/internal/handlers/handlers.go:1523
[0m[33m[0.336ms] [34;1m[rows:2][0m SELECT * FROM "item_pedidos" WHERE "item_pedidos"."pedido_id" = 83

2026/07/11 11:54:24 [32m/home/humberto/Aplicativos/Manager-Restaurante-main/backend/internal/handlers/handlers.go:1523
[0m[33m[1.281ms] [34;1m[rows:1][0m SELECT * FROM "pedidos" WHERE (mesa_id = '2' AND status != 'entregue') AND tenant_id = 1

2026/07/11 11:54:24 [32m/home/humberto/Aplicativos/Manager-Restaurante-main/backend/internal/handlers/handlers.go:1528
[0m[33m[2.986ms] [34;1m[rows:2][0m UPDATE "item_pedidos" SET "status"='entregue',"updated_at"='2026-07-11 11:54:24.609' WHERE pedido_id = 83

2026/07/11 11:54:24 [32m/home/humberto/Aplicativos/Manager-Restaurante-main/backend/internal/handlers/handlers.go:1529
[0m[33m[1.290ms] [34;1m[rows:2][0m INSERT INTO "item_pedidos" ("tenant_id","pedido_id","produto_id","produto_nome","quantidade","observacao","preco_unitario","status","impresso","setor_id","created_at","updated_at","id") VALUES (1,83,5,'Suco de Laranja Natural 500ml',1,'',9.9,'despachado',false,2,'2026-07-11 11:53:09.189','2026-07-11 11:53:38.039',106),(1,83,6,'Petit Gâteau com Sorvete',1,'',22.9,'despachado',false,4,'2026-07-11 11:53:09.189','2026-07-11 11:53:38.039',107) ON CONFLICT ("id") DO UPDATE SET "pedido_id"="excluded"."pedido_id" RETURNING "id"

2026/07/11 11:54:24 [32m/home/humberto/Aplicativos/Manager-Restaurante-main/backend/internal/handlers/handlers.go:1529
[0m[33m[3.592ms] [34;1m[rows:1][0m UPDATE "pedidos" SET "tenant_id"=1,"comanda_id"=NULL,"mesa_id"=2,"status"='entregue',"origem"='mesa',"total"=32.8,"cliente_id"=NULL,"entregador_id"=NULL,"endereco_entrega"='',"cpf_cnpj_cliente"='',"chave_acesso_nfe"='',"url_cupom_fiscal"='',"created_at"='2026-07-11 11:53:09.189',"updated_at"='2026-07-11 11:54:24.612' WHERE "id" = 83

2026/07/11 11:54:24 [32m/home/humberto/Aplicativos/Manager-Restaurante-main/backend/internal/handlers/handlers.go:1537
[0m[33m[1.690ms] [34;1m[rows:1][0m UPDATE "mesas" SET "tenant_id"=1,"numero"=2,"status"='livre',"capacidade"=4,"formato"='quadrado',"pos_x"=126,"pos_y"=30,"created_at"='2026-06-13 08:53:12.225',"updated_at"='2026-07-11 11:54:24.616' WHERE "id" = 2
11:54:24 | 200 |   11.739846ms | 127.0.0.1 | POST | /api/tables/checkout/2 | -

2026/07/11 11:54:24 [32m/home/humberto/Aplicativos/Manager-Restaurante-main/backend/internal/handlers/handlers.go:225
[0m[33m[0.840ms] [34;1m[rows:16][0m SELECT * FROM "mesas" WHERE tenant_id = 1 ORDER BY numero asc
11:54:24 | 200 |    1.041189ms | 127.0.0.1 | GET | /api/tables | -

2026/07/11 11:54:29 [32m/home/humberto/Aplicativos/Manager-Restaurante-main/backend/internal/handlers/handlers.go:225
[0m[33m[1.268ms] [34;1m[rows:16][0m SELECT * FROM "mesas" WHERE tenant_id = 1 ORDER BY numero asc
11:54:29 | 200 |    1.478698ms | 127.0.0.1 | GET | /api/tables | -

2026/07/11 11:54:29 [32m/home/humberto/Aplicativos/Manager-Restaurante-main/backend/internal/handlers/handlers.go:225
[0m[33m[0.738ms] [34;1m[rows:16][0m SELECT * FROM "mesas" WHERE tenant_id = 1 ORDER BY numero asc
11:54:29 | 200 |     940.979µs | 127.0.0.1 | GET | /api/tables | -

2026/07/11 11:54:29 [32m/home/humberto/Aplicativos/Manager-Restaurante-main/backend/internal/handlers/handlers.go:225
[0m[33m[0.831ms] [34;1m[rows:16][0m SELECT * FROM "mesas" WHERE tenant_id = 1 ORDER BY numero asc
11:54:29 | 200 |    1.038323ms | 127.0.0.1 | GET | /api/tables | -

2026/07/11 11:54:29 [32m/home/humberto/Aplicativos/Manager-Restaurante-main/backend/internal/handlers/handlers.go:768
[0m[33m[0.678ms] [34;1m[rows:0][0m SELECT * FROM "pedidos" WHERE status IN ('recebido','produzindo','pronto') AND (id IN (SELECT pedido_id FROM item_pedidos WHERE setor_id = '1' OR setor_id = 0)) AND tenant_id = 1 ORDER BY created_at asc
11:54:29 | 200 |     789.782µs | 127.0.0.1 | GET | /api/kds | -

2026/07/11 11:54:29 [32m/home/humberto/Aplicativos/Manager-Restaurante-main/backend/internal/handlers/handlers.go:781
[0m[33m[1.352ms] [34;1m[rows:4][0m SELECT * FROM "setors" WHERE tenant_id = 1 ORDER BY nome asc
11:54:29 | 200 |    1.466692ms | 127.0.0.1 | GET | /api/setores | -

2026/07/11 11:54:30 [32m/home/humberto/Aplicativos/Manager-Restaurante-main/backend/internal/handlers/handlers.go:768
[0m[33m[0.896ms] [34;1m[rows:0][0m SELECT * FROM "pedidos" WHERE status IN ('recebido','produzindo','pronto') AND (id IN (SELECT pedido_id FROM item_pedidos WHERE setor_id = '1' OR setor_id = 0)) AND tenant_id = 1 ORDER BY created_at asc
11:54:29 | 200 |    1.081906ms | 127.0.0.1 | GET | /api/kds | -

2026/07/11 11:54:30 [32m/home/humberto/Aplicativos/Manager-Restaurante-main/backend/internal/handlers/handlers.go:768
[0m[33m[0.829ms] [34;1m[rows:0][0m SELECT * FROM "pedidos" WHERE status IN ('recebido','produzindo','pronto') AND (id IN (SELECT pedido_id FROM item_pedidos WHERE setor_id = '1' OR setor_id = 0)) AND tenant_id = 1 ORDER BY created_at asc
11:54:29 | 200 |     945.868µs | 127.0.0.1 | GET | /api/kds | -

2026/07/11 11:54:30 [32m/home/humberto/Aplicativos/Manager-Restaurante-main/backend/internal/handlers/caixa_handlers.go:19
[0m[33m[0.559ms] [34;1m[rows:1][0m SELECT * FROM "caixa_turnos" WHERE status = 'aberto' AND tenant_id = 1 ORDER BY "caixa_turnos"."id" LIMIT 1
11:54:30 | 200 |     721.562µs | 127.0.0.1 | GET | /api/caixa/status | -

2026/07/11 11:54:30 [32m/home/humberto/Aplicativos/Manager-Restaurante-main/backend/internal/handlers/handlers.go:447
[0m[33m[0.953ms] [34;1m[rows:4][0m SELECT * FROM "categoria" WHERE tenant_id = 1 ORDER BY nome asc
11:54:30 | 200 |    1.066733ms | 127.0.0.1 | GET | /api/categories | -

2026/07/11 11:54:30 [32m/home/humberto/Aplicativos/Manager-Restaurante-main/backend/internal/handlers/handlers.go:1825
[0m[33m[1.323ms] [34;1m[rows:0][0m SELECT * FROM "pedidos" WHERE (mesa_id = 2 AND status != 'entregue') AND tenant_id = 1 ORDER BY created_at desc
11:54:30 | 200 |    1.462291ms | 127.0.0.1 | GET | /api/tables/2/orders | -

2026/07/11 11:54:30 [32m/home/humberto/Aplicativos/Manager-Restaurante-main/backend/internal/handlers/handlers.go:225
[0m[33m[9.172ms] [34;1m[rows:16][0m SELECT * FROM "mesas" WHERE tenant_id = 1 ORDER BY numero asc
11:54:30 | 200 |    9.340845ms | 127.0.0.1 | GET | /api/tables | -

2026/07/11 11:54:30 [32m/home/humberto/Aplicativos/Manager-Restaurante-main/backend/internal/handlers/handlers.go:293
[0m[33m[10.477ms] [34;1m[rows:9][0m SELECT * FROM "produtos" WHERE ativo = true AND tenant_id = 1 ORDER BY nome asc
11:54:30 | 200 |   10.826241ms | 127.0.0.1 | GET | /api/products | -

2026/07/11 11:54:30 [32m/home/humberto/Aplicativos/Manager-Restaurante-main/backend/internal/handlers/handlers.go:692
[0m[33m[2.419ms] [34;1m[rows:107][0m SELECT * FROM "item_pedidos" WHERE "item_pedidos"."pedido_id" IN (83,82,81,80,79,78,77,76,75,74,73,72,71,70,69,68,67,66,65,64,63,62,61,60,59,58,57,56,55,54,53,52,51,50,49,48,47,46,45,44,43,42,41,40,39,38,37,36,35,34,33,32,31,30,29,28,27,26,25,24,23,22,21,20,19,18,17,16,15,14,13,12,11,10,9,8,7,6,5,4,3,2,1)

2026/07/11 11:54:30 [32m/home/humberto/Aplicativos/Manager-Restaurante-main/backend/internal/handlers/handlers.go:692
[0m[33m[12.685ms] [34;1m[rows:83][0m SELECT * FROM "pedidos" WHERE tenant_id = 1 ORDER BY created_at desc
11:54:30 | 200 |   13.155546ms | 127.0.0.1 | GET | /api/orders | -

2026/07/11 11:54:34 [32m/home/humberto/Aplicativos/Manager-Restaurante-main/backend/internal/handlers/handlers.go:1825
[0m[33m[3.921ms] [34;1m[rows:0][0m SELECT * FROM "pedidos" WHERE (mesa_id = 1 AND status != 'entregue') AND tenant_id = 1 ORDER BY created_at desc
11:54:34 | 200 |    4.061376ms | 127.0.0.1 | GET | /api/tables/1/orders | -

2026/07/11 11:54:37 [32m/home/humberto/Aplicativos/Manager-Restaurante-main/backend/internal/handlers/handlers.go:225
[0m[33m[1.947ms] [34;1m[rows:16][0m SELECT * FROM "mesas" WHERE tenant_id = 1 ORDER BY numero asc
11:54:37 | 200 |    2.103623ms | 127.0.0.1 | GET | /api/tables | -

2026/07/11 11:54:37 [32m/home/humberto/Aplicativos/Manager-Restaurante-main/backend/internal/handlers/handlers.go:225
[0m[33m[0.526ms] [34;1m[rows:16][0m SELECT * FROM "mesas" WHERE tenant_id = 1 ORDER BY numero asc
11:54:37 | 200 |     680.368µs | 127.0.0.1 | GET | /api/tables | -

2026/07/11 11:54:37 [32m/home/humberto/Aplicativos/Manager-Restaurante-main/backend/internal/handlers/handlers.go:225
[0m[33m[0.553ms] [34;1m[rows:16][0m SELECT * FROM "mesas" WHERE tenant_id = 1 ORDER BY numero asc
11:54:37 | 200 |     696.309µs | 127.0.0.1 | GET | /api/tables | -

2026/07/11 11:54:39 [32m/home/humberto/Aplicativos/Manager-Restaurante-main/backend/internal/handlers/handlers.go:238
[0m[33m[0.726ms] [34;1m[rows:1][0m SELECT * FROM "mesas" WHERE "mesas"."id" = 1 AND tenant_id = 1 ORDER BY "mesas"."id" LIMIT 1

2026/07/11 11:54:39 [32m/home/humberto/Aplicativos/Manager-Restaurante-main/backend/internal/handlers/handlers.go:271
[0m[33m[3.751ms] [34;1m[rows:1][0m UPDATE "mesas" SET "tenant_id"=1,"numero"=1,"status"='reservada',"capacidade"=4,"formato"='quadrado',"pos_x"=28,"pos_y"=29,"created_at"='2026-06-13 08:53:12.223',"updated_at"='2026-07-11 11:54:39.067' WHERE "id" = 1
11:54:39 | 200 |    4.910265ms | 127.0.0.1 | PUT | /api/tables/1 | -

2026/07/11 11:54:39 [32m/home/humberto/Aplicativos/Manager-Restaurante-main/backend/internal/handlers/handlers.go:1825
[0m[33m[0.483ms] [34;1m[rows:0][0m SELECT * FROM "pedidos" WHERE (mesa_id = 1 AND status != 'entregue') AND tenant_id = 1 ORDER BY created_at desc
11:54:39 | 200 |     607.602µs | 127.0.0.1 | GET | /api/tables/1/orders | -

2026/07/11 11:54:41 [32m/home/humberto/Aplicativos/Manager-Restaurante-main/backend/internal/handlers/handlers.go:238
[0m[33m[0.620ms] [34;1m[rows:1][0m SELECT * FROM "mesas" WHERE "mesas"."id" = 1 AND tenant_id = 1 ORDER BY "mesas"."id" LIMIT 1

2026/07/11 11:54:41 [32m/home/humberto/Aplicativos/Manager-Restaurante-main/backend/internal/handlers/handlers.go:271
[0m[33m[13.651ms] [34;1m[rows:1][0m UPDATE "mesas" SET "tenant_id"=1,"numero"=1,"status"='livre',"capacidade"=4,"formato"='quadrado',"pos_x"=28,"pos_y"=29,"created_at"='2026-06-13 08:53:12.223',"updated_at"='2026-07-11 11:54:41.792' WHERE "id" = 1
11:54:41 | 200 |   14.723456ms | 127.0.0.1 | PUT | /api/tables/1 | -

2026/07/11 11:54:44 [32m/home/humberto/Aplicativos/Manager-Restaurante-main/backend/internal/handlers/caixa_handlers.go:340
[0m[33m[0.638ms] [34;1m[rows:9][0m SELECT * FROM "caixa_turnos" WHERE tenant_id = 1 ORDER BY id desc LIMIT 20
11:54:44 | 200 |     784.795µs | 127.0.0.1 | GET | /api/caixa/turnos | -

2026/07/11 11:54:44 [32m/home/humberto/Aplicativos/Manager-Restaurante-main/backend/internal/handlers/handlers.go:881
[0m[33m[1.711ms] [34;1m[rows:1][0m SELECT COALESCE(SUM(total), 0) FROM "pedidos" WHERE (created_at >= '2026-07-10 21:00:00' AND status = 'entregue') AND tenant_id = 1

2026/07/11 11:54:44 [32m/home/humberto/Aplicativos/Manager-Restaurante-main/backend/internal/handlers/handlers.go:888
[0m[33m[1.621ms] [34;1m[rows:1][0m SELECT count(*) FROM "pedidos" WHERE status IN ('recebido','produzindo','pronto') AND tenant_id = 1

2026/07/11 11:54:44 [32m/home/humberto/Aplicativos/Manager-Restaurante-main/backend/internal/handlers/handlers.go:895
[0m[33m[0.652ms] [34;1m[rows:1][0m SELECT count(*) FROM "mesas" WHERE status = 'ocupada' AND tenant_id = 1

2026/07/11 11:54:44 [32m/home/humberto/Aplicativos/Manager-Restaurante-main/backend/internal/handlers/handlers.go:903
[0m[33m[0.686ms] [34;1m[rows:1][0m SELECT COALESCE(AVG(total), 0) FROM "pedidos" WHERE (created_at >= '2026-07-10 21:00:00' AND status = 'entregue') AND tenant_id = 1

2026/07/11 11:54:44 [32m/home/humberto/Aplicativos/Manager-Restaurante-main/backend/internal/handlers/handlers.go:918
[0m[33m[2.263ms] [34;1m[rows:5][0m SELECT produto_nome, SUM(quantidade * preco_unitario) as total_vendido, SUM(quantidade) as quantidade FROM "item_pedidos" WHERE tenant_id = 1 GROUP BY "produto_nome" ORDER BY quantidade desc LIMIT 5
11:54:44 | 200 |    7.327151ms | 127.0.0.1 | GET | /api/dashboard/stats | -

2026/07/11 11:54:46 [32m/home/humberto/Aplicativos/Manager-Restaurante-main/backend/internal/handlers/caixa_handlers.go:19
[0m[33m[0.705ms] [34;1m[rows:1][0m SELECT * FROM "caixa_turnos" WHERE status = 'aberto' AND tenant_id = 1 ORDER BY "caixa_turnos"."id" LIMIT 1
11:54:46 | 200 |     842.434µs | 127.0.0.1 | GET | /api/caixa/status | -

2026/07/11 11:54:46 [32m/home/humberto/Aplicativos/Manager-Restaurante-main/backend/internal/handlers/handlers.go:447
[0m[33m[2.009ms] [34;1m[rows:4][0m SELECT * FROM "categoria" WHERE tenant_id = 1 ORDER BY nome asc
11:54:46 | 200 |    2.182082ms | 127.0.0.1 | GET | /api/categories | -

2026/07/11 11:54:46 [32m/home/humberto/Aplicativos/Manager-Restaurante-main/backend/internal/handlers/handlers.go:225
[0m[33m[8.214ms] [34;1m[rows:16][0m SELECT * FROM "mesas" WHERE tenant_id = 1 ORDER BY numero asc
11:54:46 | 200 |    8.566406ms | 127.0.0.1 | GET | /api/tables | -

2026/07/11 11:54:46 [32m/home/humberto/Aplicativos/Manager-Restaurante-main/backend/internal/handlers/handlers.go:293
[0m[33m[10.217ms] [34;1m[rows:9][0m SELECT * FROM "produtos" WHERE ativo = true AND tenant_id = 1 ORDER BY nome asc
11:54:46 | 200 |   10.459241ms | 127.0.0.1 | GET | /api/products | -

2026/07/11 11:54:46 [32m/home/humberto/Aplicativos/Manager-Restaurante-main/backend/internal/handlers/handlers.go:1825
[0m[33m[11.794ms] [34;1m[rows:0][0m SELECT * FROM "pedidos" WHERE (mesa_id = 1 AND status != 'entregue') AND tenant_id = 1 ORDER BY created_at desc
11:54:46 | 200 |   11.958066ms | 127.0.0.1 | GET | /api/tables/1/orders | -

2026/07/11 11:54:46 [32m/home/humberto/Aplicativos/Manager-Restaurante-main/backend/internal/handlers/handlers.go:692
[0m[33m[2.345ms] [34;1m[rows:107][0m SELECT * FROM "item_pedidos" WHERE "item_pedidos"."pedido_id" IN (83,82,81,80,79,78,77,76,75,74,73,72,71,70,69,68,67,66,65,64,63,62,61,60,59,58,57,56,55,54,53,52,51,50,49,48,47,46,45,44,43,42,41,40,39,38,37,36,35,34,33,32,31,30,29,28,27,26,25,24,23,22,21,20,19,18,17,16,15,14,13,12,11,10,9,8,7,6,5,4,3,2,1)

2026/07/11 11:54:46 [32m/home/humberto/Aplicativos/Manager-Restaurante-main/backend/internal/handlers/handlers.go:692
[0m[33m[13.014ms] [34;1m[rows:83][0m SELECT * FROM "pedidos" WHERE tenant_id = 1 ORDER BY created_at desc
11:54:46 | 200 |    13.51536ms | 127.0.0.1 | GET | /api/orders | -

2026/07/11 11:54:48 [32m/home/humberto/Aplicativos/Manager-Restaurante-main/backend/internal/handlers/caixa_handlers.go:269
[0m[33m[2.370ms] [34;1m[rows:1][0m SELECT * FROM "caixa_turnos" WHERE status = 'aberto' AND tenant_id = 1 ORDER BY "caixa_turnos"."id" LIMIT 1

2026/07/11 11:54:48 [32m/home/humberto/Aplicativos/Manager-Restaurante-main/backend/internal/handlers/caixa_handlers.go:284
[0m[33m[1.202ms] [34;1m[rows:0][0m SELECT * FROM "caixa_movimentacaos" WHERE caixa_turno_id = 9

2026/07/11 11:54:48 [32m/home/humberto/Aplicativos/Manager-Restaurante-main/backend/internal/handlers/caixa_handlers.go:302
[0m[33m[1.703ms] [34;1m[rows:1][0m SELECT COALESCE(SUM(total), 0) FROM "pedidos" WHERE tenant_id = 1 AND status IN ('concluido', 'pago', 'entregue') AND updated_at >= '2026-07-11 11:47:24.201'

2026/07/11 11:54:48 [32m/home/humberto/Aplicativos/Manager-Restaurante-main/backend/internal/handlers/caixa_handlers.go:320
[0m[33m[1.831ms] [34;1m[rows:2][0m SELECT metodo, COALESCE(SUM(valor), 0) as total FROM "pagamentos" WHERE tenant_id = 1 AND status = 'aprovado' AND updated_at >= '2026-07-11 11:47:24.201' GROUP BY "metodo"
11:54:48 | 200 |    7.448244ms | 127.0.0.1 | GET | /api/caixa/relatorio/current | -

2026/07/11 11:55:10 [32m/home/humberto/Aplicativos/Manager-Restaurante-main/backend/internal/handlers/caixa_handlers.go:152
[0m[33m[0.798ms] [34;1m[rows:1][0m SELECT * FROM "caixa_turnos" WHERE status = 'aberto' AND tenant_id = 1 ORDER BY "caixa_turnos"."id" LIMIT 1

2026/07/11 11:55:10 [32m/home/humberto/Aplicativos/Manager-Restaurante-main/backend/internal/handlers/caixa_handlers.go:165
[0m[33m[3.926ms] [34;1m[rows:1][0m INSERT INTO "caixa_movimentacaos" ("tenant_id","caixa_turno_id","tipo","valor","motivo","created_at") VALUES (1,9,'suprimento',10,'compra de fita adesiva','2026-07-11 11:55:10.5') RETURNING "id"

2026/07/11 11:55:10 [32m/home/humberto/Aplicativos/Manager-Restaurante-main/backend/internal/handlers/caixa_handlers.go:186
[0m[33m[2.648ms] [34;1m[rows:1][0m INSERT INTO "lancamento_financeiros" ("tenant_id","tipo","categoria","descricao","valor","data","caixa_turno_id","conta_pagar_id","created_at","updated_at") VALUES (1,'receita','suprimento','Caixa #9 - compra de fita adesiva',10,'2026-07-11 11:55:10.504',9,NULL,'2026-07-11 11:55:10.504','2026-07-11 11:55:10.504') RETURNING "id"
11:55:10 | 200 |    7.710035ms | 127.0.0.1 | POST | /api/caixa/movimentacao | -

2026/07/11 11:55:12 [32m/home/humberto/Aplicativos/Manager-Restaurante-main/backend/internal/handlers/caixa_handlers.go:269
[0m[33m[0.673ms] [34;1m[rows:1][0m SELECT * FROM "caixa_turnos" WHERE status = 'aberto' AND tenant_id = 1 ORDER BY "caixa_turnos"."id" LIMIT 1

2026/07/11 11:55:12 [32m/home/humberto/Aplicativos/Manager-Restaurante-main/backend/internal/handlers/caixa_handlers.go:284
[0m[33m[0.252ms] [34;1m[rows:1][0m SELECT * FROM "caixa_movimentacaos" WHERE caixa_turno_id = 9

2026/07/11 11:55:12 [32m/home/humberto/Aplicativos/Manager-Restaurante-main/backend/internal/handlers/caixa_handlers.go:302
[0m[33m[0.292ms] [34;1m[rows:1][0m SELECT COALESCE(SUM(total), 0) FROM "pedidos" WHERE tenant_id = 1 AND status IN ('concluido', 'pago', 'entregue') AND updated_at >= '2026-07-11 11:47:24.201'

2026/07/11 11:55:12 [32m/home/humberto/Aplicativos/Manager-Restaurante-main/backend/internal/handlers/caixa_handlers.go:320
[0m[33m[0.315ms] [34;1m[rows:2][0m SELECT metodo, COALESCE(SUM(valor), 0) as total FROM "pagamentos" WHERE tenant_id = 1 AND status = 'aprovado' AND updated_at >= '2026-07-11 11:47:24.201' GROUP BY "metodo"
11:55:12 | 200 |    1.743364ms | 127.0.0.1 | GET | /api/caixa/relatorio/current | -

2026/07/11 11:55:26 [32m/home/humberto/Aplicativos/Manager-Restaurante-main/backend/internal/handlers/handlers.go:881
[0m[33m[1.492ms] [34;1m[rows:1][0m SELECT COALESCE(SUM(total), 0) FROM "pedidos" WHERE (created_at >= '2026-07-10 21:00:00' AND status = 'entregue') AND tenant_id = 1

2026/07/11 11:55:26 [32m/home/humberto/Aplicativos/Manager-Restaurante-main/backend/internal/handlers/caixa_handlers.go:340
[0m[33m[0.823ms] [34;1m[rows:9][0m SELECT * FROM "caixa_turnos" WHERE tenant_id = 1 ORDER BY id desc LIMIT 20
11:55:26 | 200 |     975.547µs | 127.0.0.1 | GET | /api/caixa/turnos | -

2026/07/11 11:55:26 [32m/home/humberto/Aplicativos/Manager-Restaurante-main/backend/internal/handlers/handlers.go:888
[0m[33m[0.886ms] [34;1m[rows:1][0m SELECT count(*) FROM "pedidos" WHERE status IN ('recebido','produzindo','pronto') AND tenant_id = 1

2026/07/11 11:55:26 [32m/home/humberto/Aplicativos/Manager-Restaurante-main/backend/internal/handlers/handlers.go:895
[0m[33m[1.436ms] [34;1m[rows:1][0m SELECT count(*) FROM "mesas" WHERE status = 'ocupada' AND tenant_id = 1

2026/07/11 11:55:26 [32m/home/humberto/Aplicativos/Manager-Restaurante-main/backend/internal/handlers/handlers.go:903
[0m[33m[1.093ms] [34;1m[rows:1][0m SELECT COALESCE(AVG(total), 0) FROM "pedidos" WHERE (created_at >= '2026-07-10 21:00:00' AND status = 'entregue') AND tenant_id = 1

2026/07/11 11:55:26 [32m/home/humberto/Aplicativos/Manager-Restaurante-main/backend/internal/handlers/handlers.go:918
[0m[33m[2.188ms] [34;1m[rows:5][0m SELECT produto_nome, SUM(quantidade * preco_unitario) as total_vendido, SUM(quantidade) as quantidade FROM "item_pedidos" WHERE tenant_id = 1 GROUP BY "produto_nome" ORDER BY quantidade desc LIMIT 5
11:55:26 | 200 |    7.650896ms | 127.0.0.1 | GET | /api/dashboard/stats | -

2026/07/11 11:55:26 [32m/home/humberto/Aplicativos/Manager-Restaurante-main/backend/internal/handlers/handlers.go:881
[0m[33m[0.688ms] [34;1m[rows:1][0m SELECT COALESCE(SUM(total), 0) FROM "pedidos" WHERE (created_at >= '2026-07-10 21:00:00' AND status = 'entregue') AND tenant_id = 1

2026/07/11 11:55:26 [32m/home/humberto/Aplicativos/Manager-Restaurante-main/backend/internal/handlers/handlers.go:888
[0m[33m[0.432ms] [34;1m[rows:1][0m SELECT count(*) FROM "pedidos" WHERE status IN ('recebido','produzindo','pronto') AND tenant_id = 1

2026/07/11 11:55:26 [32m/home/humberto/Aplicativos/Manager-Restaurante-main/backend/internal/handlers/handlers.go:895
[0m[33m[0.335ms] [34;1m[rows:1][0m SELECT count(*) FROM "mesas" WHERE status = 'ocupada' AND tenant_id = 1

2026/07/11 11:55:26 [32m/home/humberto/Aplicativos/Manager-Restaurante-main/backend/internal/handlers/handlers.go:903
[0m[33m[0.374ms] [34;1m[rows:1][0m SELECT COALESCE(AVG(total), 0) FROM "pedidos" WHERE (created_at >= '2026-07-10 21:00:00' AND status = 'entregue') AND tenant_id = 1

2026/07/11 11:55:26 [32m/home/humberto/Aplicativos/Manager-Restaurante-main/backend/internal/handlers/handlers.go:918
[0m[33m[0.536ms] [34;1m[rows:5][0m SELECT produto_nome, SUM(quantidade * preco_unitario) as total_vendido, SUM(quantidade) as quantidade FROM "item_pedidos" WHERE tenant_id = 1 GROUP BY "produto_nome" ORDER BY quantidade desc LIMIT 5
11:55:26 | 200 |    2.725048ms | 127.0.0.1 | GET | /api/dashboard/stats | -

2026/07/11 11:55:26 [32m/home/humberto/Aplicativos/Manager-Restaurante-main/backend/internal/handlers/handlers.go:881
[0m[33m[0.551ms] [34;1m[rows:1][0m SELECT COALESCE(SUM(total), 0) FROM "pedidos" WHERE (created_at >= '2026-07-10 21:00:00' AND status = 'entregue') AND tenant_id = 1

2026/07/11 11:55:26 [32m/home/humberto/Aplicativos/Manager-Restaurante-main/backend/internal/handlers/handlers.go:888
[0m[33m[0.407ms] [34;1m[rows:1][0m SELECT count(*) FROM "pedidos" WHERE status IN ('recebido','produzindo','pronto') AND tenant_id = 1

2026/07/11 11:55:26 [32m/home/humberto/Aplicativos/Manager-Restaurante-main/backend/internal/handlers/handlers.go:895
[0m[33m[0.347ms] [34;1m[rows:1][0m SELECT count(*) FROM "mesas" WHERE status = 'ocupada' AND tenant_id = 1

2026/07/11 11:55:26 [32m/home/humberto/Aplicativos/Manager-Restaurante-main/backend/internal/handlers/handlers.go:903
[0m[33m[0.360ms] [34;1m[rows:1][0m SELECT COALESCE(AVG(total), 0) FROM "pedidos" WHERE (created_at >= '2026-07-10 21:00:00' AND status = 'entregue') AND tenant_id = 1

2026/07/11 11:55:26 [32m/home/humberto/Aplicativos/Manager-Restaurante-main/backend/internal/handlers/handlers.go:918
[0m[33m[0.489ms] [34;1m[rows:5][0m SELECT produto_nome, SUM(quantidade * preco_unitario) as total_vendido, SUM(quantidade) as quantidade FROM "item_pedidos" WHERE tenant_id = 1 GROUP BY "produto_nome" ORDER BY quantidade desc LIMIT 5
11:55:26 | 200 |    2.474515ms | 127.0.0.1 | GET | /api/dashboard/stats | -

2026/07/11 11:55:30 [32m/home/humberto/Aplicativos/Manager-Restaurante-main/backend/internal/handlers/handlers.go:293
[0m[33m[1.432ms] [34;1m[rows:9][0m SELECT * FROM "produtos" WHERE tenant_id = 1 ORDER BY nome asc
11:55:30 | 200 |    1.622859ms | 127.0.0.1 | GET | /api/products | -

2026/07/11 11:55:30 [32m/home/humberto/Aplicativos/Manager-Restaurante-main/backend/internal/handlers/handlers.go:1208
[0m[33m[2.233ms] [34;1m[rows:4][0m SELECT * FROM "usuarios" WHERE tenant_id = 1 ORDER BY nome asc
11:55:30 | 200 |    2.367409ms | 127.0.0.1 | GET | /api/users | -

2026/07/11 11:55:30 [32m/home/humberto/Aplicativos/Manager-Restaurante-main/backend/internal/handlers/handlers.go:1555
[0m[33m[9.111ms] [34;1m[rows:1][0m SELECT * FROM "pinpads" WHERE tenant_id = 1 ORDER BY nome asc
11:55:30 | 200 |    9.287144ms | 127.0.0.1 | GET | /api/pinpads | -

2026/07/11 11:55:30 [32m/home/humberto/Aplicativos/Manager-Restaurante-main/backend/internal/handlers/handlers.go:781
[0m[33m[9.560ms] [34;1m[rows:4][0m SELECT * FROM "setors" WHERE tenant_id = 1 ORDER BY nome asc

2026/07/11 11:55:30 [32m/home/humberto/Aplicativos/Manager-Restaurante-main/backend/internal/handlers/handlers.go:447
[0m[33m[9.581ms] [34;1m[rows:4][0m SELECT * FROM "categoria" WHERE tenant_id = 1 ORDER BY nome asc
11:55:30 | 200 |    9.696127ms | 127.0.0.1 | GET | /api/setores | -
11:55:30 | 200 |    9.723454ms | 127.0.0.1 | GET | /api/categories | -

2026/07/11 11:56:09 [32m/home/humberto/Aplicativos/Manager-Restaurante-main/backend/internal/handlers/handlers.go:966
[0m[33m[4.355ms] [34;1m[rows:8][0m SELECT estoques.id, estoques.produto_id, produtos.nome as produto_nome, estoques.quantidade, estoques.minimo, estoques.alerta, produtos.preco as preco_unitario, produtos.tipo as produto_tipo, produtos.unidade_medida as unidade_medida FROM "estoques" join produtos on produtos.id = estoques.produto_id WHERE estoques.tenant_id = 1
11:56:09 | 200 |    4.782505ms | 127.0.0.1 | GET | /api/stock | -

2026/07/11 11:56:09 [32m/home/humberto/Aplicativos/Manager-Restaurante-main/backend/internal/handlers/handlers.go:293
[0m[33m[1.382ms] [34;1m[rows:9][0m SELECT * FROM "produtos" WHERE tenant_id = 1 ORDER BY nome asc
11:56:09 | 200 |    1.575182ms | 127.0.0.1 | GET | /api/products | -

2026/07/11 11:56:09 [32m/home/humberto/Aplicativos/Manager-Restaurante-main/backend/internal/handlers/handlers.go:447
[0m[33m[1.203ms] [34;1m[rows:4][0m SELECT * FROM "categoria" WHERE tenant_id = 1 ORDER BY nome asc
11:56:09 | 200 |    1.441257ms | 127.0.0.1 | GET | /api/categories | -

2026/07/11 11:56:15 [32m/home/humberto/Aplicativos/Manager-Restaurante-main/backend/internal/handlers/erp_handlers.go:20
[0m[33m[1.910ms] [34;1m[rows:1][0m SELECT * FROM "fornecedors" WHERE tenant_id = 1
11:56:15 | 200 |    2.130456ms | 127.0.0.1 | GET | /api/fornecedores | -

2026/07/11 11:56:15 [32m/home/humberto/Aplicativos/Manager-Restaurante-main/backend/internal/handlers/erp_handlers.go:109
[0m[33m[1.540ms] [34;1m[rows:1][0m SELECT * FROM "fornecedors" WHERE "fornecedors"."id" = 1

2026/07/11 11:56:15 [32m
[0m[33m[0.677ms] [34;1m[rows:2][0m SELECT * FROM "produtos" WHERE "produtos"."id" IN (8,9)

2026/07/11 11:56:15 [32m/home/humberto/Aplicativos/Manager-Restaurante-main/backend/internal/handlers/erp_handlers.go:109
[0m[33m[2.682ms] [34;1m[rows:3][0m SELECT * FROM "compra_items" WHERE "compra_items"."compra_id" IN (3,1,2)

2026/07/11 11:56:15 [32m/home/humberto/Aplicativos/Manager-Restaurante-main/backend/internal/handlers/erp_handlers.go:109
[0m[33m[6.630ms] [34;1m[rows:3][0m SELECT * FROM "compras" WHERE tenant_id = 1 ORDER BY data_compra desc
11:56:15 | 200 |    6.828489ms | 127.0.0.1 | GET | /api/compras | -

2026/07/11 11:56:15 [32m/home/humberto/Aplicativos/Manager-Restaurante-main/backend/internal/handlers/handlers.go:293
[0m[33m[10.145ms] [34;1m[rows:9][0m SELECT * FROM "produtos" WHERE tenant_id = 1 ORDER BY nome asc
11:56:15 | 200 |   10.342983ms | 127.0.0.1 | GET | /api/products | -

2026/07/11 11:57:14 [32m/home/humberto/Aplicativos/Manager-Restaurante-main/backend/internal/handlers/erp_handlers.go:140
[0m[33m[12.837ms] [34;1m[rows:1][0m INSERT INTO "compras" ("tenant_id","fornecedor_id","numero_nf","data_compra","valor_total","status","created_at","updated_at") VALUES (1,1,'456459156156056','2026-07-11 00:00:00',55,'recebida','2026-07-11 11:57:14.284','2026-07-11 11:57:14.284') RETURNING "id"

2026/07/11 11:57:14 [32m/home/humberto/Aplicativos/Manager-Restaurante-main/backend/internal/handlers/erp_handlers.go:154
[0m[33m[1.502ms] [34;1m[rows:1][0m INSERT INTO "compra_items" ("compra_id","produto_id","quantidade","custo_unid","subtotal") VALUES (4,8,10,5.5,55) RETURNING "id"

2026/07/11 11:57:14 [32m/home/humberto/Aplicativos/Manager-Restaurante-main/backend/internal/handlers/erp_handlers.go:161
[0m[33m[0.674ms] [34;1m[rows:1][0m SELECT * FROM "estoques" WHERE produto_id = 8 AND tenant_id = 1 ORDER BY "estoques"."id" LIMIT 1

2026/07/11 11:57:14 [32m/home/humberto/Aplicativos/Manager-Restaurante-main/backend/internal/handlers/erp_handlers.go:163
[0m[33m[0.597ms] [34;1m[rows:1][0m UPDATE "estoques" SET "tenant_id"=1,"produto_id"=8,"quantidade"=45,"minimo"=0,"alerta"=false,"created_at"='2026-06-13 15:01:09.003',"updated_at"='2026-07-11 11:57:14.3' WHERE "id" = 7

2026/07/11 11:57:14 [32m/home/humberto/Aplicativos/Manager-Restaurante-main/backend/internal/handlers/erp_handlers.go:183
[0m[33m[0.885ms] [34;1m[rows:1][0m INSERT INTO "movimentacao_estoques" ("tenant_id","produto_id","quantidade","tipo","motivo","usuario_id","created_at") VALUES (1,8,10,'entrada','NF 456459156156056 (Fornecedor ID 1)',1,'2026-07-11 11:57:14.3') RETURNING "id"

2026/07/11 11:57:14 [32m/home/humberto/Aplicativos/Manager-Restaurante-main/backend/internal/handlers/erp_handlers.go:206
[0m[33m[1.198ms] [34;1m[rows:1][0m INSERT INTO "conta_pagars" ("tenant_id","fornecedor_id","compra_id","descricao","valor","data_vencimento","status","created_at","updated_at") VALUES (1,1,4,'NF: 456459156156056',55,'2026-07-31 00:00:00','pendente','2026-07-11 11:57:14.301','2026-07-11 11:57:14.301') RETURNING "id"

2026/07/11 11:57:14 [32m/home/humberto/Aplicativos/Manager-Restaurante-main/backend/internal/handlers/erp_handlers.go:215
[0m[33m[0.348ms] [34;1m[rows:1][0m SELECT * FROM "fornecedors" WHERE "fornecedors"."id" = 1

2026/07/11 11:57:14 [32m/home/humberto/Aplicativos/Manager-Restaurante-main/backend/internal/handlers/erp_handlers.go:215
[0m[33m[0.656ms] [34;1m[rows:1][0m SELECT * FROM "compra_items" WHERE "compra_items"."compra_id" = 4

2026/07/11 11:57:14 [32m/home/humberto/Aplicativos/Manager-Restaurante-main/backend/internal/handlers/erp_handlers.go:215
[0m[33m[1.813ms] [34;1m[rows:1][0m SELECT * FROM "compras" WHERE "compras"."id" = 4 AND tenant_id = 1 AND "compras"."id" = 4 ORDER BY "compras"."id" LIMIT 1
11:57:14 | 201 |   22.044621ms | 127.0.0.1 | POST | /api/compras | -

2026/07/11 11:57:14 [32m/home/humberto/Aplicativos/Manager-Restaurante-main/backend/internal/handlers/erp_handlers.go:109
[0m[33m[0.385ms] [34;1m[rows:1][0m SELECT * FROM "fornecedors" WHERE "fornecedors"."id" = 1

2026/07/11 11:57:14 [32m
[0m[33m[0.371ms] [34;1m[rows:2][0m SELECT * FROM "produtos" WHERE "produtos"."id" IN (8,9)

2026/07/11 11:57:14 [32m/home/humberto/Aplicativos/Manager-Restaurante-main/backend/internal/handlers/erp_handlers.go:109
[0m[33m[1.044ms] [34;1m[rows:4][0m SELECT * FROM "compra_items" WHERE "compra_items"."compra_id" IN (4,3,1,2)

2026/07/11 11:57:14 [32m/home/humberto/Aplicativos/Manager-Restaurante-main/backend/internal/handlers/erp_handlers.go:109
[0m[33m[2.239ms] [34;1m[rows:4][0m SELECT * FROM "compras" WHERE tenant_id = 1 ORDER BY data_compra desc
11:57:14 | 200 |    2.355381ms | 127.0.0.1 | GET | /api/compras | -

2026/07/11 11:57:16 [32m/home/humberto/Aplicativos/Manager-Restaurante-main/backend/internal/handlers/financeiro_handlers.go:22
[0m[33m[0.448ms] [34;1m[rows:7][0m SELECT * FROM "caixa_turnos" WHERE "caixa_turnos"."id" IN (9,8,7,6,5,4,3)

2026/07/11 11:57:16 [32m/home/humberto/Aplicativos/Manager-Restaurante-main/backend/internal/handlers/financeiro_handlers.go:22
[0m[33m[1.762ms] [34;1m[rows:9][0m SELECT * FROM "lancamento_financeiros" WHERE tenant_id = 1 ORDER BY data desc
11:57:16 | 200 |    1.950109ms | 127.0.0.1 | GET | /api/financeiro/extrato | -

2026/07/11 11:57:16 [32m/home/humberto/Aplicativos/Manager-Restaurante-main/backend/internal/handlers/erp_handlers.go:226
[0m[33m[0.695ms] [34;1m[rows:1][0m SELECT * FROM "fornecedors" WHERE "fornecedors"."id" = 1

2026/07/11 11:57:16 [32m/home/humberto/Aplicativos/Manager-Restaurante-main/backend/internal/handlers/erp_handlers.go:226
[0m[33m[3.087ms] [34;1m[rows:4][0m SELECT * FROM "conta_pagars" WHERE tenant_id = 1 ORDER BY data_vencimento asc
11:57:16 | 200 |    3.245432ms | 127.0.0.1 | GET | /api/contas-pagar | -

2026/07/11 11:57:26 [32m/home/humberto/Aplicativos/Manager-Restaurante-main/backend/internal/handlers/erp_handlers.go:261
[0m[33m[1.149ms] [34;1m[rows:1][0m SELECT * FROM "conta_pagars" WHERE "conta_pagars"."id" = 3 AND tenant_id = 1 ORDER BY "conta_pagars"."id" LIMIT 1

2026/07/11 11:57:26 [32m/home/humberto/Aplicativos/Manager-Restaurante-main/backend/internal/handlers/erp_handlers.go:268
[0m[33m[4.138ms] [34;1m[rows:1][0m UPDATE "conta_pagars" SET "tenant_id"=1,"fornecedor_id"=1,"compra_id"=3,"descricao"='NF: 6874896496',"valor"=1160,"data_vencimento"='2026-06-13 21:00:00',"status"='paga',"created_at"='2026-06-14 15:07:55.764',"updated_at"='2026-07-11 11:57:26.175' WHERE "id" = 3

2026/07/11 11:57:26 [32m/home/humberto/Aplicativos/Manager-Restaurante-main/backend/internal/handlers/erp_handlers.go:284
[0m[33m[1.953ms] [34;1m[rows:1][0m INSERT INTO "lancamento_financeiros" ("tenant_id","tipo","categoria","descricao","valor","data","caixa_turno_id","conta_pagar_id","created_at","updated_at") VALUES (1,'despesa','pagamento_fornecedor','Pagamento de Conta: NF: 6874896496',1160,'2026-07-11 11:57:26.179',NULL,3,'2026-07-11 11:57:26.179','2026-07-11 11:57:26.179') RETURNING "id"

2026/07/11 11:57:26 [32m/home/humberto/Aplicativos/Manager-Restaurante-main/backend/internal/handlers/erp_handlers.go:286
[0m[33m[0.242ms] [34;1m[rows:1][0m SELECT * FROM "fornecedors" WHERE "fornecedors"."id" = 1

2026/07/11 11:57:26 [32m/home/humberto/Aplicativos/Manager-Restaurante-main/backend/internal/handlers/erp_handlers.go:286
[0m[33m[0.839ms] [34;1m[rows:1][0m SELECT * FROM "conta_pagars" WHERE "conta_pagars"."id" = 3 AND tenant_id = 1 AND "conta_pagars"."id" = 3 ORDER BY "conta_pagars"."id" LIMIT 1
11:57:25 | 200 |    8.454995ms | 127.0.0.1 | PUT | /api/contas-pagar/3/pay | -

2026/07/11 11:57:26 [32m/home/humberto/Aplicativos/Manager-Restaurante-main/backend/internal/handlers/erp_handlers.go:226
[0m[33m[0.374ms] [34;1m[rows:1][0m SELECT * FROM "fornecedors" WHERE "fornecedors"."id" = 1

2026/07/11 11:57:26 [32m/home/humberto/Aplicativos/Manager-Restaurante-main/backend/internal/handlers/erp_handlers.go:226
[0m[33m[1.190ms] [34;1m[rows:4][0m SELECT * FROM "conta_pagars" WHERE tenant_id = 1 ORDER BY data_vencimento asc
11:57:25 | 200 |    1.377531ms | 127.0.0.1 | GET | /api/contas-pagar | -

2026/07/11 11:57:26 [32m/home/humberto/Aplicativos/Manager-Restaurante-main/backend/internal/handlers/financeiro_handlers.go:22
[0m[33m[0.384ms] [34;1m[rows:7][0m SELECT * FROM "caixa_turnos" WHERE "caixa_turnos"."id" IN (9,8,7,6,5,4,3)

2026/07/11 11:57:26 [32m
[0m[33m[0.391ms] [34;1m[rows:1][0m SELECT * FROM "fornecedors" WHERE "fornecedors"."id" = 1

2026/07/11 11:57:26 [32m/home/humberto/Aplicativos/Manager-Restaurante-main/backend/internal/handlers/financeiro_handlers.go:22
[0m[33m[0.950ms] [34;1m[rows:1][0m SELECT * FROM "conta_pagars" WHERE "conta_pagars"."id" = 3

2026/07/11 11:57:26 [32m/home/humberto/Aplicativos/Manager-Restaurante-main/backend/internal/handlers/financeiro_handlers.go:22
[0m[33m[2.450ms] [34;1m[rows:10][0m SELECT * FROM "lancamento_financeiros" WHERE tenant_id = 1 ORDER BY data desc
11:57:25 | 200 |    2.568478ms | 127.0.0.1 | GET | /api/financeiro/extrato | -

2026/07/11 11:57:31 [32m/home/humberto/Aplicativos/Manager-Restaurante-main/backend/internal/handlers/erp_handlers.go:20
[0m[33m[0.858ms] [34;1m[rows:1][0m SELECT * FROM "fornecedors" WHERE tenant_id = 1
11:57:31 | 200 |    1.042111ms | 127.0.0.1 | GET | /api/fornecedores | -

2026/07/11 11:57:31 [32m/home/humberto/Aplicativos/Manager-Restaurante-main/backend/internal/handlers/erp_handlers.go:109
[0m[33m[0.357ms] [34;1m[rows:1][0m SELECT * FROM "fornecedors" WHERE "fornecedors"."id" = 1

2026/07/11 11:57:31 [32m
[0m[33m[0.565ms] [34;1m[rows:2][0m SELECT * FROM "produtos" WHERE "produtos"."id" IN (8,9)

2026/07/11 11:57:31 [32m/home/humberto/Aplicativos/Manager-Restaurante-main/backend/internal/handlers/erp_handlers.go:109
[0m[33m[1.984ms] [34;1m[rows:4][0m SELECT * FROM "compra_items" WHERE "compra_items"."compra_id" IN (4,3,1,2)

2026/07/11 11:57:31 [32m/home/humberto/Aplicativos/Manager-Restaurante-main/backend/internal/handlers/erp_handlers.go:109
[0m[33m[7.985ms] [34;1m[rows:4][0m SELECT * FROM "compras" WHERE tenant_id = 1 ORDER BY data_compra desc
11:57:31 | 200 |    8.119999ms | 127.0.0.1 | GET | /api/compras | -

2026/07/11 11:57:31 [32m/home/humberto/Aplicativos/Manager-Restaurante-main/backend/internal/handlers/handlers.go:293
[0m[33m[13.625ms] [34;1m[rows:9][0m SELECT * FROM "produtos" WHERE tenant_id = 1 ORDER BY nome asc
11:57:31 | 200 |   13.781865ms | 127.0.0.1 | GET | /api/products | -

2026/07/11 11:57:33 [32m/home/humberto/Aplicativos/Manager-Restaurante-main/backend/internal/handlers/handlers.go:293
[0m[33m[0.937ms] [34;1m[rows:9][0m SELECT * FROM "produtos" WHERE tenant_id = 1 ORDER BY nome asc
11:57:33 | 200 |    1.095275ms | 127.0.0.1 | GET | /api/products | -

2026/07/11 11:57:33 [32m/home/humberto/Aplicativos/Manager-Restaurante-main/backend/internal/handlers/handlers.go:966
[0m[33m[1.303ms] [34;1m[rows:8][0m SELECT estoques.id, estoques.produto_id, produtos.nome as produto_nome, estoques.quantidade, estoques.minimo, estoques.alerta, produtos.preco as preco_unitario, produtos.tipo as produto_tipo, produtos.unidade_medida as unidade_medida FROM "estoques" join produtos on produtos.id = estoques.produto_id WHERE estoques.tenant_id = 1
11:57:33 | 200 |    1.439947ms | 127.0.0.1 | GET | /api/stock | -

2026/07/11 11:57:33 [32m/home/humberto/Aplicativos/Manager-Restaurante-main/backend/internal/handlers/handlers.go:447
[0m[33m[9.321ms] [34;1m[rows:4][0m SELECT * FROM "categoria" WHERE tenant_id = 1 ORDER BY nome asc
11:57:33 | 200 |    9.477422ms | 127.0.0.1 | GET | /api/categories | -

2026/07/11 11:57:40 [32m/home/humberto/Aplicativos/Manager-Restaurante-main/backend/internal/handlers/handlers.go:1082
[0m[33m[0.448ms] [34;1m[rows:1][0m SELECT * FROM "produtos" WHERE "produtos"."id" = 9

2026/07/11 11:57:40 [32m/home/humberto/Aplicativos/Manager-Restaurante-main/backend/internal/handlers/handlers.go:1082
[0m[33m[2.072ms] [34;1m[rows:1][0m SELECT * FROM "ficha_tecnica_items" WHERE produto_id = 3 AND tenant_id = 1
11:57:39 | 200 |    2.207388ms | 127.0.0.1 | GET | /api/fichas-tecnicas/produto/3 | -

2026/07/11 11:57:55 [32m/home/humberto/Aplicativos/Manager-Restaurante-main/backend/internal/handlers/handlers.go:1116
[0m[33m[12.125ms] [34;1m[rows:1][0m INSERT INTO "ficha_tecnica_items" ("tenant_id","produto_id","insumo_id","quantidade","created_at","updated_at") VALUES (1,3,9,2,'2026-07-11 11:57:55.32','2026-07-11 11:57:55.32') RETURNING "id"

2026/07/11 11:57:55 [32m/home/humberto/Aplicativos/Manager-Restaurante-main/backend/internal/handlers/handlers.go:1120
[0m[33m[0.272ms] [34;1m[rows:1][0m SELECT * FROM "produtos" WHERE "produtos"."id" = 9

2026/07/11 11:57:55 [32m/home/humberto/Aplicativos/Manager-Restaurante-main/backend/internal/handlers/handlers.go:1120
[0m[33m[0.827ms] [34;1m[rows:1][0m SELECT * FROM "ficha_tecnica_items" WHERE "ficha_tecnica_items"."id" = 3 AND "ficha_tecnica_items"."id" = 3 ORDER BY "ficha_tecnica_items"."id" LIMIT 1
11:57:55 | 201 |   13.191186ms | 127.0.0.1 | POST | /api/fichas-tecnicas | -

2026/07/11 11:57:55 [32m/home/humberto/Aplicativos/Manager-Restaurante-main/backend/internal/handlers/handlers.go:1082
[0m[33m[0.344ms] [34;1m[rows:1][0m SELECT * FROM "produtos" WHERE "produtos"."id" = 9

2026/07/11 11:57:55 [32m/home/humberto/Aplicativos/Manager-Restaurante-main/backend/internal/handlers/handlers.go:1082
[0m[33m[1.083ms] [34;1m[rows:2][0m SELECT * FROM "ficha_tecnica_items" WHERE produto_id = 3 AND tenant_id = 1
11:57:55 | 200 |    1.179549ms | 127.0.0.1 | GET | /api/fichas-tecnicas/produto/3 | -

2026/07/11 11:58:00 [32m/home/humberto/Aplicativos/Manager-Restaurante-main/backend/internal/handlers/handlers.go:1134
[0m[33m[0.989ms] [34;1m[rows:1][0m SELECT * FROM "ficha_tecnica_items" WHERE "ficha_tecnica_items"."id" = 1 AND tenant_id = 1 ORDER BY "ficha_tecnica_items"."id" LIMIT 1

2026/07/11 11:58:00 [32m/home/humberto/Aplicativos/Manager-Restaurante-main/backend/internal/handlers/handlers.go:1138
[0m[33m[3.493ms] [34;1m[rows:1][0m DELETE FROM "ficha_tecnica_items" WHERE "ficha_tecnica_items"."id" = 1
11:58:00 | 204 |    4.693363ms | 127.0.0.1 | DELETE | /api/fichas-tecnicas/1 | -

2026/07/11 11:58:04 [31;1m/home/humberto/Aplicativos/Manager-Restaurante-main/backend/internal/handlers/handlers.go:1134 [35;1mrecord not found
[0m[33m[0.592ms] [34;1m[rows:0][0m SELECT * FROM "ficha_tecnica_items" WHERE "ficha_tecnica_items"."id" = 1 AND tenant_id = 1 ORDER BY "ficha_tecnica_items"."id" LIMIT 1
11:58:04 | 404 |     770.909µs | 127.0.0.1 | DELETE | /api/fichas-tecnicas/1 | -
2026/07/11 11:58:07 Client unregistered: User 1 for Tenant 1
2026/07/11 11:58:07 Client unregistered: User 1 for Tenant 1

2026/07/11 11:58:08 [32m/home/humberto/Aplicativos/Manager-Restaurante-main/backend/internal/handlers/handlers.go:293
[0m[33m[1.046ms] [34;1m[rows:9][0m SELECT * FROM "produtos" WHERE tenant_id = 1 ORDER BY nome asc
11:58:07 | 200 |    1.305789ms | 127.0.0.1 | GET | /api/products | -

2026/07/11 11:58:08 [32m/home/humberto/Aplicativos/Manager-Restaurante-main/backend/internal/handlers/handlers.go:966
[0m[33m[1.665ms] [34;1m[rows:8][0m SELECT estoques.id, estoques.produto_id, produtos.nome as produto_nome, estoques.quantidade, estoques.minimo, estoques.alerta, produtos.preco as preco_unitario, produtos.tipo as produto_tipo, produtos.unidade_medida as unidade_medida FROM "estoques" join produtos on produtos.id = estoques.produto_id WHERE estoques.tenant_id = 1
11:58:07 | 200 |    1.813448ms | 127.0.0.1 | GET | /api/stock | -
11:58:07 | 101 |     129.315µs | 127.0.0.1 | GET | /ws | -
2026/07/11 11:58:08 Client registered: User 1 for Tenant 1

2026/07/11 11:58:08 [32m/home/humberto/Aplicativos/Manager-Restaurante-main/backend/internal/handlers/handlers.go:447
[0m[33m[2.849ms] [34;1m[rows:4][0m SELECT * FROM "categoria" WHERE tenant_id = 1 ORDER BY nome asc
11:58:07 | 200 |    3.247839ms | 127.0.0.1 | GET | /api/categories | -
11:58:07 | 101 |      98.117µs | 127.0.0.1 | GET | /ws | -
2026/07/11 11:58:08 Client registered: User 1 for Tenant 1

2026/07/11 11:58:12 [32m/home/humberto/Aplicativos/Manager-Restaurante-main/backend/internal/handlers/handlers.go:1082
[0m[33m[0.380ms] [34;1m[rows:1][0m SELECT * FROM "produtos" WHERE "produtos"."id" = 9

2026/07/11 11:58:12 [32m/home/humberto/Aplicativos/Manager-Restaurante-main/backend/internal/handlers/handlers.go:1082
[0m[33m[1.378ms] [34;1m[rows:1][0m SELECT * FROM "ficha_tecnica_items" WHERE produto_id = 3 AND tenant_id = 1
11:58:12 | 200 |    1.487004ms | 127.0.0.1 | GET | /api/fichas-tecnicas/produto/3 | -

2026/07/11 11:58:16 [32m/home/humberto/Aplicativos/Manager-Restaurante-main/backend/internal/handlers/handlers.go:768
[0m[33m[0.661ms] [34;1m[rows:0][0m SELECT * FROM "pedidos" WHERE status IN ('recebido','produzindo','pronto') AND (id IN (SELECT pedido_id FROM item_pedidos WHERE setor_id = '3' OR setor_id = 0)) AND tenant_id = 1 ORDER BY created_at asc
11:58:15 | 200 |     823.531µs | 127.0.0.1 | GET | /api/kds | -

2026/07/11 11:58:16 [32m/home/humberto/Aplicativos/Manager-Restaurante-main/backend/internal/handlers/handlers.go:781
[0m[33m[2.695ms] [34;1m[rows:4][0m SELECT * FROM "setors" WHERE tenant_id = 1 ORDER BY nome asc
11:58:15 | 200 |    2.895386ms | 127.0.0.1 | GET | /api/setores | -

2026/07/11 11:58:16 [32m/home/humberto/Aplicativos/Manager-Restaurante-main/backend/internal/handlers/handlers.go:768
[0m[33m[2.393ms] [34;1m[rows:0][0m SELECT * FROM "pedidos" WHERE status IN ('recebido','produzindo','pronto') AND (id IN (SELECT pedido_id FROM item_pedidos WHERE setor_id = '4' OR setor_id = 0)) AND tenant_id = 1 ORDER BY created_at asc
11:58:15 | 200 |    2.635892ms | 127.0.0.1 | GET | /api/kds | -

2026/07/11 11:58:17 [32m/home/humberto/Aplicativos/Manager-Restaurante-main/backend/internal/handlers/handlers.go:768
[0m[33m[1.342ms] [34;1m[rows:0][0m SELECT * FROM "pedidos" WHERE status IN ('recebido','produzindo','pronto') AND (id IN (SELECT pedido_id FROM item_pedidos WHERE setor_id = '2' OR setor_id = 0)) AND tenant_id = 1 ORDER BY created_at asc
11:58:17 | 200 |    1.493464ms | 127.0.0.1 | GET | /api/kds | -

2026/07/11 11:58:18 [32m/home/humberto/Aplicativos/Manager-Restaurante-main/backend/internal/handlers/handlers.go:768
[0m[33m[0.920ms] [34;1m[rows:0][0m SELECT * FROM "pedidos" WHERE status IN ('recebido','produzindo','pronto') AND (id IN (SELECT pedido_id FROM item_pedidos WHERE setor_id = '1' OR setor_id = 0)) AND tenant_id = 1 ORDER BY created_at asc
11:58:17 | 200 |    1.077201ms | 127.0.0.1 | GET | /api/kds | -

2026/07/11 11:58:18 [32m/home/humberto/Aplicativos/Manager-Restaurante-main/backend/internal/handlers/handlers.go:225
[0m[33m[1.453ms] [34;1m[rows:16][0m SELECT * FROM "mesas" WHERE tenant_id = 1 ORDER BY numero asc
11:58:18 | 200 |    1.722967ms | 127.0.0.1 | GET | /api/tables | -

2026/07/11 11:58:20 [32m/home/humberto/Aplicativos/Manager-Restaurante-main/backend/internal/handlers/caixa_handlers.go:19
[0m[33m[1.296ms] [34;1m[rows:1][0m SELECT * FROM "caixa_turnos" WHERE status = 'aberto' AND tenant_id = 1 ORDER BY "caixa_turnos"."id" LIMIT 1
11:58:19 | 200 |    1.528683ms | 127.0.0.1 | GET | /api/caixa/status | -

2026/07/11 11:58:20 [32m/home/humberto/Aplicativos/Manager-Restaurante-main/backend/internal/handlers/handlers.go:447
[0m[33m[1.819ms] [34;1m[rows:4][0m SELECT * FROM "categoria" WHERE tenant_id = 1 ORDER BY nome asc
11:58:19 | 200 |    1.992778ms | 127.0.0.1 | GET | /api/categories | -

2026/07/11 11:58:20 [32m/home/humberto/Aplicativos/Manager-Restaurante-main/backend/internal/handlers/handlers.go:225
[0m[33m[10.208ms] [34;1m[rows:16][0m SELECT * FROM "mesas" WHERE tenant_id = 1 ORDER BY numero asc
11:58:19 | 200 |   10.413072ms | 127.0.0.1 | GET | /api/tables | -

2026/07/11 11:58:20 [32m/home/humberto/Aplicativos/Manager-Restaurante-main/backend/internal/handlers/handlers.go:692
[0m[33m[1.969ms] [34;1m[rows:107][0m SELECT * FROM "item_pedidos" WHERE "item_pedidos"."pedido_id" IN (83,82,81,80,79,78,77,76,75,74,73,72,71,70,69,68,67,66,65,64,63,62,61,60,59,58,57,56,55,54,53,52,51,50,49,48,47,46,45,44,43,42,41,40,39,38,37,36,35,34,33,32,31,30,29,28,27,26,25,24,23,22,21,20,19,18,17,16,15,14,13,12,11,10,9,8,7,6,5,4,3,2,1)

2026/07/11 11:58:20 [32m/home/humberto/Aplicativos/Manager-Restaurante-main/backend/internal/handlers/handlers.go:692
[0m[33m[12.822ms] [34;1m[rows:83][0m SELECT * FROM "pedidos" WHERE tenant_id = 1 ORDER BY created_at desc
11:58:19 | 200 |   13.186943ms | 127.0.0.1 | GET | /api/orders | -

2026/07/11 11:58:20 [32m/home/humberto/Aplicativos/Manager-Restaurante-main/backend/internal/handlers/handlers.go:293
[0m[33m[13.631ms] [34;1m[rows:9][0m SELECT * FROM "produtos" WHERE ativo = true AND tenant_id = 1 ORDER BY nome asc
11:58:19 | 200 |   13.841291ms | 127.0.0.1 | GET | /api/products | -

2026/07/11 11:58:20 [32m/home/humberto/Aplicativos/Manager-Restaurante-main/backend/internal/handlers/handlers.go:881
[0m[33m[0.600ms] [34;1m[rows:1][0m SELECT COALESCE(SUM(total), 0) FROM "pedidos" WHERE (created_at >= '2026-07-10 21:00:00' AND status = 'entregue') AND tenant_id = 1

2026/07/11 11:58:20 [32m/home/humberto/Aplicativos/Manager-Restaurante-main/backend/internal/handlers/caixa_handlers.go:340
[0m[33m[0.687ms] [34;1m[rows:9][0m SELECT * FROM "caixa_turnos" WHERE tenant_id = 1 ORDER BY id desc LIMIT 20
11:58:20 | 200 |     804.661µs | 127.0.0.1 | GET | /api/caixa/turnos | -

2026/07/11 11:58:20 [32m/home/humberto/Aplicativos/Manager-Restaurante-main/backend/internal/handlers/handlers.go:888
[0m[33m[0.326ms] [34;1m[rows:1][0m SELECT count(*) FROM "pedidos" WHERE status IN ('recebido','produzindo','pronto') AND tenant_id = 1

2026/07/11 11:58:20 [32m/home/humberto/Aplicativos/Manager-Restaurante-main/backend/internal/handlers/handlers.go:895
[0m[33m[0.261ms] [34;1m[rows:1][0m SELECT count(*) FROM "mesas" WHERE status = 'ocupada' AND tenant_id = 1

2026/07/11 11:58:20 [32m/home/humberto/Aplicativos/Manager-Restaurante-main/backend/internal/handlers/handlers.go:903
[0m[33m[0.418ms] [34;1m[rows:1][0m SELECT COALESCE(AVG(total), 0) FROM "pedidos" WHERE (created_at >= '2026-07-10 21:00:00' AND status = 'entregue') AND tenant_id = 1

2026/07/11 11:58:20 [32m/home/humberto/Aplicativos/Manager-Restaurante-main/backend/internal/handlers/handlers.go:918
[0m[33m[0.676ms] [34;1m[rows:5][0m SELECT produto_nome, SUM(quantidade * preco_unitario) as total_vendido, SUM(quantidade) as quantidade FROM "item_pedidos" WHERE tenant_id = 1 GROUP BY "produto_nome" ORDER BY quantidade desc LIMIT 5
11:58:20 | 200 |    2.658429ms | 127.0.0.1 | GET | /api/dashboard/stats | -

2026/07/11 11:58:23 [32m/home/humberto/Aplicativos/Manager-Restaurante-main/backend/internal/handlers/handlers.go:447
[0m[33m[0.776ms] [34;1m[rows:4][0m SELECT * FROM "categoria" WHERE tenant_id = 1 ORDER BY nome asc
11:58:23 | 200 |     930.977µs | 127.0.0.1 | GET | /api/categories | -

2026/07/11 11:58:23 [32m/home/humberto/Aplicativos/Manager-Restaurante-main/backend/internal/handlers/caixa_handlers.go:19
[0m[33m[0.510ms] [34;1m[rows:1][0m SELECT * FROM "caixa_turnos" WHERE status = 'aberto' AND tenant_id = 1 ORDER BY "caixa_turnos"."id" LIMIT 1
11:58:23 | 200 |     671.481µs | 127.0.0.1 | GET | /api/caixa/status | -

2026/07/11 11:58:23 [32m/home/humberto/Aplicativos/Manager-Restaurante-main/backend/internal/handlers/handlers.go:293
[0m[33m[1.282ms] [34;1m[rows:9][0m SELECT * FROM "produtos" WHERE ativo = true AND tenant_id = 1 ORDER BY nome asc
11:58:23 | 200 |     1.43593ms | 127.0.0.1 | GET | /api/products | -

2026/07/11 11:58:23 [32m/home/humberto/Aplicativos/Manager-Restaurante-main/backend/internal/handlers/handlers.go:225
[0m[33m[0.471ms] [34;1m[rows:16][0m SELECT * FROM "mesas" WHERE tenant_id = 1 ORDER BY numero asc
11:58:23 | 200 |     585.192µs | 127.0.0.1 | GET | /api/tables | -

2026/07/11 11:58:23 [32m/home/humberto/Aplicativos/Manager-Restaurante-main/backend/internal/handlers/handlers.go:692
[0m[33m[1.020ms] [34;1m[rows:107][0m SELECT * FROM "item_pedidos" WHERE "item_pedidos"."pedido_id" IN (83,82,81,80,79,78,77,76,75,74,73,72,71,70,69,68,67,66,65,64,63,62,61,60,59,58,57,56,55,54,53,52,51,50,49,48,47,46,45,44,43,42,41,40,39,38,37,36,35,34,33,32,31,30,29,28,27,26,25,24,23,22,21,20,19,18,17,16,15,14,13,12,11,10,9,8,7,6,5,4,3,2,1)

2026/07/11 11:58:23 [32m/home/humberto/Aplicativos/Manager-Restaurante-main/backend/internal/handlers/handlers.go:692
[0m[33m[3.165ms] [34;1m[rows:83][0m SELECT * FROM "pedidos" WHERE tenant_id = 1 ORDER BY created_at desc
11:58:23 | 200 |    3.954157ms | 127.0.0.1 | GET | /api/orders | -

2026/07/11 11:58:41 [32m/home/humberto/Aplicativos/Manager-Restaurante-main/backend/internal/handlers/handlers.go:225
[0m[33m[0.713ms] [34;1m[rows:16][0m SELECT * FROM "mesas" WHERE tenant_id = 1 ORDER BY numero asc
11:58:41 | 200 |     934.769µs | 127.0.0.1 | GET | /api/tables | -

2026/07/11 11:58:41 [32m/home/humberto/Aplicativos/Manager-Restaurante-main/backend/internal/handlers/handlers.go:225
[0m[33m[0.468ms] [34;1m[rows:16][0m SELECT * FROM "mesas" WHERE tenant_id = 1 ORDER BY numero asc
11:58:41 | 200 |     614.126µs | 127.0.0.1 | GET | /api/tables | -

2026/07/11 11:58:41 [32m/home/humberto/Aplicativos/Manager-Restaurante-main/backend/internal/handlers/handlers.go:225
[0m[33m[0.514ms] [34;1m[rows:16][0m SELECT * FROM "mesas" WHERE tenant_id = 1 ORDER BY numero asc
11:58:41 | 200 |     680.339µs | 127.0.0.1 | GET | /api/tables | -

2026/07/11 11:58:42 [32m/home/humberto/Aplicativos/Manager-Restaurante-main/backend/internal/handlers/handlers.go:881
[0m[33m[0.443ms] [34;1m[rows:1][0m SELECT COALESCE(SUM(total), 0) FROM "pedidos" WHERE (created_at >= '2026-07-10 21:00:00' AND status = 'entregue') AND tenant_id = 1

2026/07/11 11:58:42 [32m/home/humberto/Aplicativos/Manager-Restaurante-main/backend/internal/handlers/handlers.go:888
[0m[33m[0.224ms] [34;1m[rows:1][0m SELECT count(*) FROM "pedidos" WHERE status IN ('recebido','produzindo','pronto') AND tenant_id = 1

2026/07/11 11:58:42 [32m/home/humberto/Aplicativos/Manager-Restaurante-main/backend/internal/handlers/caixa_handlers.go:340
[0m[33m[0.813ms] [34;1m[rows:9][0m SELECT * FROM "caixa_turnos" WHERE tenant_id = 1 ORDER BY id desc LIMIT 20
11:58:41 | 200 |     913.567µs | 127.0.0.1 | GET | /api/caixa/turnos | -

2026/07/11 11:58:42 [32m/home/humberto/Aplicativos/Manager-Restaurante-main/backend/internal/handlers/handlers.go:895
[0m[33m[0.345ms] [34;1m[rows:1][0m SELECT count(*) FROM "mesas" WHERE status = 'ocupada' AND tenant_id = 1

2026/07/11 11:58:42 [32m/home/humberto/Aplicativos/Manager-Restaurante-main/backend/internal/handlers/handlers.go:903
[0m[33m[0.229ms] [34;1m[rows:1][0m SELECT COALESCE(AVG(total), 0) FROM "pedidos" WHERE (created_at >= '2026-07-10 21:00:00' AND status = 'entregue') AND tenant_id = 1

2026/07/11 11:58:42 [32m/home/humberto/Aplicativos/Manager-Restaurante-main/backend/internal/handlers/handlers.go:918
[0m[33m[0.414ms] [34;1m[rows:5][0m SELECT produto_nome, SUM(quantidade * preco_unitario) as total_vendido, SUM(quantidade) as quantidade FROM "item_pedidos" WHERE tenant_id = 1 GROUP BY "produto_nome" ORDER BY quantidade desc LIMIT 5
11:58:41 | 200 |    1.954801ms | 127.0.0.1 | GET | /api/dashboard/stats | -

2026/07/11 11:58:42 [32m/home/humberto/Aplicativos/Manager-Restaurante-main/backend/internal/handlers/handlers.go:881
[0m[33m[0.431ms] [34;1m[rows:1][0m SELECT COALESCE(SUM(total), 0) FROM "pedidos" WHERE (created_at >= '2026-07-10 21:00:00' AND status = 'entregue') AND tenant_id = 1

2026/07/11 11:58:42 [32m/home/humberto/Aplicativos/Manager-Restaurante-main/backend/internal/handlers/handlers.go:888
[0m[33m[0.231ms] [34;1m[rows:1][0m SELECT count(*) FROM "pedidos" WHERE status IN ('recebido','produzindo','pronto') AND tenant_id = 1

2026/07/11 11:58:42 [32m/home/humberto/Aplicativos/Manager-Restaurante-main/backend/internal/handlers/handlers.go:895
[0m[33m[0.248ms] [34;1m[rows:1][0m SELECT count(*) FROM "mesas" WHERE status = 'ocupada' AND tenant_id = 1

2026/07/11 11:58:42 [32m/home/humberto/Aplicativos/Manager-Restaurante-main/backend/internal/handlers/handlers.go:903
[0m[33m[0.239ms] [34;1m[rows:1][0m SELECT COALESCE(AVG(total), 0) FROM "pedidos" WHERE (created_at >= '2026-07-10 21:00:00' AND status = 'entregue') AND tenant_id = 1

2026/07/11 11:58:42 [32m/home/humberto/Aplicativos/Manager-Restaurante-main/backend/internal/handlers/handlers.go:918
[0m[33m[0.376ms] [34;1m[rows:5][0m SELECT produto_nome, SUM(quantidade * preco_unitario) as total_vendido, SUM(quantidade) as quantidade FROM "item_pedidos" WHERE tenant_id = 1 GROUP BY "produto_nome" ORDER BY quantidade desc LIMIT 5
11:58:41 | 200 |    1.799723ms | 127.0.0.1 | GET | /api/dashboard/stats | -

2026/07/11 11:58:42 [32m/home/humberto/Aplicativos/Manager-Restaurante-main/backend/internal/handlers/handlers.go:881
[0m[33m[0.390ms] [34;1m[rows:1][0m SELECT COALESCE(SUM(total), 0) FROM "pedidos" WHERE (created_at >= '2026-07-10 21:00:00' AND status = 'entregue') AND tenant_id = 1

2026/07/11 11:58:42 [32m/home/humberto/Aplicativos/Manager-Restaurante-main/backend/internal/handlers/handlers.go:888
[0m[33m[0.225ms] [34;1m[rows:1][0m SELECT count(*) FROM "pedidos" WHERE status IN ('recebido','produzindo','pronto') AND tenant_id = 1

2026/07/11 11:58:42 [32m/home/humberto/Aplicativos/Manager-Restaurante-main/backend/internal/handlers/handlers.go:895
[0m[33m[0.179ms] [34;1m[rows:1][0m SELECT count(*) FROM "mesas" WHERE status = 'ocupada' AND tenant_id = 1

2026/07/11 11:58:42 [32m/home/humberto/Aplicativos/Manager-Restaurante-main/backend/internal/handlers/handlers.go:903
[0m[33m[0.185ms] [34;1m[rows:1][0m SELECT COALESCE(AVG(total), 0) FROM "pedidos" WHERE (created_at >= '2026-07-10 21:00:00' AND status = 'entregue') AND tenant_id = 1

2026/07/11 11:58:42 [32m/home/humberto/Aplicativos/Manager-Restaurante-main/backend/internal/handlers/handlers.go:918
[0m[33m[0.344ms] [34;1m[rows:5][0m SELECT produto_nome, SUM(quantidade * preco_unitario) as total_vendido, SUM(quantidade) as quantidade FROM "item_pedidos" WHERE tenant_id = 1 GROUP BY "produto_nome" ORDER BY quantidade desc LIMIT 5
11:58:41 | 200 |    1.606814ms | 127.0.0.1 | GET | /api/dashboard/stats | -

2026/07/11 11:58:43 [32m/home/humberto/Aplicativos/Manager-Restaurante-main/backend/internal/handlers/handlers.go:447
[0m[33m[0.704ms] [34;1m[rows:4][0m SELECT * FROM "categoria" WHERE tenant_id = 1 ORDER BY nome asc
11:58:43 | 200 |     850.081µs | 127.0.0.1 | GET | /api/categories | -

2026/07/11 11:58:43 [32m/home/humberto/Aplicativos/Manager-Restaurante-main/backend/internal/handlers/caixa_handlers.go:19
[0m[33m[0.829ms] [34;1m[rows:1][0m SELECT * FROM "caixa_turnos" WHERE status = 'aberto' AND tenant_id = 1 ORDER BY "caixa_turnos"."id" LIMIT 1
11:58:43 | 200 |     907.779µs | 127.0.0.1 | GET | /api/caixa/status | -

2026/07/11 11:58:43 [32m/home/humberto/Aplicativos/Manager-Restaurante-main/backend/internal/handlers/handlers.go:293
[0m[33m[9.088ms] [34;1m[rows:9][0m SELECT * FROM "produtos" WHERE ativo = true AND tenant_id = 1 ORDER BY nome asc
11:58:43 | 200 |    9.303558ms | 127.0.0.1 | GET | /api/products | -

2026/07/11 11:58:43 [32m/home/humberto/Aplicativos/Manager-Restaurante-main/backend/internal/handlers/handlers.go:225
[0m[33m[9.284ms] [34;1m[rows:16][0m SELECT * FROM "mesas" WHERE tenant_id = 1 ORDER BY numero asc
11:58:43 | 200 |    9.419603ms | 127.0.0.1 | GET | /api/tables | -

2026/07/11 11:58:43 [32m/home/humberto/Aplicativos/Manager-Restaurante-main/backend/internal/handlers/handlers.go:692
[0m[33m[1.049ms] [34;1m[rows:107][0m SELECT * FROM "item_pedidos" WHERE "item_pedidos"."pedido_id" IN (83,82,81,80,79,78,77,76,75,74,73,72,71,70,69,68,67,66,65,64,63,62,61,60,59,58,57,56,55,54,53,52,51,50,49,48,47,46,45,44,43,42,41,40,39,38,37,36,35,34,33,32,31,30,29,28,27,26,25,24,23,22,21,20,19,18,17,16,15,14,13,12,11,10,9,8,7,6,5,4,3,2,1)

2026/07/11 11:58:43 [32m/home/humberto/Aplicativos/Manager-Restaurante-main/backend/internal/handlers/handlers.go:692
[0m[33m[12.460ms] [34;1m[rows:83][0m SELECT * FROM "pedidos" WHERE tenant_id = 1 ORDER BY created_at desc
11:58:43 | 200 |   12.783468ms | 127.0.0.1 | GET | /api/orders | -

2026/07/11 11:58:52 [32m/home/humberto/Aplicativos/Manager-Restaurante-main/backend/internal/handlers/handlers.go:881
[0m[33m[0.692ms] [34;1m[rows:1][0m SELECT COALESCE(SUM(total), 0) FROM "pedidos" WHERE (created_at >= '2026-07-10 21:00:00' AND status = 'entregue') AND tenant_id = 1

2026/07/11 11:58:52 [32m/home/humberto/Aplicativos/Manager-Restaurante-main/backend/internal/handlers/caixa_handlers.go:340
[0m[33m[0.768ms] [34;1m[rows:9][0m SELECT * FROM "caixa_turnos" WHERE tenant_id = 1 ORDER BY id desc LIMIT 20
11:58:52 | 200 |     878.068µs | 127.0.0.1 | GET | /api/caixa/turnos | -

2026/07/11 11:58:52 [32m/home/humberto/Aplicativos/Manager-Restaurante-main/backend/internal/handlers/handlers.go:888
[0m[33m[0.380ms] [34;1m[rows:1][0m SELECT count(*) FROM "pedidos" WHERE status IN ('recebido','produzindo','pronto') AND tenant_id = 1

2026/07/11 11:58:52 [32m/home/humberto/Aplicativos/Manager-Restaurante-main/backend/internal/handlers/handlers.go:895
[0m[33m[0.269ms] [34;1m[rows:1][0m SELECT count(*) FROM "mesas" WHERE status = 'ocupada' AND tenant_id = 1

2026/07/11 11:58:52 [32m/home/humberto/Aplicativos/Manager-Restaurante-main/backend/internal/handlers/handlers.go:903
[0m[33m[0.305ms] [34;1m[rows:1][0m SELECT COALESCE(AVG(total), 0) FROM "pedidos" WHERE (created_at >= '2026-07-10 21:00:00' AND status = 'entregue') AND tenant_id = 1

2026/07/11 11:58:52 [32m/home/humberto/Aplicativos/Manager-Restaurante-main/backend/internal/handlers/handlers.go:918
[0m[33m[0.596ms] [34;1m[rows:5][0m SELECT produto_nome, SUM(quantidade * preco_unitario) as total_vendido, SUM(quantidade) as quantidade FROM "item_pedidos" WHERE tenant_id = 1 GROUP BY "produto_nome" ORDER BY quantidade desc LIMIT 5
11:58:52 | 200 |    2.609481ms | 127.0.0.1 | GET | /api/dashboard/stats | -

2026/07/11 11:58:52 [32m/home/humberto/Aplicativos/Manager-Restaurante-main/backend/internal/handlers/handlers.go:881
[0m[33m[0.654ms] [34;1m[rows:1][0m SELECT COALESCE(SUM(total), 0) FROM "pedidos" WHERE (created_at >= '2026-07-10 21:00:00' AND status = 'entregue') AND tenant_id = 1

2026/07/11 11:58:52 [32m/home/humberto/Aplicativos/Manager-Restaurante-main/backend/internal/handlers/handlers.go:888
[0m[33m[0.326ms] [34;1m[rows:1][0m SELECT count(*) FROM "pedidos" WHERE status IN ('recebido','produzindo','pronto') AND tenant_id = 1

2026/07/11 11:58:52 [32m/home/humberto/Aplicativos/Manager-Restaurante-main/backend/internal/handlers/handlers.go:895
[0m[33m[0.308ms] [34;1m[rows:1][0m SELECT count(*) FROM "mesas" WHERE status = 'ocupada' AND tenant_id = 1

2026/07/11 11:58:52 [32m/home/humberto/Aplicativos/Manager-Restaurante-main/backend/internal/handlers/handlers.go:903
[0m[33m[0.439ms] [34;1m[rows:1][0m SELECT COALESCE(AVG(total), 0) FROM "pedidos" WHERE (created_at >= '2026-07-10 21:00:00' AND status = 'entregue') AND tenant_id = 1

2026/07/11 11:58:52 [32m/home/humberto/Aplicativos/Manager-Restaurante-main/backend/internal/handlers/handlers.go:918
[0m[33m[0.489ms] [34;1m[rows:5][0m SELECT produto_nome, SUM(quantidade * preco_unitario) as total_vendido, SUM(quantidade) as quantidade FROM "item_pedidos" WHERE tenant_id = 1 GROUP BY "produto_nome" ORDER BY quantidade desc LIMIT 5
11:58:52 | 200 |     2.58548ms | 127.0.0.1 | GET | /api/dashboard/stats | -

2026/07/11 11:58:52 [32m/home/humberto/Aplicativos/Manager-Restaurante-main/backend/internal/handlers/handlers.go:881
[0m[33m[0.415ms] [34;1m[rows:1][0m SELECT COALESCE(SUM(total), 0) FROM "pedidos" WHERE (created_at >= '2026-07-10 21:00:00' AND status = 'entregue') AND tenant_id = 1

2026/07/11 11:58:52 [32m/home/humberto/Aplicativos/Manager-Restaurante-main/backend/internal/handlers/handlers.go:888
[0m[33m[0.259ms] [34;1m[rows:1][0m SELECT count(*) FROM "pedidos" WHERE status IN ('recebido','produzindo','pronto') AND tenant_id = 1

2026/07/11 11:58:52 [32m/home/humberto/Aplicativos/Manager-Restaurante-main/backend/internal/handlers/handlers.go:895
[0m[33m[0.197ms] [34;1m[rows:1][0m SELECT count(*) FROM "mesas" WHERE status = 'ocupada' AND tenant_id = 1

2026/07/11 11:58:52 [32m/home/humberto/Aplicativos/Manager-Restaurante-main/backend/internal/handlers/handlers.go:903
[0m[33m[0.265ms] [34;1m[rows:1][0m SELECT COALESCE(AVG(total), 0) FROM "pedidos" WHERE (created_at >= '2026-07-10 21:00:00' AND status = 'entregue') AND tenant_id = 1

2026/07/11 11:58:52 [32m/home/humberto/Aplicativos/Manager-Restaurante-main/backend/internal/handlers/handlers.go:918
[0m[33m[0.409ms] [34;1m[rows:5][0m SELECT produto_nome, SUM(quantidade * preco_unitario) as total_vendido, SUM(quantidade) as quantidade FROM "item_pedidos" WHERE tenant_id = 1 GROUP BY "produto_nome" ORDER BY quantidade desc LIMIT 5
11:58:52 | 200 |    1.829549ms | 127.0.0.1 | GET | /api/dashboard/stats | -

2026/07/11 11:58:54 [32m/home/humberto/Aplicativos/Manager-Restaurante-main/backend/internal/handlers/caixa_handlers.go:19
[0m[33m[0.727ms] [34;1m[rows:1][0m SELECT * FROM "caixa_turnos" WHERE status = 'aberto' AND tenant_id = 1 ORDER BY "caixa_turnos"."id" LIMIT 1
11:58:54 | 200 |     868.891µs | 127.0.0.1 | GET | /api/caixa/status | -

2026/07/11 11:58:54 [32m/home/humberto/Aplicativos/Manager-Restaurante-main/backend/internal/handlers/handlers.go:447
[0m[33m[1.046ms] [34;1m[rows:4][0m SELECT * FROM "categoria" WHERE tenant_id = 1 ORDER BY nome asc
11:58:54 | 200 |    1.143759ms | 127.0.0.1 | GET | /api/categories | -

2026/07/11 11:58:54 [32m/home/humberto/Aplicativos/Manager-Restaurante-main/backend/internal/handlers/handlers.go:225
[0m[33m[9.778ms] [34;1m[rows:16][0m SELECT * FROM "mesas" WHERE tenant_id = 1 ORDER BY numero asc
11:58:54 | 200 |    9.968194ms | 127.0.0.1 | GET | /api/tables | -

2026/07/11 11:58:54 [32m/home/humberto/Aplicativos/Manager-Restaurante-main/backend/internal/handlers/handlers.go:293
[0m[33m[10.395ms] [34;1m[rows:9][0m SELECT * FROM "produtos" WHERE ativo = true AND tenant_id = 1 ORDER BY nome asc
11:58:54 | 200 |   10.519275ms | 127.0.0.1 | GET | /api/products | -

2026/07/11 11:58:54 [32m/home/humberto/Aplicativos/Manager-Restaurante-main/backend/internal/handlers/handlers.go:692
[0m[33m[1.227ms] [34;1m[rows:107][0m SELECT * FROM "item_pedidos" WHERE "item_pedidos"."pedido_id" IN (83,82,81,80,79,78,77,76,75,74,73,72,71,70,69,68,67,66,65,64,63,62,61,60,59,58,57,56,55,54,53,52,51,50,49,48,47,46,45,44,43,42,41,40,39,38,37,36,35,34,33,32,31,30,29,28,27,26,25,24,23,22,21,20,19,18,17,16,15,14,13,12,11,10,9,8,7,6,5,4,3,2,1)

2026/07/11 11:58:54 [32m/home/humberto/Aplicativos/Manager-Restaurante-main/backend/internal/handlers/handlers.go:692
[0m[33m[11.902ms] [34;1m[rows:83][0m SELECT * FROM "pedidos" WHERE tenant_id = 1 ORDER BY created_at desc
11:58:54 | 200 |   12.404057ms | 127.0.0.1 | GET | /api/orders | -

2026/07/11 11:59:26 [32m/home/humberto/Aplicativos/Manager-Restaurante-main/backend/internal/handlers/handlers.go:575
[0m[33m[0.936ms] [34;1m[rows:1][0m SELECT * FROM "produtos" WHERE "produtos"."id" = 7 AND tenant_id = 1 ORDER BY "produtos"."id" LIMIT 1

2026/07/11 11:59:26 [32m/home/humberto/Aplicativos/Manager-Restaurante-main/backend/internal/handlers/handlers.go:581
[0m[33m[0.344ms] [34;1m[rows:0][0m SELECT * FROM "ficha_tecnica_items" WHERE produto_id = 7 AND tenant_id = 1

2026/07/11 11:59:26 [31;1m/home/humberto/Aplicativos/Manager-Restaurante-main/backend/internal/handlers/handlers.go:609 [35;1mrecord not found
[0m[33m[0.349ms] [34;1m[rows:0][0m SELECT * FROM "estoques" WHERE produto_id = 7 AND tenant_id = 1 ORDER BY "estoques"."id" LIMIT 1

2026/07/11 11:59:26 [32m/home/humberto/Aplicativos/Manager-Restaurante-main/backend/internal/handlers/handlers.go:657
[0m[33m[0.817ms] [34;1m[rows:1][0m INSERT INTO "item_pedidos" ("tenant_id","pedido_id","produto_id","produto_nome","quantidade","observacao","preco_unitario","status","impresso","setor_id","created_at","updated_at") VALUES (1,84,7,'Soda Sprite',2,'',7,'recebido',false,2,'2026-07-11 11:59:26.809','2026-07-11 11:59:26.809') ON CONFLICT ("id") DO UPDATE SET "pedido_id"="excluded"."pedido_id" RETURNING "id"

2026/07/11 11:59:26 [32m/home/humberto/Aplicativos/Manager-Restaurante-main/backend/internal/handlers/handlers.go:657
[0m[33m[5.002ms] [34;1m[rows:1][0m INSERT INTO "pedidos" ("tenant_id","comanda_id","mesa_id","status","origem","total","cliente_id","entregador_id","endereco_entrega","cpf_cnpj_cliente","chave_acesso_nfe","url_cupom_fiscal","created_at","updated_at") VALUES (1,NULL,NULL,'recebido','balcao',14,NULL,NULL,'','','','','2026-07-11 11:59:26.808','2026-07-11 11:59:26.808') RETURNING "id"
11:59:26 | 200 |    7.553693ms | 127.0.0.1 | POST | /api/orders | -

2026/07/11 11:59:26 [32m/home/humberto/Aplicativos/Manager-Restaurante-main/backend/internal/services/printer.go:35
[0m[33m[1.379ms] [34;1m[rows:3][0m SELECT * FROM "impressoras" WHERE tenant_id = 1

2026/07/11 11:59:27 [32m/home/humberto/Aplicativos/Manager-Restaurante-main/backend/internal/handlers/caixa_handlers.go:206
[0m[33m[0.776ms] [34;1m[rows:1][0m SELECT * FROM "pedidos" WHERE "pedidos"."id" = 84 AND tenant_id = 1 ORDER BY "pedidos"."id" LIMIT 1
11:59:26 | 400 |       59.06µs | 127.0.0.1 | GET | /api/tables/null/orders | -

2026/07/11 11:59:27 [32m/home/humberto/Aplicativos/Manager-Restaurante-main/backend/internal/handlers/handlers.go:818
[0m[33m[4.776ms] [34;1m[rows:1][0m INSERT INTO "pagamentos" ("tenant_id","pedido_id","comanda_id","metodo","valor","status","transaction_id","created_at","updated_at") VALUES (1,84,NULL,'dinheiro',14,'aprovado','TX-1783781967039088707','2026-07-11 11:59:27.039','2026-07-11 11:59:27.039') RETURNING "id"

2026/07/11 11:59:27 [32m/home/humberto/Aplicativos/Manager-Restaurante-main/backend/internal/handlers/handlers.go:825
[0m[33m[0.683ms] [34;1m[rows:1][0m SELECT * FROM "pedidos" WHERE "pedidos"."id" = 84 AND tenant_id = 1 ORDER BY "pedidos"."id" LIMIT 1
11:59:26 | 200 |    5.748026ms | 127.0.0.1 | POST | /api/payments | -

2026/07/11 11:59:27 [32m/home/humberto/Aplicativos/Manager-Restaurante-main/backend/internal/handlers/caixa_handlers.go:223
[0m[33m[4.760ms] [34;1m[rows:1][0m UPDATE "pedidos" SET "tenant_id"=1,"comanda_id"=NULL,"mesa_id"=NULL,"status"='recebido',"origem"='balcao',"total"=14,"cliente_id"=NULL,"entregador_id"=NULL,"endereco_entrega"='',"cpf_cnpj_cliente"='465494665',"chave_acesso_nfe"='3526071234567800019965001000000841122334455',"url_cupom_fiscal"='https://nfce.fazenda.sp.gov.br/consulta?chave=3526071234567800019965001000000841122334455',"created_at"='2026-07-11 11:59:26.808',"updated_at"='2026-07-11 11:59:27.04' WHERE "id" = 84
11:59:26 | 200 |    5.777239ms | 127.0.0.1 | POST | /api/fiscal/emitir | -

2026/07/11 11:59:27 [32m/home/humberto/Aplicativos/Manager-Restaurante-main/backend/internal/handlers/handlers.go:225
[0m[33m[9.437ms] [34;1m[rows:16][0m SELECT * FROM "mesas" WHERE tenant_id = 1 ORDER BY numero asc
11:59:26 | 200 |    9.611649ms | 127.0.0.1 | GET | /api/tables | -
11:59:27 | 400 |      53.577µs | 127.0.0.1 | GET | /api/tables/null/orders | -
2026/07/11 11:59:29 [PRINTER ERROR] Failed to send print job to Impressora Bar (192.168.1.101:9100): dial tcp 192.168.1.101:9100: i/o timeout. Printing content to console log for debug:

================= MOCK IMPRESSAO ESC/POS =================
PEDIDO: #84
DATA: 11/07/2026 11:59:26
----------------------------------------------------------
2x Soda Sprite                         (Setor: 2)
----------------------------------------------------------
==========================================================


2026/07/11 11:59:33 [32m/home/humberto/Aplicativos/Manager-Restaurante-main/backend/internal/handlers/handlers.go:781
[0m[33m[0.779ms] [34;1m[rows:4][0m SELECT * FROM "setors" WHERE tenant_id = 1 ORDER BY nome asc
11:59:33 | 200 |     924.948µs | 127.0.0.1 | GET | /api/setores | -

2026/07/11 11:59:33 [32m/home/humberto/Aplicativos/Manager-Restaurante-main/backend/internal/handlers/handlers.go:768
[0m[33m[1.200ms] [34;1m[rows:0][0m SELECT * FROM "pedidos" WHERE status IN ('recebido','produzindo','pronto') AND (id IN (SELECT pedido_id FROM item_pedidos WHERE setor_id = '1' OR setor_id = 0)) AND tenant_id = 1 ORDER BY created_at asc
11:59:33 | 200 |    1.309306ms | 127.0.0.1 | GET | /api/kds | -

2026/07/11 11:59:33 [32m/home/humberto/Aplicativos/Manager-Restaurante-main/backend/internal/handlers/handlers.go:768
[0m[33m[1.154ms] [34;1m[rows:0][0m SELECT * FROM "pedidos" WHERE status IN ('recebido','produzindo','pronto') AND (id IN (SELECT pedido_id FROM item_pedidos WHERE setor_id = '1' OR setor_id = 0)) AND tenant_id = 1 ORDER BY created_at asc
11:59:33 | 200 |    1.307651ms | 127.0.0.1 | GET | /api/kds | -

2026/07/11 11:59:33 [32m/home/humberto/Aplicativos/Manager-Restaurante-main/backend/internal/handlers/handlers.go:768
[0m[33m[1.635ms] [34;1m[rows:0][0m SELECT * FROM "pedidos" WHERE status IN ('recebido','produzindo','pronto') AND (id IN (SELECT pedido_id FROM item_pedidos WHERE setor_id = '1' OR setor_id = 0)) AND tenant_id = 1 ORDER BY created_at asc
11:59:33 | 200 |    1.785568ms | 127.0.0.1 | GET | /api/kds | -

2026/07/11 11:59:34 [32m/home/humberto/Aplicativos/Manager-Restaurante-main/backend/internal/handlers/handlers.go:768
[0m[33m[0.552ms] [34;1m[rows:1][0m SELECT * FROM "item_pedidos" WHERE "item_pedidos"."pedido_id" = 84

2026/07/11 11:59:34 [32m/home/humberto/Aplicativos/Manager-Restaurante-main/backend/internal/handlers/handlers.go:768
[0m[33m[1.234ms] [34;1m[rows:1][0m SELECT * FROM "pedidos" WHERE status IN ('recebido','produzindo','pronto') AND (id IN (SELECT pedido_id FROM item_pedidos WHERE setor_id = '2' OR setor_id = 0)) AND tenant_id = 1 ORDER BY created_at asc
11:59:34 | 200 |    1.338797ms | 127.0.0.1 | GET | /api/kds | -

2026/07/11 11:59:35 [32m/home/humberto/Aplicativos/Manager-Restaurante-main/backend/internal/handlers/handlers.go:716
[0m[33m[0.337ms] [34;1m[rows:1][0m SELECT * FROM "item_pedidos" WHERE "item_pedidos"."pedido_id" = 84

2026/07/11 11:59:35 [32m/home/humberto/Aplicativos/Manager-Restaurante-main/backend/internal/handlers/handlers.go:716
[0m[33m[1.168ms] [34;1m[rows:1][0m SELECT * FROM "pedidos" WHERE "pedidos"."id" = 84 AND tenant_id = 1 ORDER BY "pedidos"."id" LIMIT 1

2026/07/11 11:59:35 [32m/home/humberto/Aplicativos/Manager-Restaurante-main/backend/internal/handlers/handlers.go:724
[0m[33m[3.964ms] [34;1m[rows:1][0m UPDATE "item_pedidos" SET "status"='produzindo',"updated_at"='2026-07-11 11:59:35.593' WHERE pedido_id = 84

2026/07/11 11:59:35 [32m/home/humberto/Aplicativos/Manager-Restaurante-main/backend/internal/handlers/handlers.go:730
[0m[33m[0.634ms] [34;1m[rows:1][0m INSERT INTO "item_pedidos" ("tenant_id","pedido_id","produto_id","produto_nome","quantidade","observacao","preco_unitario","status","impresso","setor_id","created_at","updated_at","id") VALUES (1,84,7,'Soda Sprite',2,'',7,'produzindo',false,2,'2026-07-11 11:59:26.809','2026-07-11 11:59:26.809',108) ON CONFLICT ("id") DO UPDATE SET "pedido_id"="excluded"."pedido_id" RETURNING "id"

2026/07/11 11:59:35 [32m/home/humberto/Aplicativos/Manager-Restaurante-main/backend/internal/handlers/handlers.go:730
[0m[33m[2.951ms] [34;1m[rows:1][0m UPDATE "pedidos" SET "tenant_id"=1,"comanda_id"=NULL,"mesa_id"=NULL,"status"='produzindo',"origem"='balcao',"total"=14,"cliente_id"=NULL,"entregador_id"=NULL,"endereco_entrega"='',"cpf_cnpj_cliente"='465494665',"chave_acesso_nfe"='3526071234567800019965001000000841122334455',"url_cupom_fiscal"='https://nfce.fazenda.sp.gov.br/consulta?chave=3526071234567800019965001000000841122334455',"created_at"='2026-07-11 11:59:26.808',"updated_at"='2026-07-11 11:59:35.597' WHERE "id" = 84
11:59:35 | 200 |    8.764891ms | 127.0.0.1 | PUT | /api/orders/84 | -

2026/07/11 11:59:36 [32m/home/humberto/Aplicativos/Manager-Restaurante-main/backend/internal/handlers/handlers.go:716
[0m[33m[0.368ms] [34;1m[rows:1][0m SELECT * FROM "item_pedidos" WHERE "item_pedidos"."pedido_id" = 84

2026/07/11 11:59:36 [32m/home/humberto/Aplicativos/Manager-Restaurante-main/backend/internal/handlers/handlers.go:716
[0m[33m[1.349ms] [34;1m[rows:1][0m SELECT * FROM "pedidos" WHERE "pedidos"."id" = 84 AND tenant_id = 1 ORDER BY "pedidos"."id" LIMIT 1

2026/07/11 11:59:36 [32m/home/humberto/Aplicativos/Manager-Restaurante-main/backend/internal/handlers/handlers.go:724
[0m[33m[3.516ms] [34;1m[rows:1][0m UPDATE "item_pedidos" SET "status"='pronto',"updated_at"='2026-07-11 11:59:36.515' WHERE pedido_id = 84

2026/07/11 11:59:36 [32m/home/humberto/Aplicativos/Manager-Restaurante-main/backend/internal/handlers/handlers.go:730
[0m[33m[0.322ms] [34;1m[rows:1][0m INSERT INTO "item_pedidos" ("tenant_id","pedido_id","produto_id","produto_nome","quantidade","observacao","preco_unitario","status","impresso","setor_id","created_at","updated_at","id") VALUES (1,84,7,'Soda Sprite',2,'',7,'pronto',false,2,'2026-07-11 11:59:26.809','2026-07-11 11:59:35.593',108) ON CONFLICT ("id") DO UPDATE SET "pedido_id"="excluded"."pedido_id" RETURNING "id"

2026/07/11 11:59:36 [32m/home/humberto/Aplicativos/Manager-Restaurante-main/backend/internal/handlers/handlers.go:730
[0m[33m[1.895ms] [34;1m[rows:1][0m UPDATE "pedidos" SET "tenant_id"=1,"comanda_id"=NULL,"mesa_id"=NULL,"status"='pronto',"origem"='balcao',"total"=14,"cliente_id"=NULL,"entregador_id"=NULL,"endereco_entrega"='',"cpf_cnpj_cliente"='465494665',"chave_acesso_nfe"='3526071234567800019965001000000841122334455',"url_cupom_fiscal"='https://nfce.fazenda.sp.gov.br/consulta?chave=3526071234567800019965001000000841122334455',"created_at"='2026-07-11 11:59:26.808',"updated_at"='2026-07-11 11:59:36.519' WHERE "id" = 84
11:59:36 | 200 |    7.417944ms | 127.0.0.1 | PUT | /api/orders/84 | -

2026/07/11 11:59:38 [32m/home/humberto/Aplicativos/Manager-Restaurante-main/backend/internal/handlers/handlers.go:716
[0m[33m[0.300ms] [34;1m[rows:1][0m SELECT * FROM "item_pedidos" WHERE "item_pedidos"."pedido_id" = 84

2026/07/11 11:59:38 [32m/home/humberto/Aplicativos/Manager-Restaurante-main/backend/internal/handlers/handlers.go:716
[0m[33m[1.109ms] [34;1m[rows:1][0m SELECT * FROM "pedidos" WHERE "pedidos"."id" = 84 AND tenant_id = 1 ORDER BY "pedidos"."id" LIMIT 1

2026/07/11 11:59:38 [32m/home/humberto/Aplicativos/Manager-Restaurante-main/backend/internal/handlers/handlers.go:724
[0m[33m[3.911ms] [34;1m[rows:1][0m UPDATE "item_pedidos" SET "status"='despachado',"updated_at"='2026-07-11 11:59:38.167' WHERE pedido_id = 84

2026/07/11 11:59:38 [32m/home/humberto/Aplicativos/Manager-Restaurante-main/backend/internal/handlers/handlers.go:730
[0m[33m[0.522ms] [34;1m[rows:1][0m INSERT INTO "item_pedidos" ("tenant_id","pedido_id","produto_id","produto_nome","quantidade","observacao","preco_unitario","status","impresso","setor_id","created_at","updated_at","id") VALUES (1,84,7,'Soda Sprite',2,'',7,'despachado',false,2,'2026-07-11 11:59:26.809','2026-07-11 11:59:36.515',108) ON CONFLICT ("id") DO UPDATE SET "pedido_id"="excluded"."pedido_id" RETURNING "id"

2026/07/11 11:59:38 [32m/home/humberto/Aplicativos/Manager-Restaurante-main/backend/internal/handlers/handlers.go:730
[0m[33m[2.596ms] [34;1m[rows:1][0m UPDATE "pedidos" SET "tenant_id"=1,"comanda_id"=NULL,"mesa_id"=NULL,"status"='despachado',"origem"='balcao',"total"=14,"cliente_id"=NULL,"entregador_id"=NULL,"endereco_entrega"='',"cpf_cnpj_cliente"='465494665',"chave_acesso_nfe"='3526071234567800019965001000000841122334455',"url_cupom_fiscal"='https://nfce.fazenda.sp.gov.br/consulta?chave=3526071234567800019965001000000841122334455',"created_at"='2026-07-11 11:59:26.808',"updated_at"='2026-07-11 11:59:38.171' WHERE "id" = 84
11:59:37 | 200 |    8.441698ms | 127.0.0.1 | PUT | /api/orders/84 | -

2026/07/11 11:59:41 [32m/home/humberto/Aplicativos/Manager-Restaurante-main/backend/internal/handlers/handlers.go:881
[0m[33m[0.679ms] [34;1m[rows:1][0m SELECT COALESCE(SUM(total), 0) FROM "pedidos" WHERE (created_at >= '2026-07-10 21:00:00' AND status = 'entregue') AND tenant_id = 1

2026/07/11 11:59:41 [32m/home/humberto/Aplicativos/Manager-Restaurante-main/backend/internal/handlers/caixa_handlers.go:340
[0m[33m[0.992ms] [34;1m[rows:9][0m SELECT * FROM "caixa_turnos" WHERE tenant_id = 1 ORDER BY id desc LIMIT 20
11:59:40 | 200 |      1.1928ms | 127.0.0.1 | GET | /api/caixa/turnos | -

2026/07/11 11:59:41 [32m/home/humberto/Aplicativos/Manager-Restaurante-main/backend/internal/handlers/handlers.go:888
[0m[33m[0.287ms] [34;1m[rows:1][0m SELECT count(*) FROM "pedidos" WHERE status IN ('recebido','produzindo','pronto') AND tenant_id = 1

2026/07/11 11:59:41 [32m/home/humberto/Aplicativos/Manager-Restaurante-main/backend/internal/handlers/handlers.go:895
[0m[33m[0.226ms] [34;1m[rows:1][0m SELECT count(*) FROM "mesas" WHERE status = 'ocupada' AND tenant_id = 1

2026/07/11 11:59:41 [32m/home/humberto/Aplicativos/Manager-Restaurante-main/backend/internal/handlers/handlers.go:903
[0m[33m[0.255ms] [34;1m[rows:1][0m SELECT COALESCE(AVG(total), 0) FROM "pedidos" WHERE (created_at >= '2026-07-10 21:00:00' AND status = 'entregue') AND tenant_id = 1

2026/07/11 11:59:41 [32m/home/humberto/Aplicativos/Manager-Restaurante-main/backend/internal/handlers/handlers.go:918
[0m[33m[0.413ms] [34;1m[rows:5][0m SELECT produto_nome, SUM(quantidade * preco_unitario) as total_vendido, SUM(quantidade) as quantidade FROM "item_pedidos" WHERE tenant_id = 1 GROUP BY "produto_nome" ORDER BY quantidade desc LIMIT 5
11:59:40 | 200 |    2.311192ms | 127.0.0.1 | GET | /api/dashboard/stats | -

2026/07/11 11:59:41 [32m/home/humberto/Aplicativos/Manager-Restaurante-main/backend/internal/handlers/handlers.go:881
[0m[33m[0.428ms] [34;1m[rows:1][0m SELECT COALESCE(SUM(total), 0) FROM "pedidos" WHERE (created_at >= '2026-07-10 21:00:00' AND status = 'entregue') AND tenant_id = 1

2026/07/11 11:59:41 [32m/home/humberto/Aplicativos/Manager-Restaurante-main/backend/internal/handlers/handlers.go:888
[0m[33m[0.273ms] [34;1m[rows:1][0m SELECT count(*) FROM "pedidos" WHERE status IN ('recebido','produzindo','pronto') AND tenant_id = 1

2026/07/11 11:59:41 [32m/home/humberto/Aplicativos/Manager-Restaurante-main/backend/internal/handlers/handlers.go:895
[0m[33m[0.216ms] [34;1m[rows:1][0m SELECT count(*) FROM "mesas" WHERE status = 'ocupada' AND tenant_id = 1

2026/07/11 11:59:41 [32m/home/humberto/Aplicativos/Manager-Restaurante-main/backend/internal/handlers/handlers.go:903
[0m[33m[0.275ms] [34;1m[rows:1][0m SELECT COALESCE(AVG(total), 0) FROM "pedidos" WHERE (created_at >= '2026-07-10 21:00:00' AND status = 'entregue') AND tenant_id = 1

2026/07/11 11:59:41 [32m/home/humberto/Aplicativos/Manager-Restaurante-main/backend/internal/handlers/handlers.go:918
[0m[33m[0.320ms] [34;1m[rows:5][0m SELECT produto_nome, SUM(quantidade * preco_unitario) as total_vendido, SUM(quantidade) as quantidade FROM "item_pedidos" WHERE tenant_id = 1 GROUP BY "produto_nome" ORDER BY quantidade desc LIMIT 5
11:59:40 | 200 |    1.820207ms | 127.0.0.1 | GET | /api/dashboard/stats | -

2026/07/11 11:59:41 [32m/home/humberto/Aplicativos/Manager-Restaurante-main/backend/internal/handlers/handlers.go:881
[0m[33m[0.525ms] [34;1m[rows:1][0m SELECT COALESCE(SUM(total), 0) FROM "pedidos" WHERE (created_at >= '2026-07-10 21:00:00' AND status = 'entregue') AND tenant_id = 1

2026/07/11 11:59:41 [32m/home/humberto/Aplicativos/Manager-Restaurante-main/backend/internal/handlers/handlers.go:888
[0m[33m[0.343ms] [34;1m[rows:1][0m SELECT count(*) FROM "pedidos" WHERE status IN ('recebido','produzindo','pronto') AND tenant_id = 1

2026/07/11 11:59:41 [32m/home/humberto/Aplicativos/Manager-Restaurante-main/backend/internal/handlers/handlers.go:895
[0m[33m[0.219ms] [34;1m[rows:1][0m SELECT count(*) FROM "mesas" WHERE status = 'ocupada' AND tenant_id = 1

2026/07/11 11:59:41 [32m/home/humberto/Aplicativos/Manager-Restaurante-main/backend/internal/handlers/handlers.go:903
[0m[33m[0.248ms] [34;1m[rows:1][0m SELECT COALESCE(AVG(total), 0) FROM "pedidos" WHERE (created_at >= '2026-07-10 21:00:00' AND status = 'entregue') AND tenant_id = 1

2026/07/11 11:59:41 [32m/home/humberto/Aplicativos/Manager-Restaurante-main/backend/internal/handlers/handlers.go:918
[0m[33m[0.380ms] [34;1m[rows:5][0m SELECT produto_nome, SUM(quantidade * preco_unitario) as total_vendido, SUM(quantidade) as quantidade FROM "item_pedidos" WHERE tenant_id = 1 GROUP BY "produto_nome" ORDER BY quantidade desc LIMIT 5
11:59:40 | 200 |    2.093027ms | 127.0.0.1 | GET | /api/dashboard/stats | -

2026/07/11 11:59:47 [32m/home/humberto/Aplicativos/Manager-Restaurante-main/backend/internal/handlers/handlers.go:768
[0m[33m[0.518ms] [34;1m[rows:0][0m SELECT * FROM "pedidos" WHERE status IN ('recebido','produzindo','pronto') AND (id IN (SELECT pedido_id FROM item_pedidos WHERE setor_id = '2' OR setor_id = 0)) AND tenant_id = 1 ORDER BY created_at asc
11:59:47 | 200 |     658.272µs | 127.0.0.1 | GET | /api/kds | -

2026/07/11 11:59:47 [32m/home/humberto/Aplicativos/Manager-Restaurante-main/backend/internal/handlers/handlers.go:768
[0m[33m[0.404ms] [34;1m[rows:0][0m SELECT * FROM "pedidos" WHERE status IN ('recebido','produzindo','pronto') AND (id IN (SELECT pedido_id FROM item_pedidos WHERE setor_id = '2' OR setor_id = 0)) AND tenant_id = 1 ORDER BY created_at asc
11:59:47 | 200 |     534.641µs | 127.0.0.1 | GET | /api/kds | -

2026/07/11 11:59:47 [32m/home/humberto/Aplicativos/Manager-Restaurante-main/backend/internal/handlers/handlers.go:768
[0m[33m[0.400ms] [34;1m[rows:0][0m SELECT * FROM "pedidos" WHERE status IN ('recebido','produzindo','pronto') AND (id IN (SELECT pedido_id FROM item_pedidos WHERE setor_id = '2' OR setor_id = 0)) AND tenant_id = 1 ORDER BY created_at asc
11:59:47 | 200 |     531.957µs | 127.0.0.1 | GET | /api/kds | -

2026/07/11 12:00:01 [32m/home/humberto/Aplicativos/Manager-Restaurante-main/backend/internal/services/pinpad.go:375
[0m[33m[0.645ms] [34;1m[rows:1][0m SELECT * FROM "pinpads" WHERE tenant_id = 1 AND ativo = true ORDER BY "pinpads"."id" LIMIT 1
2026/07/11 12:00:01 [TEF] Processing payment via pinpad (serial:/dev/ttyACM0) amount: 13.50, method: pix
2026/07/11 12:00:01 [TEF] TEF agent unreachable, simulating approval for development
12:00:01 | 200 |     866.117µs | 127.0.0.1 | POST | /api/tef/payment | -

2026/07/11 12:00:08 [32m/home/humberto/Aplicativos/Manager-Restaurante-main/backend/internal/handlers/handlers.go:575
[0m[33m[0.693ms] [34;1m[rows:1][0m SELECT * FROM "produtos" WHERE "produtos"."id" = 7 AND tenant_id = 1 ORDER BY "produtos"."id" LIMIT 1

2026/07/11 12:00:08 [32m/home/humberto/Aplicativos/Manager-Restaurante-main/backend/internal/handlers/handlers.go:581
[0m[33m[0.370ms] [34;1m[rows:0][0m SELECT * FROM "ficha_tecnica_items" WHERE produto_id = 7 AND tenant_id = 1

2026/07/11 12:00:08 [31;1m/home/humberto/Aplicativos/Manager-Restaurante-main/backend/internal/handlers/handlers.go:609 [35;1mrecord not found
[0m[33m[0.266ms] [34;1m[rows:0][0m SELECT * FROM "estoques" WHERE produto_id = 7 AND tenant_id = 1 ORDER BY "estoques"."id" LIMIT 1

2026/07/11 12:00:08 [32m/home/humberto/Aplicativos/Manager-Restaurante-main/backend/internal/handlers/handlers.go:575
[0m[33m[0.277ms] [34;1m[rows:1][0m SELECT * FROM "produtos" WHERE "produtos"."id" = 4 AND tenant_id = 1 ORDER BY "produtos"."id" LIMIT 1

2026/07/11 12:00:08 [32m/home/humberto/Aplicativos/Manager-Restaurante-main/backend/internal/handlers/handlers.go:581
[0m[33m[0.265ms] [34;1m[rows:0][0m SELECT * FROM "ficha_tecnica_items" WHERE produto_id = 4 AND tenant_id = 1

2026/07/11 12:00:08 [32m/home/humberto/Aplicativos/Manager-Restaurante-main/backend/internal/handlers/handlers.go:609
[0m[33m[0.221ms] [34;1m[rows:1][0m SELECT * FROM "estoques" WHERE produto_id = 4 AND tenant_id = 1 ORDER BY "estoques"."id" LIMIT 1

2026/07/11 12:00:08 [32m/home/humberto/Aplicativos/Manager-Restaurante-main/backend/internal/handlers/handlers.go:614
[0m[33m[1.853ms] [34;1m[rows:1][0m UPDATE "estoques" SET "tenant_id"=1,"produto_id"=4,"quantidade"=75,"minimo"=10,"alerta"=false,"created_at"='2026-06-13 08:53:12.251',"updated_at"='2026-07-11 12:00:08.017' WHERE "id" = 4

2026/07/11 12:00:08 [32m/home/humberto/Aplicativos/Manager-Restaurante-main/backend/internal/handlers/handlers.go:616
[0m[33m[1.179ms] [34;1m[rows:1][0m INSERT INTO "movimentacao_estoques" ("tenant_id","produto_id","quantidade","tipo","motivo","usuario_id","created_at") VALUES (1,4,1,'saida','venda',1,'2026-07-11 12:00:08.019') RETURNING "id"

2026/07/11 12:00:08 [32m/home/humberto/Aplicativos/Manager-Restaurante-main/backend/internal/handlers/handlers.go:657
[0m[33m[0.511ms] [34;1m[rows:2][0m INSERT INTO "item_pedidos" ("tenant_id","pedido_id","produto_id","produto_nome","quantidade","observacao","preco_unitario","status","impresso","setor_id","created_at","updated_at") VALUES (1,85,7,'Soda Sprite',1,'',7,'recebido',false,2,'2026-07-11 12:00:08.02','2026-07-11 12:00:08.02'),(1,85,4,'Coca-Cola Lata 350ml',1,'',6.5,'recebido',false,2,'2026-07-11 12:00:08.02','2026-07-11 12:00:08.02') ON CONFLICT ("id") DO UPDATE SET "pedido_id"="excluded"."pedido_id" RETURNING "id"

2026/07/11 12:00:08 [32m/home/humberto/Aplicativos/Manager-Restaurante-main/backend/internal/handlers/handlers.go:657
[0m[33m[1.698ms] [34;1m[rows:1][0m INSERT INTO "pedidos" ("tenant_id","comanda_id","mesa_id","status","origem","total","cliente_id","entregador_id","endereco_entrega","cpf_cnpj_cliente","chave_acesso_nfe","url_cupom_fiscal","created_at","updated_at") VALUES (1,NULL,NULL,'recebido','balcao',13.5,NULL,NULL,'','','','','2026-07-11 12:00:08.02','2026-07-11 12:00:08.02') RETURNING "id"

2026/07/11 12:00:08 [32m/home/humberto/Aplicativos/Manager-Restaurante-main/backend/internal/services/printer.go:35
[0m[33m[0.346ms] [34;1m[rows:3][0m SELECT * FROM "impressoras" WHERE tenant_id = 1
12:00:07 | 200 |    7.849324ms | 127.0.0.1 | POST | /api/orders | -
12:00:07 | 400 |      56.614µs | 127.0.0.1 | GET | /api/tables/null/orders | -

2026/07/11 12:00:08 [32m/home/humberto/Aplicativos/Manager-Restaurante-main/backend/internal/handlers/caixa_handlers.go:206
[0m[33m[0.915ms] [34;1m[rows:1][0m SELECT * FROM "pedidos" WHERE "pedidos"."id" = 85 AND tenant_id = 1 ORDER BY "pedidos"."id" LIMIT 1

2026/07/11 12:00:08 [32m/home/humberto/Aplicativos/Manager-Restaurante-main/backend/internal/handlers/handlers.go:818
[0m[33m[3.814ms] [34;1m[rows:1][0m INSERT INTO "pagamentos" ("tenant_id","pedido_id","comanda_id","metodo","valor","status","transaction_id","created_at","updated_at") VALUES (1,85,NULL,'pix',13.5,'aprovado','TX-1783782008249145642','2026-07-11 12:00:08.249','2026-07-11 12:00:08.249') RETURNING "id"

2026/07/11 12:00:08 [32m/home/humberto/Aplicativos/Manager-Restaurante-main/backend/internal/handlers/handlers.go:825
[0m[33m[0.317ms] [34;1m[rows:1][0m SELECT * FROM "pedidos" WHERE "pedidos"."id" = 85 AND tenant_id = 1 ORDER BY "pedidos"."id" LIMIT 1
12:00:07 | 200 |    4.409354ms | 127.0.0.1 | POST | /api/payments | -

2026/07/11 12:00:08 [32m/home/humberto/Aplicativos/Manager-Restaurante-main/backend/internal/handlers/caixa_handlers.go:223
[0m[33m[1.921ms] [34;1m[rows:1][0m UPDATE "pedidos" SET "tenant_id"=1,"comanda_id"=NULL,"mesa_id"=NULL,"status"='recebido',"origem"='balcao',"total"=13.5,"cliente_id"=NULL,"entregador_id"=NULL,"endereco_entrega"='',"cpf_cnpj_cliente"='',"chave_acesso_nfe"='3526071234567800019965001000000851122334455',"url_cupom_fiscal"='https://nfce.fazenda.sp.gov.br/consulta?chave=3526071234567800019965001000000851122334455',"created_at"='2026-07-11 12:00:08.02',"updated_at"='2026-07-11 12:00:08.252' WHERE "id" = 85
12:00:07 | 200 |    3.151324ms | 127.0.0.1 | POST | /api/fiscal/emitir | -

2026/07/11 12:00:08 [32m/home/humberto/Aplicativos/Manager-Restaurante-main/backend/internal/handlers/handlers.go:225
[0m[33m[9.185ms] [34;1m[rows:16][0m SELECT * FROM "mesas" WHERE tenant_id = 1 ORDER BY numero asc
12:00:07 | 200 |    9.376516ms | 127.0.0.1 | GET | /api/tables | -
12:00:08 | 400 |      51.222µs | 127.0.0.1 | GET | /api/tables/null/orders | -
2026/07/11 12:00:11 [PRINTER ERROR] Failed to send print job to Impressora Bar (192.168.1.101:9100): dial tcp 192.168.1.101:9100: i/o timeout. Printing content to console log for debug:

================= MOCK IMPRESSAO ESC/POS =================
PEDIDO: #85
DATA: 11/07/2026 12:00:08
----------------------------------------------------------
1x Soda Sprite                         (Setor: 2)
1x Coca-Cola Lata 350ml                (Setor: 2)
----------------------------------------------------------
==========================================================


2026/07/11 12:00:14 [32m/home/humberto/Aplicativos/Manager-Restaurante-main/backend/internal/handlers/handlers.go:716
[0m[33m[0.357ms] [34;1m[rows:2][0m SELECT * FROM "item_pedidos" WHERE "item_pedidos"."pedido_id" = 85

2026/07/11 12:00:14 [32m/home/humberto/Aplicativos/Manager-Restaurante-main/backend/internal/handlers/handlers.go:716
[0m[33m[1.213ms] [34;1m[rows:1][0m SELECT * FROM "pedidos" WHERE "pedidos"."id" = 85 AND tenant_id = 1 ORDER BY "pedidos"."id" LIMIT 1

2026/07/11 12:00:14 [32m/home/humberto/Aplicativos/Manager-Restaurante-main/backend/internal/handlers/handlers.go:724
[0m[33m[4.041ms] [34;1m[rows:2][0m UPDATE "item_pedidos" SET "status"='produzindo',"updated_at"='2026-07-11 12:00:14.834' WHERE pedido_id = 85

2026/07/11 12:00:14 [32m/home/humberto/Aplicativos/Manager-Restaurante-main/backend/internal/handlers/handlers.go:730
[0m[33m[0.686ms] [34;1m[rows:2][0m INSERT INTO "item_pedidos" ("tenant_id","pedido_id","produto_id","produto_nome","quantidade","observacao","preco_unitario","status","impresso","setor_id","created_at","updated_at","id") VALUES (1,85,7,'Soda Sprite',1,'',7,'produzindo',false,2,'2026-07-11 12:00:08.02','2026-07-11 12:00:08.02',109),(1,85,4,'Coca-Cola Lata 350ml',1,'',6.5,'produzindo',false,2,'2026-07-11 12:00:08.02','2026-07-11 12:00:08.02',110) ON CONFLICT ("id") DO UPDATE SET "pedido_id"="excluded"."pedido_id" RETURNING "id"

2026/07/11 12:00:14 [32m/home/humberto/Aplicativos/Manager-Restaurante-main/backend/internal/handlers/handlers.go:730
[0m[33m[2.409ms] [34;1m[rows:1][0m UPDATE "pedidos" SET "tenant_id"=1,"comanda_id"=NULL,"mesa_id"=NULL,"status"='produzindo',"origem"='balcao',"total"=13.5,"cliente_id"=NULL,"entregador_id"=NULL,"endereco_entrega"='',"cpf_cnpj_cliente"='',"chave_acesso_nfe"='3526071234567800019965001000000851122334455',"url_cupom_fiscal"='https://nfce.fazenda.sp.gov.br/consulta?chave=3526071234567800019965001000000851122334455',"created_at"='2026-07-11 12:00:08.02',"updated_at"='2026-07-11 12:00:14.838' WHERE "id" = 85
12:00:14 | 200 |    8.389651ms | 127.0.0.1 | PUT | /api/orders/85 | -

2026/07/11 12:00:15 [32m/home/humberto/Aplicativos/Manager-Restaurante-main/backend/internal/handlers/handlers.go:716
[0m[33m[0.313ms] [34;1m[rows:2][0m SELECT * FROM "item_pedidos" WHERE "item_pedidos"."pedido_id" = 85

2026/07/11 12:00:15 [32m/home/humberto/Aplicativos/Manager-Restaurante-main/backend/internal/handlers/handlers.go:716
[0m[33m[0.814ms] [34;1m[rows:1][0m SELECT * FROM "pedidos" WHERE "pedidos"."id" = 85 AND tenant_id = 1 ORDER BY "pedidos"."id" LIMIT 1

2026/07/11 12:00:15 [32m/home/humberto/Aplicativos/Manager-Restaurante-main/backend/internal/handlers/handlers.go:724
[0m[33m[3.624ms] [34;1m[rows:2][0m UPDATE "item_pedidos" SET "status"='pronto',"updated_at"='2026-07-11 12:00:15.235' WHERE pedido_id = 85

2026/07/11 12:00:15 [32m/home/humberto/Aplicativos/Manager-Restaurante-main/backend/internal/handlers/handlers.go:730
[0m[33m[0.452ms] [34;1m[rows:2][0m INSERT INTO "item_pedidos" ("tenant_id","pedido_id","produto_id","produto_nome","quantidade","observacao","preco_unitario","status","impresso","setor_id","created_at","updated_at","id") VALUES (1,85,7,'Soda Sprite',1,'',7,'pronto',false,2,'2026-07-11 12:00:08.02','2026-07-11 12:00:14.834',109),(1,85,4,'Coca-Cola Lata 350ml',1,'',6.5,'pronto',false,2,'2026-07-11 12:00:08.02','2026-07-11 12:00:14.834',110) ON CONFLICT ("id") DO UPDATE SET "pedido_id"="excluded"."pedido_id" RETURNING "id"

2026/07/11 12:00:15 [32m/home/humberto/Aplicativos/Manager-Restaurante-main/backend/internal/handlers/handlers.go:730
[0m[33m[2.129ms] [34;1m[rows:1][0m UPDATE "pedidos" SET "tenant_id"=1,"comanda_id"=NULL,"mesa_id"=NULL,"status"='pronto',"origem"='balcao',"total"=13.5,"cliente_id"=NULL,"entregador_id"=NULL,"endereco_entrega"='',"cpf_cnpj_cliente"='',"chave_acesso_nfe"='3526071234567800019965001000000851122334455',"url_cupom_fiscal"='https://nfce.fazenda.sp.gov.br/consulta?chave=3526071234567800019965001000000851122334455',"created_at"='2026-07-11 12:00:08.02',"updated_at"='2026-07-11 12:00:15.238' WHERE "id" = 85
12:00:14 | 200 |    7.299859ms | 127.0.0.1 | PUT | /api/orders/85 | -

2026/07/11 12:00:15 [32m/home/humberto/Aplicativos/Manager-Restaurante-main/backend/internal/handlers/handlers.go:716
[0m[33m[0.250ms] [34;1m[rows:2][0m SELECT * FROM "item_pedidos" WHERE "item_pedidos"."pedido_id" = 85

2026/07/11 12:00:15 [32m/home/humberto/Aplicativos/Manager-Restaurante-main/backend/internal/handlers/handlers.go:716
[0m[33m[0.727ms] [34;1m[rows:1][0m SELECT * FROM "pedidos" WHERE "pedidos"."id" = 85 AND tenant_id = 1 ORDER BY "pedidos"."id" LIMIT 1

2026/07/11 12:00:15 [32m/home/humberto/Aplicativos/Manager-Restaurante-main/backend/internal/handlers/handlers.go:724
[0m[33m[2.485ms] [34;1m[rows:2][0m UPDATE "item_pedidos" SET "status"='despachado',"updated_at"='2026-07-11 12:00:15.774' WHERE pedido_id = 85

2026/07/11 12:00:15 [32m/home/humberto/Aplicativos/Manager-Restaurante-main/backend/internal/handlers/handlers.go:730
[0m[33m[0.470ms] [34;1m[rows:2][0m INSERT INTO "item_pedidos" ("tenant_id","pedido_id","produto_id","produto_nome","quantidade","observacao","preco_unitario","status","impresso","setor_id","created_at","updated_at","id") VALUES (1,85,7,'Soda Sprite',1,'',7,'despachado',false,2,'2026-07-11 12:00:08.02','2026-07-11 12:00:15.235',109),(1,85,4,'Coca-Cola Lata 350ml',1,'',6.5,'despachado',false,2,'2026-07-11 12:00:08.02','2026-07-11 12:00:15.235',110) ON CONFLICT ("id") DO UPDATE SET "pedido_id"="excluded"."pedido_id" RETURNING "id"

2026/07/11 12:00:15 [32m/home/humberto/Aplicativos/Manager-Restaurante-main/backend/internal/handlers/handlers.go:730
[0m[33m[2.367ms] [34;1m[rows:1][0m UPDATE "pedidos" SET "tenant_id"=1,"comanda_id"=NULL,"mesa_id"=NULL,"status"='despachado',"origem"='balcao',"total"=13.5,"cliente_id"=NULL,"entregador_id"=NULL,"endereco_entrega"='',"cpf_cnpj_cliente"='',"chave_acesso_nfe"='3526071234567800019965001000000851122334455',"url_cupom_fiscal"='https://nfce.fazenda.sp.gov.br/consulta?chave=3526071234567800019965001000000851122334455',"created_at"='2026-07-11 12:00:08.02',"updated_at"='2026-07-11 12:00:15.777' WHERE "id" = 85
12:00:15 | 200 |    6.464546ms | 127.0.0.1 | PUT | /api/orders/85 | -

2026/07/11 12:00:26 [32m/home/humberto/Aplicativos/Manager-Restaurante-main/backend/internal/services/pinpad.go:375
[0m[33m[1.587ms] [34;1m[rows:1][0m SELECT * FROM "pinpads" WHERE tenant_id = 1 AND ativo = true ORDER BY "pinpads"."id" LIMIT 1
2026/07/11 12:00:26 [TEF] Processing payment via pinpad (serial:/dev/ttyACM0) amount: 29.90, method: pix
2026/07/11 12:00:26 [TEF] TEF agent unreachable, simulating approval for development
12:00:26 | 200 |    1.810204ms | 127.0.0.1 | POST | /api/tef/payment | -

2026/07/11 12:00:32 [32m/home/humberto/Aplicativos/Manager-Restaurante-main/backend/internal/handlers/handlers.go:575
[0m[33m[0.768ms] [34;1m[rows:1][0m SELECT * FROM "produtos" WHERE "produtos"."id" = 4 AND tenant_id = 1 ORDER BY "produtos"."id" LIMIT 1

2026/07/11 12:00:32 [32m/home/humberto/Aplicativos/Manager-Restaurante-main/backend/internal/handlers/handlers.go:581
[0m[33m[0.283ms] [34;1m[rows:0][0m SELECT * FROM "ficha_tecnica_items" WHERE produto_id = 4 AND tenant_id = 1

2026/07/11 12:00:32 [32m/home/humberto/Aplicativos/Manager-Restaurante-main/backend/internal/handlers/handlers.go:609
[0m[33m[0.328ms] [34;1m[rows:1][0m SELECT * FROM "estoques" WHERE produto_id = 4 AND tenant_id = 1 ORDER BY "estoques"."id" LIMIT 1

2026/07/11 12:00:32 [32m/home/humberto/Aplicativos/Manager-Restaurante-main/backend/internal/handlers/handlers.go:614
[0m[33m[3.173ms] [34;1m[rows:1][0m UPDATE "estoques" SET "tenant_id"=1,"produto_id"=4,"quantidade"=73,"minimo"=10,"alerta"=false,"created_at"='2026-06-13 08:53:12.251',"updated_at"='2026-07-11 12:00:32.79' WHERE "id" = 4

2026/07/11 12:00:32 [32m/home/humberto/Aplicativos/Manager-Restaurante-main/backend/internal/handlers/handlers.go:616
[0m[33m[1.305ms] [34;1m[rows:1][0m INSERT INTO "movimentacao_estoques" ("tenant_id","produto_id","quantidade","tipo","motivo","usuario_id","created_at") VALUES (1,4,2,'saida','venda',1,'2026-07-11 12:00:32.793') RETURNING "id"

2026/07/11 12:00:32 [32m/home/humberto/Aplicativos/Manager-Restaurante-main/backend/internal/handlers/handlers.go:575
[0m[33m[0.451ms] [34;1m[rows:1][0m SELECT * FROM "produtos" WHERE "produtos"."id" = 7 AND tenant_id = 1 ORDER BY "produtos"."id" LIMIT 1

2026/07/11 12:00:32 [32m/home/humberto/Aplicativos/Manager-Restaurante-main/backend/internal/handlers/handlers.go:581
[0m[33m[0.357ms] [34;1m[rows:0][0m SELECT * FROM "ficha_tecnica_items" WHERE produto_id = 7 AND tenant_id = 1

2026/07/11 12:00:32 [31;1m/home/humberto/Aplicativos/Manager-Restaurante-main/backend/internal/handlers/handlers.go:609 [35;1mrecord not found
[0m[33m[0.357ms] [34;1m[rows:0][0m SELECT * FROM "estoques" WHERE produto_id = 7 AND tenant_id = 1 ORDER BY "estoques"."id" LIMIT 1

2026/07/11 12:00:32 [32m/home/humberto/Aplicativos/Manager-Restaurante-main/backend/internal/handlers/handlers.go:575
[0m[33m[0.295ms] [34;1m[rows:1][0m SELECT * FROM "produtos" WHERE "produtos"."id" = 5 AND tenant_id = 1 ORDER BY "produtos"."id" LIMIT 1

2026/07/11 12:00:32 [32m/home/humberto/Aplicativos/Manager-Restaurante-main/backend/internal/handlers/handlers.go:581
[0m[33m[0.184ms] [34;1m[rows:0][0m SELECT * FROM "ficha_tecnica_items" WHERE produto_id = 5 AND tenant_id = 1

2026/07/11 12:00:32 [32m/home/humberto/Aplicativos/Manager-Restaurante-main/backend/internal/handlers/handlers.go:609
[0m[33m[0.290ms] [34;1m[rows:1][0m SELECT * FROM "estoques" WHERE produto_id = 5 AND tenant_id = 1 ORDER BY "estoques"."id" LIMIT 1

2026/07/11 12:00:32 [32m/home/humberto/Aplicativos/Manager-Restaurante-main/backend/internal/handlers/handlers.go:614
[0m[33m[1.277ms] [34;1m[rows:1][0m UPDATE "estoques" SET "tenant_id"=1,"produto_id"=5,"quantidade"=83,"minimo"=10,"alerta"=false,"created_at"='2026-06-13 08:53:12.252',"updated_at"='2026-07-11 12:00:32.797' WHERE "id" = 5

2026/07/11 12:00:32 [32m/home/humberto/Aplicativos/Manager-Restaurante-main/backend/internal/handlers/handlers.go:616
[0m[33m[1.439ms] [34;1m[rows:1][0m INSERT INTO "movimentacao_estoques" ("tenant_id","produto_id","quantidade","tipo","motivo","usuario_id","created_at") VALUES (1,5,1,'saida','venda',1,'2026-07-11 12:00:32.798') RETURNING "id"

2026/07/11 12:00:32 [32m/home/humberto/Aplicativos/Manager-Restaurante-main/backend/internal/handlers/handlers.go:657
[0m[33m[0.700ms] [34;1m[rows:3][0m INSERT INTO "item_pedidos" ("tenant_id","pedido_id","produto_id","produto_nome","quantidade","observacao","preco_unitario","status","impresso","setor_id","created_at","updated_at") VALUES (1,86,4,'Coca-Cola Lata 350ml',2,'',6.5,'recebido',false,2,'2026-07-11 12:00:32.8','2026-07-11 12:00:32.8'),(1,86,7,'Soda Sprite',1,'',7,'recebido',false,2,'2026-07-11 12:00:32.8','2026-07-11 12:00:32.8'),(1,86,5,'Suco de Laranja Natural 500ml',1,'',9.9,'recebido',false,2,'2026-07-11 12:00:32.8','2026-07-11 12:00:32.8') ON CONFLICT ("id") DO UPDATE SET "pedido_id"="excluded"."pedido_id" RETURNING "id"

2026/07/11 12:00:32 [32m/home/humberto/Aplicativos/Manager-Restaurante-main/backend/internal/handlers/handlers.go:657
[0m[33m[2.101ms] [34;1m[rows:1][0m INSERT INTO "pedidos" ("tenant_id","comanda_id","mesa_id","status","origem","total","cliente_id","entregador_id","endereco_entrega","cpf_cnpj_cliente","chave_acesso_nfe","url_cupom_fiscal","created_at","updated_at") VALUES (1,NULL,NULL,'recebido','balcao',29.9,NULL,NULL,'','','','','2026-07-11 12:00:32.8','2026-07-11 12:00:32.8') RETURNING "id"
12:00:32 | 200 |   13.931973ms | 127.0.0.1 | POST | /api/orders | -

2026/07/11 12:00:32 [32m/home/humberto/Aplicativos/Manager-Restaurante-main/backend/internal/services/printer.go:35
[0m[33m[0.402ms] [34;1m[rows:3][0m SELECT * FROM "impressoras" WHERE tenant_id = 1
12:00:32 | 400 |      71.888µs | 127.0.0.1 | GET | /api/tables/null/orders | -

2026/07/11 12:00:33 [32m/home/humberto/Aplicativos/Manager-Restaurante-main/backend/internal/handlers/caixa_handlers.go:206
[0m[33m[0.849ms] [34;1m[rows:1][0m SELECT * FROM "pedidos" WHERE "pedidos"."id" = 86 AND tenant_id = 1 ORDER BY "pedidos"."id" LIMIT 1

2026/07/11 12:00:33 [32m/home/humberto/Aplicativos/Manager-Restaurante-main/backend/internal/handlers/handlers.go:818
[0m[33m[4.076ms] [34;1m[rows:1][0m INSERT INTO "pagamentos" ("tenant_id","pedido_id","comanda_id","metodo","valor","status","transaction_id","created_at","updated_at") VALUES (1,86,NULL,'pix',29.9,'aprovado','TX-1783782033008558110','2026-07-11 12:00:33.008','2026-07-11 12:00:33.009') RETURNING "id"

2026/07/11 12:00:33 [32m/home/humberto/Aplicativos/Manager-Restaurante-main/backend/internal/handlers/handlers.go:825
[0m[33m[0.402ms] [34;1m[rows:1][0m SELECT * FROM "pedidos" WHERE "pedidos"."id" = 86 AND tenant_id = 1 ORDER BY "pedidos"."id" LIMIT 1
12:00:32 | 200 |    5.003439ms | 127.0.0.1 | POST | /api/payments | -

2026/07/11 12:00:33 [32m/home/humberto/Aplicativos/Manager-Restaurante-main/backend/internal/handlers/caixa_handlers.go:223
[0m[33m[3.973ms] [34;1m[rows:1][0m UPDATE "pedidos" SET "tenant_id"=1,"comanda_id"=NULL,"mesa_id"=NULL,"status"='recebido',"origem"='balcao',"total"=29.9,"cliente_id"=NULL,"entregador_id"=NULL,"endereco_entrega"='',"cpf_cnpj_cliente"='',"chave_acesso_nfe"='3526071234567800019965001000000861122334455',"url_cupom_fiscal"='https://nfce.fazenda.sp.gov.br/consulta?chave=3526071234567800019965001000000861122334455',"created_at"='2026-07-11 12:00:32.8',"updated_at"='2026-07-11 12:00:33.009' WHERE "id" = 86
12:00:32 | 200 |    5.271864ms | 127.0.0.1 | POST | /api/fiscal/emitir | -

2026/07/11 12:00:33 [32m/home/humberto/Aplicativos/Manager-Restaurante-main/backend/internal/handlers/handlers.go:225
[0m[33m[11.094ms] [34;1m[rows:16][0m SELECT * FROM "mesas" WHERE tenant_id = 1 ORDER BY numero asc
12:00:32 | 200 |   11.390419ms | 127.0.0.1 | GET | /api/tables | -
12:00:33 | 400 |      55.075µs | 127.0.0.1 | GET | /api/tables/null/orders | -
2026/07/11 12:00:35 [PRINTER ERROR] Failed to send print job to Impressora Bar (192.168.1.101:9100): dial tcp 192.168.1.101:9100: i/o timeout. Printing content to console log for debug:

================= MOCK IMPRESSAO ESC/POS =================
PEDIDO: #86
DATA: 11/07/2026 12:00:32
----------------------------------------------------------
2x Coca-Cola Lata 350ml                (Setor: 2)
1x Soda Sprite                         (Setor: 2)
1x Suco de Laranja Natural 500ml       (Setor: 2)
----------------------------------------------------------
==========================================================


2026/07/11 12:00:45 [32m/home/humberto/Aplicativos/Manager-Restaurante-main/backend/internal/handlers/handlers.go:716
[0m[33m[0.309ms] [34;1m[rows:3][0m SELECT * FROM "item_pedidos" WHERE "item_pedidos"."pedido_id" = 86

2026/07/11 12:00:45 [32m/home/humberto/Aplicativos/Manager-Restaurante-main/backend/internal/handlers/handlers.go:716
[0m[33m[0.986ms] [34;1m[rows:1][0m SELECT * FROM "pedidos" WHERE "pedidos"."id" = 86 AND tenant_id = 1 ORDER BY "pedidos"."id" LIMIT 1

2026/07/11 12:00:45 [32m/home/humberto/Aplicativos/Manager-Restaurante-main/backend/internal/handlers/handlers.go:724
[0m[33m[3.968ms] [34;1m[rows:3][0m UPDATE "item_pedidos" SET "status"='produzindo',"updated_at"='2026-07-11 12:00:45.804' WHERE pedido_id = 86

2026/07/11 12:00:45 [32m/home/humberto/Aplicativos/Manager-Restaurante-main/backend/internal/handlers/handlers.go:730
[0m[33m[0.736ms] [34;1m[rows:3][0m INSERT INTO "item_pedidos" ("tenant_id","pedido_id","produto_id","produto_nome","quantidade","observacao","preco_unitario","status","impresso","setor_id","created_at","updated_at","id") VALUES (1,86,4,'Coca-Cola Lata 350ml',2,'',6.5,'produzindo',false,2,'2026-07-11 12:00:32.8','2026-07-11 12:00:32.8',111),(1,86,7,'Soda Sprite',1,'',7,'produzindo',false,2,'2026-07-11 12:00:32.8','2026-07-11 12:00:32.8',112),(1,86,5,'Suco de Laranja Natural 500ml',1,'',9.9,'produzindo',false,2,'2026-07-11 12:00:32.8','2026-07-11 12:00:32.8',113) ON CONFLICT ("id") DO UPDATE SET "pedido_id"="excluded"."pedido_id" RETURNING "id"

2026/07/11 12:00:45 [32m/home/humberto/Aplicativos/Manager-Restaurante-main/backend/internal/handlers/handlers.go:730
[0m[33m[2.500ms] [34;1m[rows:1][0m UPDATE "pedidos" SET "tenant_id"=1,"comanda_id"=NULL,"mesa_id"=NULL,"status"='produzindo',"origem"='balcao',"total"=29.9,"cliente_id"=NULL,"entregador_id"=NULL,"endereco_entrega"='',"cpf_cnpj_cliente"='',"chave_acesso_nfe"='3526071234567800019965001000000861122334455',"url_cupom_fiscal"='https://nfce.fazenda.sp.gov.br/consulta?chave=3526071234567800019965001000000861122334455',"created_at"='2026-07-11 12:00:32.8',"updated_at"='2026-07-11 12:00:45.808' WHERE "id" = 86
12:00:45 | 200 |     8.29471ms | 127.0.0.1 | PUT | /api/orders/86 | -

2026/07/11 12:00:48 [32m/home/humberto/Aplicativos/Manager-Restaurante-main/backend/internal/handlers/handlers.go:716
[0m[33m[0.219ms] [34;1m[rows:3][0m SELECT * FROM "item_pedidos" WHERE "item_pedidos"."pedido_id" = 86

2026/07/11 12:00:48 [32m/home/humberto/Aplicativos/Manager-Restaurante-main/backend/internal/handlers/handlers.go:716
[0m[33m[0.779ms] [34;1m[rows:1][0m SELECT * FROM "pedidos" WHERE "pedidos"."id" = 86 AND tenant_id = 1 ORDER BY "pedidos"."id" LIMIT 1

2026/07/11 12:00:48 [32m/home/humberto/Aplicativos/Manager-Restaurante-main/backend/internal/handlers/handlers.go:724
[0m[33m[3.510ms] [34;1m[rows:3][0m UPDATE "item_pedidos" SET "status"='pronto',"updated_at"='2026-07-11 12:00:48.424' WHERE pedido_id = 86

2026/07/11 12:00:48 [32m/home/humberto/Aplicativos/Manager-Restaurante-main/backend/internal/handlers/handlers.go:730
[0m[33m[0.456ms] [34;1m[rows:3][0m INSERT INTO "item_pedidos" ("tenant_id","pedido_id","produto_id","produto_nome","quantidade","observacao","preco_unitario","status","impresso","setor_id","created_at","updated_at","id") VALUES (1,86,4,'Coca-Cola Lata 350ml',2,'',6.5,'pronto',false,2,'2026-07-11 12:00:32.8','2026-07-11 12:00:45.804',111),(1,86,7,'Soda Sprite',1,'',7,'pronto',false,2,'2026-07-11 12:00:32.8','2026-07-11 12:00:45.804',112),(1,86,5,'Suco de Laranja Natural 500ml',1,'',9.9,'pronto',false,2,'2026-07-11 12:00:32.8','2026-07-11 12:00:45.804',113) ON CONFLICT ("id") DO UPDATE SET "pedido_id"="excluded"."pedido_id" RETURNING "id"

2026/07/11 12:00:48 [32m/home/humberto/Aplicativos/Manager-Restaurante-main/backend/internal/handlers/handlers.go:730
[0m[33m[1.909ms] [34;1m[rows:1][0m UPDATE "pedidos" SET "tenant_id"=1,"comanda_id"=NULL,"mesa_id"=NULL,"status"='pronto',"origem"='balcao',"total"=29.9,"cliente_id"=NULL,"entregador_id"=NULL,"endereco_entrega"='',"cpf_cnpj_cliente"='',"chave_acesso_nfe"='3526071234567800019965001000000861122334455',"url_cupom_fiscal"='https://nfce.fazenda.sp.gov.br/consulta?chave=3526071234567800019965001000000861122334455',"created_at"='2026-07-11 12:00:32.8',"updated_at"='2026-07-11 12:00:48.428' WHERE "id" = 86
12:00:47 | 200 |    6.983025ms | 127.0.0.1 | PUT | /api/orders/86 | -

2026/07/11 12:00:49 [32m/home/humberto/Aplicativos/Manager-Restaurante-main/backend/internal/handlers/handlers.go:716
[0m[33m[0.249ms] [34;1m[rows:3][0m SELECT * FROM "item_pedidos" WHERE "item_pedidos"."pedido_id" = 86

2026/07/11 12:00:49 [32m/home/humberto/Aplicativos/Manager-Restaurante-main/backend/internal/handlers/handlers.go:716
[0m[33m[0.718ms] [34;1m[rows:1][0m SELECT * FROM "pedidos" WHERE "pedidos"."id" = 86 AND tenant_id = 1 ORDER BY "pedidos"."id" LIMIT 1

2026/07/11 12:00:49 [32m/home/humberto/Aplicativos/Manager-Restaurante-main/backend/internal/handlers/handlers.go:724
[0m[33m[3.318ms] [34;1m[rows:3][0m UPDATE "item_pedidos" SET "status"='despachado',"updated_at"='2026-07-11 12:00:49.194' WHERE pedido_id = 86

2026/07/11 12:00:49 [32m/home/humberto/Aplicativos/Manager-Restaurante-main/backend/internal/handlers/handlers.go:730
[0m[33m[0.550ms] [34;1m[rows:3][0m INSERT INTO "item_pedidos" ("tenant_id","pedido_id","produto_id","produto_nome","quantidade","observacao","preco_unitario","status","impresso","setor_id","created_at","updated_at","id") VALUES (1,86,4,'Coca-Cola Lata 350ml',2,'',6.5,'despachado',false,2,'2026-07-11 12:00:32.8','2026-07-11 12:00:48.424',111),(1,86,7,'Soda Sprite',1,'',7,'despachado',false,2,'2026-07-11 12:00:32.8','2026-07-11 12:00:48.424',112),(1,86,5,'Suco de Laranja Natural 500ml',1,'',9.9,'despachado',false,2,'2026-07-11 12:00:32.8','2026-07-11 12:00:48.424',113) ON CONFLICT ("id") DO UPDATE SET "pedido_id"="excluded"."pedido_id" RETURNING "id"

2026/07/11 12:00:49 [32m/home/humberto/Aplicativos/Manager-Restaurante-main/backend/internal/handlers/handlers.go:730
[0m[33m[2.487ms] [34;1m[rows:1][0m UPDATE "pedidos" SET "tenant_id"=1,"comanda_id"=NULL,"mesa_id"=NULL,"status"='despachado',"origem"='balcao',"total"=29.9,"cliente_id"=NULL,"entregador_id"=NULL,"endereco_entrega"='',"cpf_cnpj_cliente"='',"chave_acesso_nfe"='3526071234567800019965001000000861122334455',"url_cupom_fiscal"='https://nfce.fazenda.sp.gov.br/consulta?chave=3526071234567800019965001000000861122334455',"created_at"='2026-07-11 12:00:32.8',"updated_at"='2026-07-11 12:00:49.198' WHERE "id" = 86
12:00:48 | 200 |    7.957958ms | 127.0.0.1 | PUT | /api/orders/86 | -

2026/07/11 12:00:51 [32m/home/humberto/Aplicativos/Manager-Restaurante-main/backend/internal/handlers/caixa_handlers.go:269
[0m[33m[0.742ms] [34;1m[rows:1][0m SELECT * FROM "caixa_turnos" WHERE status = 'aberto' AND tenant_id = 1 ORDER BY "caixa_turnos"."id" LIMIT 1

2026/07/11 12:00:51 [32m/home/humberto/Aplicativos/Manager-Restaurante-main/backend/internal/handlers/caixa_handlers.go:284
[0m[33m[0.387ms] [34;1m[rows:1][0m SELECT * FROM "caixa_movimentacaos" WHERE caixa_turno_id = 9

2026/07/11 12:00:51 [32m/home/humberto/Aplicativos/Manager-Restaurante-main/backend/internal/handlers/caixa_handlers.go:302
[0m[33m[0.353ms] [34;1m[rows:1][0m SELECT COALESCE(SUM(total), 0) FROM "pedidos" WHERE tenant_id = 1 AND status IN ('concluido', 'pago', 'entregue') AND updated_at >= '2026-07-11 11:47:24.201'

2026/07/11 12:00:51 [32m/home/humberto/Aplicativos/Manager-Restaurante-main/backend/internal/handlers/caixa_handlers.go:320
[0m[33m[0.400ms] [34;1m[rows:3][0m SELECT metodo, COALESCE(SUM(valor), 0) as total FROM "pagamentos" WHERE tenant_id = 1 AND status = 'aprovado' AND updated_at >= '2026-07-11 11:47:24.201' GROUP BY "metodo"
12:00:51 | 200 |    2.177678ms | 127.0.0.1 | GET | /api/caixa/relatorio/current | -

2026/07/11 12:00:56 [32m/home/humberto/Aplicativos/Manager-Restaurante-main/backend/internal/handlers/handlers.go:225
[0m[33m[0.928ms] [34;1m[rows:16][0m SELECT * FROM "mesas" WHERE tenant_id = 1 ORDER BY numero asc
12:00:56 | 200 |    1.144555ms | 127.0.0.1 | GET | /api/tables | -

2026/07/11 12:00:57 [32m/home/humberto/Aplicativos/Manager-Restaurante-main/backend/internal/handlers/handlers.go:781
[0m[33m[0.642ms] [34;1m[rows:4][0m SELECT * FROM "setors" WHERE tenant_id = 1 ORDER BY nome asc
12:00:56 | 200 |     782.584µs | 127.0.0.1 | GET | /api/setores | -

2026/07/11 12:00:57 [32m/home/humberto/Aplicativos/Manager-Restaurante-main/backend/internal/handlers/handlers.go:768
[0m[33m[0.731ms] [34;1m[rows:0][0m SELECT * FROM "pedidos" WHERE status IN ('recebido','produzindo','pronto') AND (id IN (SELECT pedido_id FROM item_pedidos WHERE setor_id = '1' OR setor_id = 0)) AND tenant_id = 1 ORDER BY created_at asc
12:00:56 | 200 |     850.909µs | 127.0.0.1 | GET | /api/kds | -

2026/07/11 12:00:57 [32m/home/humberto/Aplicativos/Manager-Restaurante-main/backend/internal/handlers/handlers.go:768
[0m[33m[0.786ms] [34;1m[rows:0][0m SELECT * FROM "pedidos" WHERE status IN ('recebido','produzindo','pronto') AND (id IN (SELECT pedido_id FROM item_pedidos WHERE setor_id = '2' OR setor_id = 0)) AND tenant_id = 1 ORDER BY created_at asc
12:00:57 | 200 |    1.002081ms | 127.0.0.1 | GET | /api/kds | -

2026/07/11 12:00:58 [32m/home/humberto/Aplicativos/Manager-Restaurante-main/backend/internal/handlers/handlers.go:768
[0m[33m[0.855ms] [34;1m[rows:0][0m SELECT * FROM "pedidos" WHERE status IN ('recebido','produzindo','pronto') AND (id IN (SELECT pedido_id FROM item_pedidos WHERE setor_id = '4' OR setor_id = 0)) AND tenant_id = 1 ORDER BY created_at asc
12:00:57 | 200 |     1.01625ms | 127.0.0.1 | GET | /api/kds | -

2026/07/11 12:00:58 [32m/home/humberto/Aplicativos/Manager-Restaurante-main/backend/internal/handlers/handlers.go:966
[0m[33m[1.116ms] [34;1m[rows:8][0m SELECT estoques.id, estoques.produto_id, produtos.nome as produto_nome, estoques.quantidade, estoques.minimo, estoques.alerta, produtos.preco as preco_unitario, produtos.tipo as produto_tipo, produtos.unidade_medida as unidade_medida FROM "estoques" join produtos on produtos.id = estoques.produto_id WHERE estoques.tenant_id = 1
12:00:58 | 200 |    1.298786ms | 127.0.0.1 | GET | /api/stock | -

2026/07/11 12:00:58 [32m/home/humberto/Aplicativos/Manager-Restaurante-main/backend/internal/handlers/handlers.go:293
[0m[33m[1.292ms] [34;1m[rows:9][0m SELECT * FROM "produtos" WHERE tenant_id = 1 ORDER BY nome asc
12:00:58 | 200 |    1.467567ms | 127.0.0.1 | GET | /api/products | -

2026/07/11 12:00:58 [32m/home/humberto/Aplicativos/Manager-Restaurante-main/backend/internal/handlers/handlers.go:447
[0m[33m[10.702ms] [34;1m[rows:4][0m SELECT * FROM "categoria" WHERE tenant_id = 1 ORDER BY nome asc
12:00:58 | 200 |   10.886944ms | 127.0.0.1 | GET | /api/categories | -

2026/07/11 12:00:59 [32m/home/humberto/Aplicativos/Manager-Restaurante-main/backend/internal/handlers/erp_handlers.go:20
[0m[33m[0.779ms] [34;1m[rows:1][0m SELECT * FROM "fornecedors" WHERE tenant_id = 1
12:00:58 | 200 |     974.008µs | 127.0.0.1 | GET | /api/fornecedores | -

2026/07/11 12:00:59 [32m/home/humberto/Aplicativos/Manager-Restaurante-main/backend/internal/handlers/handlers.go:293
[0m[33m[1.441ms] [34;1m[rows:9][0m SELECT * FROM "produtos" WHERE tenant_id = 1 ORDER BY nome asc
12:00:58 | 200 |    1.649797ms | 127.0.0.1 | GET | /api/products | -

2026/07/11 12:00:59 [32m/home/humberto/Aplicativos/Manager-Restaurante-main/backend/internal/handlers/erp_handlers.go:109
[0m[33m[0.565ms] [34;1m[rows:1][0m SELECT * FROM "fornecedors" WHERE "fornecedors"."id" = 1

2026/07/11 12:00:59 [32m
[0m[33m[0.783ms] [34;1m[rows:2][0m SELECT * FROM "produtos" WHERE "produtos"."id" IN (8,9)

2026/07/11 12:00:59 [32m/home/humberto/Aplicativos/Manager-Restaurante-main/backend/internal/handlers/erp_handlers.go:109
[0m[33m[1.572ms] [34;1m[rows:4][0m SELECT * FROM "compra_items" WHERE "compra_items"."compra_id" IN (4,3,1,2)

2026/07/11 12:00:59 [32m/home/humberto/Aplicativos/Manager-Restaurante-main/backend/internal/handlers/erp_handlers.go:109
[0m[33m[14.327ms] [34;1m[rows:4][0m SELECT * FROM "compras" WHERE tenant_id = 1 ORDER BY data_compra desc
12:00:58 | 200 |   14.460186ms | 127.0.0.1 | GET | /api/compras | -

2026/07/11 12:00:59 [32m/home/humberto/Aplicativos/Manager-Restaurante-main/backend/internal/handlers/erp_handlers.go:226
[0m[33m[0.321ms] [34;1m[rows:1][0m SELECT * FROM "fornecedors" WHERE "fornecedors"."id" = 1

2026/07/11 12:00:59 [32m/home/humberto/Aplicativos/Manager-Restaurante-main/backend/internal/handlers/erp_handlers.go:226
[0m[33m[1.289ms] [34;1m[rows:4][0m SELECT * FROM "conta_pagars" WHERE tenant_id = 1 ORDER BY data_vencimento asc
12:00:59 | 200 |    1.443539ms | 127.0.0.1 | GET | /api/contas-pagar | -

2026/07/11 12:00:59 [32m/home/humberto/Aplicativos/Manager-Restaurante-main/backend/internal/handlers/financeiro_handlers.go:22
[0m[33m[0.613ms] [34;1m[rows:7][0m SELECT * FROM "caixa_turnos" WHERE "caixa_turnos"."id" IN (9,8,7,6,5,4,3)

2026/07/11 12:00:59 [32m
[0m[33m[0.698ms] [34;1m[rows:1][0m SELECT * FROM "fornecedors" WHERE "fornecedors"."id" = 1

2026/07/11 12:00:59 [32m/home/humberto/Aplicativos/Manager-Restaurante-main/backend/internal/handlers/financeiro_handlers.go:22
[0m[33m[1.725ms] [34;1m[rows:1][0m SELECT * FROM "conta_pagars" WHERE "conta_pagars"."id" = 3

2026/07/11 12:00:59 [32m/home/humberto/Aplicativos/Manager-Restaurante-main/backend/internal/handlers/financeiro_handlers.go:22
[0m[33m[3.309ms] [34;1m[rows:10][0m SELECT * FROM "lancamento_financeiros" WHERE tenant_id = 1 ORDER BY data desc
12:00:59 | 200 |    3.474023ms | 127.0.0.1 | GET | /api/financeiro/extrato | -

2026/07/11 12:01:00 [32m/home/humberto/Aplicativos/Manager-Restaurante-main/backend/internal/handlers/handlers.go:1208
[0m[33m[1.948ms] [34;1m[rows:4][0m SELECT * FROM "usuarios" WHERE tenant_id = 1 ORDER BY nome asc
12:00:59 | 200 |    2.142625ms | 127.0.0.1 | GET | /api/users | -

2026/07/11 12:01:00 [32m/home/humberto/Aplicativos/Manager-Restaurante-main/backend/internal/handlers/handlers.go:293
[0m[33m[1.890ms] [34;1m[rows:9][0m SELECT * FROM "produtos" WHERE tenant_id = 1 ORDER BY nome asc
12:00:59 | 200 |    2.146824ms | 127.0.0.1 | GET | /api/products | -

2026/07/11 12:01:00 [32m/home/humberto/Aplicativos/Manager-Restaurante-main/backend/internal/handlers/handlers.go:781
[0m[33m[10.865ms] [34;1m[rows:4][0m SELECT * FROM "setors" WHERE tenant_id = 1 ORDER BY nome asc
12:00:59 | 200 |   10.987047ms | 127.0.0.1 | GET | /api/setores | -

2026/07/11 12:01:00 [32m/home/humberto/Aplicativos/Manager-Restaurante-main/backend/internal/handlers/handlers.go:447
[0m[33m[10.918ms] [34;1m[rows:4][0m SELECT * FROM "categoria" WHERE tenant_id = 1 ORDER BY nome asc
12:00:59 | 200 |   11.086767ms | 127.0.0.1 | GET | /api/categories | -

2026/07/11 12:01:00 [32m/home/humberto/Aplicativos/Manager-Restaurante-main/backend/internal/handlers/handlers.go:1555
[0m[33m[11.647ms] [34;1m[rows:1][0m SELECT * FROM "pinpads" WHERE tenant_id = 1 ORDER BY nome asc
12:00:59 | 200 |   11.796867ms | 127.0.0.1 | GET | /api/pinpads | -

2026/07/11 12:01:10 [32m/home/humberto/Aplicativos/Manager-Restaurante-main/backend/internal/handlers/permission_handlers.go:22
[0m[33m[2.639ms] [34;1m[rows:25][0m SELECT * FROM "role_permissions" WHERE tenant_id = 1
12:01:10 | 200 |    2.862602ms | 127.0.0.1 | GET | /api/permissoes | -

2026/07/11 12:01:19 [32m/home/humberto/Aplicativos/Manager-Restaurante-main/backend/internal/handlers/handlers.go:881
[0m[33m[0.826ms] [34;1m[rows:1][0m SELECT COALESCE(SUM(total), 0) FROM "pedidos" WHERE (created_at >= '2026-07-10 21:00:00' AND status = 'entregue') AND tenant_id = 1

2026/07/11 12:01:19 [32m/home/humberto/Aplicativos/Manager-Restaurante-main/backend/internal/handlers/caixa_handlers.go:340
[0m[33m[0.936ms] [34;1m[rows:9][0m SELECT * FROM "caixa_turnos" WHERE tenant_id = 1 ORDER BY id desc LIMIT 20
12:01:19 | 200 |    1.127064ms | 127.0.0.1 | GET | /api/caixa/turnos | -

2026/07/11 12:01:19 [32m/home/humberto/Aplicativos/Manager-Restaurante-main/backend/internal/handlers/handlers.go:888
[0m[33m[0.243ms] [34;1m[rows:1][0m SELECT count(*) FROM "pedidos" WHERE status IN ('recebido','produzindo','pronto') AND tenant_id = 1

2026/07/11 12:01:19 [32m/home/humberto/Aplicativos/Manager-Restaurante-main/backend/internal/handlers/handlers.go:895
[0m[33m[0.174ms] [34;1m[rows:1][0m SELECT count(*) FROM "mesas" WHERE status = 'ocupada' AND tenant_id = 1

2026/07/11 12:01:19 [32m/home/humberto/Aplicativos/Manager-Restaurante-main/backend/internal/handlers/handlers.go:903
[0m[33m[0.253ms] [34;1m[rows:1][0m SELECT COALESCE(AVG(total), 0) FROM "pedidos" WHERE (created_at >= '2026-07-10 21:00:00' AND status = 'entregue') AND tenant_id = 1

2026/07/11 12:01:19 [32m/home/humberto/Aplicativos/Manager-Restaurante-main/backend/internal/handlers/handlers.go:918
[0m[33m[1.290ms] [34;1m[rows:5][0m SELECT produto_nome, SUM(quantidade * preco_unitario) as total_vendido, SUM(quantidade) as quantidade FROM "item_pedidos" WHERE tenant_id = 1 GROUP BY "produto_nome" ORDER BY quantidade desc LIMIT 5
12:01:19 | 200 |    3.215928ms | 127.0.0.1 | GET | /api/dashboard/stats | -

2026/07/11 12:01:34 [32m/home/humberto/Aplicativos/Manager-Restaurante-main/backend/internal/handlers/handlers.go:881
[0m[33m[0.547ms] [34;1m[rows:1][0m SELECT COALESCE(SUM(total), 0) FROM "pedidos" WHERE (created_at >= '2026-07-10 21:00:00' AND status = 'entregue') AND tenant_id = 1

2026/07/11 12:01:34 [32m/home/humberto/Aplicativos/Manager-Restaurante-main/backend/internal/handlers/handlers.go:888
[0m[33m[0.238ms] [34;1m[rows:1][0m SELECT count(*) FROM "pedidos" WHERE status IN ('recebido','produzindo','pronto') AND tenant_id = 1

2026/07/11 12:01:34 [32m/home/humberto/Aplicativos/Manager-Restaurante-main/backend/internal/handlers/handlers.go:895
[0m[33m[0.148ms] [34;1m[rows:1][0m SELECT count(*) FROM "mesas" WHERE status = 'ocupada' AND tenant_id = 1

2026/07/11 12:01:34 [32m/home/humberto/Aplicativos/Manager-Restaurante-main/backend/internal/handlers/handlers.go:903
[0m[33m[0.182ms] [34;1m[rows:1][0m SELECT COALESCE(AVG(total), 0) FROM "pedidos" WHERE (created_at >= '2026-07-10 21:00:00' AND status = 'entregue') AND tenant_id = 1

2026/07/11 12:01:34 [32m/home/humberto/Aplicativos/Manager-Restaurante-main/backend/internal/handlers/handlers.go:918
[0m[33m[0.312ms] [34;1m[rows:5][0m SELECT produto_nome, SUM(quantidade * preco_unitario) as total_vendido, SUM(quantidade) as quantidade FROM "item_pedidos" WHERE tenant_id = 1 GROUP BY "produto_nome" ORDER BY quantidade desc LIMIT 5
12:01:34 | 200 |    1.683807ms | 127.0.0.1 | GET | /api/dashboard/stats | -

2026/07/11 13:17:49 [32m/home/humberto/Aplicativos/Manager-Restaurante-main/backend/internal/handlers/handlers.go:42
[0m[33m[1.038ms] [34;1m[rows:1][0m SELECT * FROM "usuarios" WHERE email = 'garcom@sabor.com' ORDER BY "usuarios"."id" LIMIT 1

2026/07/11 13:17:49 [32m/home/humberto/Aplicativos/Manager-Restaurante-main/backend/internal/handlers/handlers.go:53
[0m[33m[1.486ms] [34;1m[rows:1][0m SELECT * FROM "empresas" WHERE "empresas"."id" = 1 ORDER BY "empresas"."id" LIMIT 1
13:17:49 | 200 |   57.492539ms | 127.0.0.1 | POST | /api/auth/login | -
13:17:49 | 101 |      59.635µs | 127.0.0.1 | GET | /ws | -
2026/07/11 13:17:49 Client registered: User 3 for Tenant 1
13:17:49 | 101 |      54.226µs | 127.0.0.1 | GET | /ws | -
2026/07/11 13:17:49 Client registered: User 3 for Tenant 1

2026/07/11 13:17:50 [32m/home/humberto/Aplicativos/Manager-Restaurante-main/backend/internal/handlers/handlers.go:225
[0m[33m[0.660ms] [34;1m[rows:16][0m SELECT * FROM "mesas" WHERE tenant_id = 1 ORDER BY numero asc

2026/07/11 13:17:50 [32m/home/humberto/Aplicativos/Manager-Restaurante-main/backend/internal/handlers/handlers.go:447
[0m[33m[0.604ms] [34;1m[rows:4][0m SELECT * FROM "categoria" WHERE tenant_id = 1 ORDER BY nome asc
13:17:49 | 200 |     839.123µs | 127.0.0.1 | GET | /api/tables | -
13:17:49 | 200 |     747.031µs | 127.0.0.1 | GET | /api/categories | -

2026/07/11 13:17:50 [32m/home/humberto/Aplicativos/Manager-Restaurante-main/backend/internal/handlers/handlers.go:293
[0m[33m[7.123ms] [34;1m[rows:9][0m SELECT * FROM "produtos" WHERE ativo = true AND tenant_id = 1 ORDER BY nome asc
13:17:49 | 200 |    7.300344ms | 127.0.0.1 | GET | /api/products | -

2026/07/11 13:17:50 [32m/home/humberto/Aplicativos/Manager-Restaurante-main/backend/internal/handlers/caixa_handlers.go:19
[0m[33m[8.337ms] [34;1m[rows:1][0m SELECT * FROM "caixa_turnos" WHERE status = 'aberto' AND tenant_id = 1 ORDER BY "caixa_turnos"."id" LIMIT 1
13:17:49 | 200 |    8.505491ms | 127.0.0.1 | GET | /api/caixa/status | -

2026/07/11 13:17:55 [32m/home/humberto/Aplicativos/Manager-Restaurante-main/backend/internal/handlers/handlers.go:1825
[0m[33m[0.434ms] [34;1m[rows:0][0m SELECT * FROM "pedidos" WHERE (mesa_id = 1 AND status != 'entregue') AND tenant_id = 1 ORDER BY created_at desc
13:17:55 | 200 |     545.307µs | 127.0.0.1 | GET | /api/tables/1/orders | -

2026/07/11 13:18:05 [32m/home/humberto/Aplicativos/Manager-Restaurante-main/backend/internal/handlers/caixa_handlers.go:19
[0m[33m[0.451ms] [34;1m[rows:1][0m SELECT * FROM "caixa_turnos" WHERE status = 'aberto' AND tenant_id = 1 ORDER BY "caixa_turnos"."id" LIMIT 1
13:18:04 | 200 |     582.918µs | 127.0.0.1 | GET | /api/caixa/status | -

2026/07/11 13:18:10 [32m/home/humberto/Aplicativos/Manager-Restaurante-main/backend/internal/handlers/handlers.go:238
[0m[33m[0.402ms] [34;1m[rows:1][0m SELECT * FROM "mesas" WHERE "mesas"."id" = 1 AND tenant_id = 1 ORDER BY "mesas"."id" LIMIT 1

2026/07/11 13:18:10 [32m/home/humberto/Aplicativos/Manager-Restaurante-main/backend/internal/handlers/handlers.go:560
[0m[33m[0.580ms] [34;1m[rows:1][0m SELECT * FROM "mesas" WHERE "mesas"."id" = 1 AND tenant_id = 1 ORDER BY "mesas"."id" LIMIT 1

2026/07/11 13:18:10 [32m/home/humberto/Aplicativos/Manager-Restaurante-main/backend/internal/handlers/handlers.go:271
[0m[33m[3.176ms] [34;1m[rows:1][0m UPDATE "mesas" SET "tenant_id"=1,"numero"=1,"status"='ocupada',"capacidade"=4,"formato"='quadrado',"pos_x"=28,"pos_y"=29,"created_at"='2026-06-13 08:53:12.223',"updated_at"='2026-07-11 13:18:10.017' WHERE "id" = 1
13:18:09 | 200 |    4.588501ms | 127.0.0.1 | PUT | /api/tables/1 | -

2026/07/11 13:18:10 [32m/home/humberto/Aplicativos/Manager-Restaurante-main/backend/internal/handlers/handlers.go:563
[0m[33m[2.333ms] [34;1m[rows:1][0m UPDATE "mesas" SET "tenant_id"=1,"numero"=1,"status"='ocupada',"capacidade"=4,"formato"='quadrado',"pos_x"=28,"pos_y"=29,"created_at"='2026-06-13 08:53:12.223',"updated_at"='2026-07-11 13:18:10.019' WHERE "id" = 1

2026/07/11 13:18:10 [32m/home/humberto/Aplicativos/Manager-Restaurante-main/backend/internal/handlers/handlers.go:575
[0m[33m[0.402ms] [34;1m[rows:1][0m SELECT * FROM "produtos" WHERE "produtos"."id" = 7 AND tenant_id = 1 ORDER BY "produtos"."id" LIMIT 1

2026/07/11 13:18:10 [32m/home/humberto/Aplicativos/Manager-Restaurante-main/backend/internal/handlers/handlers.go:581
[0m[33m[0.305ms] [34;1m[rows:0][0m SELECT * FROM "ficha_tecnica_items" WHERE produto_id = 7 AND tenant_id = 1

2026/07/11 13:18:10 [31;1m/home/humberto/Aplicativos/Manager-Restaurante-main/backend/internal/handlers/handlers.go:609 [35;1mrecord not found
[0m[33m[0.319ms] [34;1m[rows:0][0m SELECT * FROM "estoques" WHERE produto_id = 7 AND tenant_id = 1 ORDER BY "estoques"."id" LIMIT 1

2026/07/11 13:18:10 [32m/home/humberto/Aplicativos/Manager-Restaurante-main/backend/internal/handlers/handlers.go:657
[0m[33m[0.465ms] [34;1m[rows:1][0m INSERT INTO "item_pedidos" ("tenant_id","pedido_id","produto_id","produto_nome","quantidade","observacao","preco_unitario","status","impresso","setor_id","created_at","updated_at") VALUES (1,87,7,'Soda Sprite',1,'',7,'recebido',false,2,'2026-07-11 13:18:10.024','2026-07-11 13:18:10.024') ON CONFLICT ("id") DO UPDATE SET "pedido_id"="excluded"."pedido_id" RETURNING "id"

2026/07/11 13:18:10 [32m/home/humberto/Aplicativos/Manager-Restaurante-main/backend/internal/handlers/handlers.go:657
[0m[33m[2.229ms] [34;1m[rows:1][0m INSERT INTO "pedidos" ("tenant_id","comanda_id","mesa_id","status","origem","total","cliente_id","entregador_id","endereco_entrega","cpf_cnpj_cliente","chave_acesso_nfe","url_cupom_fiscal","created_at","updated_at") VALUES (1,NULL,1,'recebido','mesa',7,NULL,NULL,'','','','','2026-07-11 13:18:10.023','2026-07-11 13:18:10.023') RETURNING "id"

2026/07/11 13:18:10 [32m/home/humberto/Aplicativos/Manager-Restaurante-main/backend/internal/services/printer.go:35
[0m[33m[0.315ms] [34;1m[rows:3][0m SELECT * FROM "impressoras" WHERE tenant_id = 1
13:18:09 | 200 |     7.10897ms | 127.0.0.1 | POST | /api/orders | -

2026/07/11 13:18:10 [32m/home/humberto/Aplicativos/Manager-Restaurante-main/backend/internal/handlers/handlers.go:225
[0m[33m[0.583ms] [34;1m[rows:16][0m SELECT * FROM "mesas" WHERE tenant_id = 1 ORDER BY numero asc
13:18:10 | 200 |     746.835µs | 127.0.0.1 | GET | /api/tables | -

2026/07/11 13:18:10 [32m/home/humberto/Aplicativos/Manager-Restaurante-main/backend/internal/handlers/handlers.go:1825
[0m[33m[0.966ms] [34;1m[rows:1][0m SELECT * FROM "item_pedidos" WHERE "item_pedidos"."pedido_id" = 87

2026/07/11 13:18:10 [32m/home/humberto/Aplicativos/Manager-Restaurante-main/backend/internal/handlers/handlers.go:1825
[0m[33m[1.406ms] [34;1m[rows:1][0m SELECT * FROM "pedidos" WHERE (mesa_id = 1 AND status != 'entregue') AND tenant_id = 1 ORDER BY created_at desc
13:18:10 | 200 |     1.47837ms | 127.0.0.1 | GET | /api/tables/1/orders | -

2026/07/11 13:18:10 [32m/home/humberto/Aplicativos/Manager-Restaurante-main/backend/internal/handlers/handlers.go:225
[0m[33m[0.406ms] [34;1m[rows:16][0m SELECT * FROM "mesas" WHERE tenant_id = 1 ORDER BY numero asc
13:18:10 | 200 |      535.71µs | 127.0.0.1 | GET | /api/tables | -
2026/07/11 13:18:13 [PRINTER ERROR] Failed to send print job to Impressora Bar (192.168.1.101:9100): dial tcp 192.168.1.101:9100: i/o timeout. Printing content to console log for debug:

================= MOCK IMPRESSAO ESC/POS =================
PEDIDO: #87
DATA: 11/07/2026 13:18:10
MESA: 1
----------------------------------------------------------
1x Soda Sprite                         (Setor: 2)
----------------------------------------------------------
==========================================================


2026/07/11 13:18:17 [32m/home/humberto/Aplicativos/Manager-Restaurante-main/backend/internal/handlers/handlers.go:238
[0m[33m[0.608ms] [34;1m[rows:1][0m SELECT * FROM "mesas" WHERE "mesas"."id" = 1 AND tenant_id = 1 ORDER BY "mesas"."id" LIMIT 1

2026/07/11 13:18:17 [32m/home/humberto/Aplicativos/Manager-Restaurante-main/backend/internal/handlers/handlers.go:560
[0m[33m[0.529ms] [34;1m[rows:1][0m SELECT * FROM "mesas" WHERE "mesas"."id" = 1 AND tenant_id = 1 ORDER BY "mesas"."id" LIMIT 1

2026/07/11 13:18:17 [32m/home/humberto/Aplicativos/Manager-Restaurante-main/backend/internal/handlers/handlers.go:575
[0m[33m[0.370ms] [34;1m[rows:1][0m SELECT * FROM "produtos" WHERE "produtos"."id" = 1 AND tenant_id = 1 ORDER BY "produtos"."id" LIMIT 1

2026/07/11 13:18:17 [32m/home/humberto/Aplicativos/Manager-Restaurante-main/backend/internal/handlers/handlers.go:581
[0m[33m[0.218ms] [34;1m[rows:0][0m SELECT * FROM "ficha_tecnica_items" WHERE produto_id = 1 AND tenant_id = 1

2026/07/11 13:18:17 [32m/home/humberto/Aplicativos/Manager-Restaurante-main/backend/internal/handlers/handlers.go:609
[0m[33m[0.247ms] [34;1m[rows:1][0m SELECT * FROM "estoques" WHERE produto_id = 1 AND tenant_id = 1 ORDER BY "estoques"."id" LIMIT 1

2026/07/11 13:18:17 [32m/home/humberto/Aplicativos/Manager-Restaurante-main/backend/internal/handlers/handlers.go:271
[0m[33m[3.447ms] [34;1m[rows:1][0m UPDATE "mesas" SET "tenant_id"=1,"numero"=1,"status"='ocupada',"capacidade"=4,"formato"='quadrado',"pos_x"=28,"pos_y"=29,"created_at"='2026-06-13 08:53:12.223',"updated_at"='2026-07-11 13:18:17.906' WHERE "id" = 1
13:18:17 | 200 |    4.477885ms | 127.0.0.1 | PUT | /api/tables/1 | -

2026/07/11 13:18:17 [32m/home/humberto/Aplicativos/Manager-Restaurante-main/backend/internal/handlers/handlers.go:614
[0m[33m[2.726ms] [34;1m[rows:1][0m UPDATE "estoques" SET "tenant_id"=1,"produto_id"=1,"quantidade"=85,"minimo"=10,"alerta"=false,"created_at"='2026-06-13 08:53:12.247',"updated_at"='2026-07-11 13:18:17.908' WHERE "id" = 1

2026/07/11 13:18:17 [32m/home/humberto/Aplicativos/Manager-Restaurante-main/backend/internal/handlers/handlers.go:616
[0m[33m[1.575ms] [34;1m[rows:1][0m INSERT INTO "movimentacao_estoques" ("tenant_id","produto_id","quantidade","tipo","motivo","usuario_id","created_at") VALUES (1,1,1,'saida','venda',3,'2026-07-11 13:18:17.91') RETURNING "id"

2026/07/11 13:18:17 [32m/home/humberto/Aplicativos/Manager-Restaurante-main/backend/internal/handlers/handlers.go:657
[0m[33m[0.376ms] [34;1m[rows:1][0m INSERT INTO "item_pedidos" ("tenant_id","pedido_id","produto_id","produto_nome","quantidade","observacao","preco_unitario","status","impresso","setor_id","created_at","updated_at") VALUES (1,88,1,'Burger Duplo Cheddar',1,'',38.9,'recebido',false,1,'2026-07-11 13:18:17.912','2026-07-11 13:18:17.912') ON CONFLICT ("id") DO UPDATE SET "pedido_id"="excluded"."pedido_id" RETURNING "id"

2026/07/11 13:18:17 [32m/home/humberto/Aplicativos/Manager-Restaurante-main/backend/internal/handlers/handlers.go:657
[0m[33m[1.722ms] [34;1m[rows:1][0m INSERT INTO "pedidos" ("tenant_id","comanda_id","mesa_id","status","origem","total","cliente_id","entregador_id","endereco_entrega","cpf_cnpj_cliente","chave_acesso_nfe","url_cupom_fiscal","created_at","updated_at") VALUES (1,NULL,1,'recebido','mesa',38.9,NULL,NULL,'','','','','2026-07-11 13:18:17.912','2026-07-11 13:18:17.912') RETURNING "id"

2026/07/11 13:18:17 [32m/home/humberto/Aplicativos/Manager-Restaurante-main/backend/internal/services/printer.go:35
[0m[33m[0.353ms] [34;1m[rows:3][0m SELECT * FROM "impressoras" WHERE tenant_id = 1
13:18:17 | 200 |    8.770654ms | 127.0.0.1 | POST | /api/orders | -

2026/07/11 13:18:18 [32m/home/humberto/Aplicativos/Manager-Restaurante-main/backend/internal/handlers/handlers.go:225
[0m[33m[0.709ms] [34;1m[rows:16][0m SELECT * FROM "mesas" WHERE tenant_id = 1 ORDER BY numero asc
13:18:17 | 200 |      943.93µs | 127.0.0.1 | GET | /api/tables | -

2026/07/11 13:18:18 [32m/home/humberto/Aplicativos/Manager-Restaurante-main/backend/internal/handlers/handlers.go:1825
[0m[33m[0.706ms] [34;1m[rows:2][0m SELECT * FROM "item_pedidos" WHERE "item_pedidos"."pedido_id" IN (88,87)

2026/07/11 13:18:18 [32m/home/humberto/Aplicativos/Manager-Restaurante-main/backend/internal/handlers/handlers.go:1825
[0m[33m[1.550ms] [34;1m[rows:2][0m SELECT * FROM "pedidos" WHERE (mesa_id = 1 AND status != 'entregue') AND tenant_id = 1 ORDER BY created_at desc
13:18:17 | 200 |    1.645718ms | 127.0.0.1 | GET | /api/tables/1/orders | -

2026/07/11 13:18:18 [32m/home/humberto/Aplicativos/Manager-Restaurante-main/backend/internal/handlers/handlers.go:225
[0m[33m[0.544ms] [34;1m[rows:16][0m SELECT * FROM "mesas" WHERE tenant_id = 1 ORDER BY numero asc
13:18:17 | 200 |      870.89µs | 127.0.0.1 | GET | /api/tables | -

2026/07/11 13:18:20 [32m/home/humberto/Aplicativos/Manager-Restaurante-main/backend/internal/handlers/caixa_handlers.go:19
[0m[33m[0.490ms] [34;1m[rows:1][0m SELECT * FROM "caixa_turnos" WHERE status = 'aberto' AND tenant_id = 1 ORDER BY "caixa_turnos"."id" LIMIT 1
13:18:19 | 200 |     611.422µs | 127.0.0.1 | GET | /api/caixa/status | -
2026/07/11 13:18:20 [PRINTER ERROR] Failed to send print job to Impressora Cozinha (192.168.1.100:9100): dial tcp 192.168.1.100:9100: i/o timeout. Printing content to console log for debug:

================= MOCK IMPRESSAO ESC/POS =================
PEDIDO: #88
DATA: 11/07/2026 13:18:17
MESA: 1
----------------------------------------------------------
1x Burger Duplo Cheddar                (Setor: 1)
----------------------------------------------------------
==========================================================


2026/07/11 13:18:35 [32m/home/humberto/Aplicativos/Manager-Restaurante-main/backend/internal/handlers/caixa_handlers.go:19
[0m[33m[0.669ms] [34;1m[rows:1][0m SELECT * FROM "caixa_turnos" WHERE status = 'aberto' AND tenant_id = 1 ORDER BY "caixa_turnos"."id" LIMIT 1
13:18:35 | 200 |     807.653µs | 127.0.0.1 | GET | /api/caixa/status | -

2026/07/11 13:18:39 [32m/home/humberto/Aplicativos/Manager-Restaurante-main/backend/internal/handlers/handlers.go:1364
[0m[33m[0.404ms] [34;1m[rows:1][0m SELECT * FROM "mesas" WHERE "mesas"."id" = 1 AND tenant_id = 1 ORDER BY "mesas"."id" LIMIT 1

2026/07/11 13:18:39 [32m/home/humberto/Aplicativos/Manager-Restaurante-main/backend/internal/handlers/handlers.go:1367
[0m[33m[0.133ms] [34;1m[rows:1][0m SELECT * FROM "mesas" WHERE "mesas"."id" = 2 AND tenant_id = 1 ORDER BY "mesas"."id" LIMIT 1

2026/07/11 13:18:39 [32m/home/humberto/Aplicativos/Manager-Restaurante-main/backend/internal/handlers/handlers.go:1372
[0m[33m[0.208ms] [34;1m[rows:2][0m SELECT * FROM "item_pedidos" WHERE "item_pedidos"."pedido_id" IN (87,88)

2026/07/11 13:18:39 [32m/home/humberto/Aplicativos/Manager-Restaurante-main/backend/internal/handlers/handlers.go:1372
[0m[33m[0.684ms] [34;1m[rows:2][0m SELECT * FROM "pedidos" WHERE (mesa_id = 1 AND status != 'entregue') AND tenant_id = 1

2026/07/11 13:18:39 [32m/home/humberto/Aplicativos/Manager-Restaurante-main/backend/internal/handlers/handlers.go:1384
[0m[33m[0.316ms] [34;1m[rows:1][0m INSERT INTO "item_pedidos" ("tenant_id","pedido_id","produto_id","produto_nome","quantidade","observacao","preco_unitario","status","impresso","setor_id","created_at","updated_at","id") VALUES (1,87,7,'Soda Sprite',1,'',7,'recebido',false,2,'2026-07-11 13:18:10.024','2026-07-11 13:18:10.024',114) ON CONFLICT ("id") DO UPDATE SET "pedido_id"="excluded"."pedido_id" RETURNING "id"

2026/07/11 13:18:39 [32m/home/humberto/Aplicativos/Manager-Restaurante-main/backend/internal/handlers/handlers.go:1384
[0m[33m[3.433ms] [34;1m[rows:1][0m UPDATE "pedidos" SET "tenant_id"=1,"comanda_id"=NULL,"mesa_id"=2,"status"='recebido',"origem"='mesa',"total"=7,"cliente_id"=NULL,"entregador_id"=NULL,"endereco_entrega"='',"cpf_cnpj_cliente"='',"chave_acesso_nfe"='',"url_cupom_fiscal"='',"created_at"='2026-07-11 13:18:10.023',"updated_at"='2026-07-11 13:18:39.008' WHERE "id" = 87

2026/07/11 13:18:39 [32m/home/humberto/Aplicativos/Manager-Restaurante-main/backend/internal/handlers/handlers.go:1384
[0m[33m[0.396ms] [34;1m[rows:1][0m INSERT INTO "item_pedidos" ("tenant_id","pedido_id","produto_id","produto_nome","quantidade","observacao","preco_unitario","status","impresso","setor_id","created_at","updated_at","id") VALUES (1,88,1,'Burger Duplo Cheddar',1,'',38.9,'recebido',false,1,'2026-07-11 13:18:17.912','2026-07-11 13:18:17.912',115) ON CONFLICT ("id") DO UPDATE SET "pedido_id"="excluded"."pedido_id" RETURNING "id"

2026/07/11 13:18:39 [32m/home/humberto/Aplicativos/Manager-Restaurante-main/backend/internal/handlers/handlers.go:1384
[0m[33m[1.628ms] [34;1m[rows:1][0m UPDATE "pedidos" SET "tenant_id"=1,"comanda_id"=NULL,"mesa_id"=2,"status"='recebido',"origem"='mesa',"total"=38.9,"cliente_id"=NULL,"entregador_id"=NULL,"endereco_entrega"='',"cpf_cnpj_cliente"='',"chave_acesso_nfe"='',"url_cupom_fiscal"='',"created_at"='2026-07-11 13:18:17.912',"updated_at"='2026-07-11 13:18:39.012' WHERE "id" = 88

2026/07/11 13:18:39 [32m/home/humberto/Aplicativos/Manager-Restaurante-main/backend/internal/handlers/handlers.go:1390
[0m[33m[1.072ms] [34;1m[rows:1][0m UPDATE "mesas" SET "tenant_id"=1,"numero"=2,"status"='ocupada',"capacidade"=4,"formato"='quadrado',"pos_x"=126,"pos_y"=30,"created_at"='2026-06-13 08:53:12.225',"updated_at"='2026-07-11 13:18:39.014' WHERE "id" = 2

2026/07/11 13:18:39 [32m/home/humberto/Aplicativos/Manager-Restaurante-main/backend/internal/handlers/handlers.go:1392
[0m[33m[0.792ms] [34;1m[rows:1][0m UPDATE "mesas" SET "tenant_id"=1,"numero"=1,"status"='livre',"capacidade"=4,"formato"='quadrado',"pos_x"=28,"pos_y"=29,"created_at"='2026-06-13 08:53:12.223',"updated_at"='2026-07-11 13:18:39.015' WHERE "id" = 1
13:18:38 | 200 |    9.540361ms | 127.0.0.1 | POST | /api/tables/transfer | -

2026/07/11 13:18:39 [32m/home/humberto/Aplicativos/Manager-Restaurante-main/backend/internal/handlers/handlers.go:1825
[0m[33m[0.472ms] [34;1m[rows:0][0m SELECT * FROM "pedidos" WHERE (mesa_id = 1 AND status != 'entregue') AND tenant_id = 1 ORDER BY created_at desc
13:18:39 | 200 |     657.295µs | 127.0.0.1 | GET | /api/tables/1/orders | -

2026/07/11 13:18:39 [32m/home/humberto/Aplicativos/Manager-Restaurante-main/backend/internal/handlers/handlers.go:225
[0m[33m[0.389ms] [34;1m[rows:16][0m SELECT * FROM "mesas" WHERE tenant_id = 1 ORDER BY numero asc
13:18:39 | 200 |     541.793µs | 127.0.0.1 | GET | /api/tables | -

2026/07/11 13:18:49 [32m/home/humberto/Aplicativos/Manager-Restaurante-main/backend/internal/handlers/handlers.go:1825
[0m[33m[0.388ms] [34;1m[rows:2][0m SELECT * FROM "item_pedidos" WHERE "item_pedidos"."pedido_id" IN (88,87)

2026/07/11 13:18:49 [32m/home/humberto/Aplicativos/Manager-Restaurante-main/backend/internal/handlers/handlers.go:1825
[0m[33m[1.388ms] [34;1m[rows:2][0m SELECT * FROM "pedidos" WHERE (mesa_id = 2 AND status != 'entregue') AND tenant_id = 1 ORDER BY created_at desc
13:18:49 | 200 |     1.67152ms | 127.0.0.1 | GET | /api/tables/2/orders | -

2026/07/11 13:18:50 [32m/home/humberto/Aplicativos/Manager-Restaurante-main/backend/internal/handlers/caixa_handlers.go:19
[0m[33m[0.746ms] [34;1m[rows:1][0m SELECT * FROM "caixa_turnos" WHERE status = 'aberto' AND tenant_id = 1 ORDER BY "caixa_turnos"."id" LIMIT 1
13:18:50 | 200 |     859.595µs | 127.0.0.1 | GET | /api/caixa/status | -

2026/07/11 13:19:08 [32m/home/humberto/Aplicativos/Manager-Restaurante-main/backend/internal/handlers/handlers.go:42
[0m[33m[0.841ms] [34;1m[rows:1][0m SELECT * FROM "usuarios" WHERE email = 'garcom@sabor.com' ORDER BY "usuarios"."id" LIMIT 1

2026/07/11 13:19:08 [32m/home/humberto/Aplicativos/Manager-Restaurante-main/backend/internal/handlers/handlers.go:53
[0m[33m[0.501ms] [34;1m[rows:1][0m SELECT * FROM "empresas" WHERE "empresas"."id" = 1 ORDER BY "empresas"."id" LIMIT 1
13:19:07 | 200 |   52.371447ms | 127.0.0.1 | POST | /api/auth/login | -

2026/07/11 13:19:08 [32m/home/humberto/Aplicativos/Manager-Restaurante-main/backend/internal/handlers/handlers.go:225
[0m[33m[0.454ms] [34;1m[rows:16][0m SELECT * FROM "mesas" WHERE tenant_id = 1 ORDER BY numero asc
13:19:08 | 200 |     633.041µs | 127.0.0.1 | GET | /api/tables | -

2026/07/11 13:19:08 [32m/home/humberto/Aplicativos/Manager-Restaurante-main/backend/internal/handlers/handlers.go:293
[0m[33m[0.710ms] [34;1m[rows:9][0m SELECT * FROM "produtos" WHERE ativo = true AND tenant_id = 1 ORDER BY nome asc
13:19:08 | 200 |     822.331µs | 127.0.0.1 | GET | /api/products | -

2026/07/11 13:19:08 [32m/home/humberto/Aplicativos/Manager-Restaurante-main/backend/internal/handlers/handlers.go:447
[0m[33m[0.370ms] [34;1m[rows:4][0m SELECT * FROM "categoria" WHERE tenant_id = 1 ORDER BY nome asc
13:19:08 | 200 |     475.548µs | 127.0.0.1 | GET | /api/categories | -

2026/07/11 13:19:08 [32m/home/humberto/Aplicativos/Manager-Restaurante-main/backend/internal/handlers/caixa_handlers.go:19
[0m[33m[0.332ms] [34;1m[rows:1][0m SELECT * FROM "caixa_turnos" WHERE status = 'aberto' AND tenant_id = 1 ORDER BY "caixa_turnos"."id" LIMIT 1
13:19:08 | 200 |     403.453µs | 127.0.0.1 | GET | /api/caixa/status | -

2026/07/11 13:19:08 [32m/home/humberto/Aplicativos/Manager-Restaurante-main/backend/internal/handlers/handlers.go:225
[0m[33m[0.519ms] [34;1m[rows:16][0m SELECT * FROM "mesas" WHERE tenant_id = 1 ORDER BY numero asc
13:19:08 | 200 |     649.668µs | 127.0.0.1 | GET | /api/tables | -

2026/07/11 13:19:08 [32m/home/humberto/Aplicativos/Manager-Restaurante-main/backend/internal/handlers/handlers.go:225
[0m[33m[0.427ms] [34;1m[rows:16][0m SELECT * FROM "mesas" WHERE tenant_id = 1 ORDER BY numero asc
13:19:08 | 200 |     578.188µs | 127.0.0.1 | GET | /api/tables | -

2026/07/11 13:19:19 [32m/home/humberto/Aplicativos/Manager-Restaurante-main/backend/internal/handlers/handlers.go:768
[0m[33m[1.000ms] [34;1m[rows:1][0m SELECT * FROM "item_pedidos" WHERE "item_pedidos"."pedido_id" = 88

2026/07/11 13:19:19 [32m/home/humberto/Aplicativos/Manager-Restaurante-main/backend/internal/handlers/handlers.go:768
[0m[33m[3.514ms] [34;1m[rows:1][0m SELECT * FROM "pedidos" WHERE status IN ('recebido','produzindo','pronto') AND (id IN (SELECT pedido_id FROM item_pedidos WHERE setor_id = '1' OR setor_id = 0)) AND tenant_id = 1 ORDER BY created_at asc
13:19:19 | 200 |    3.732178ms | 127.0.0.1 | GET | /api/kds | -

2026/07/11 13:19:21 [32m/home/humberto/Aplicativos/Manager-Restaurante-main/backend/internal/handlers/handlers.go:716
[0m[33m[0.312ms] [34;1m[rows:1][0m SELECT * FROM "item_pedidos" WHERE "item_pedidos"."pedido_id" = 88

2026/07/11 13:19:21 [32m/home/humberto/Aplicativos/Manager-Restaurante-main/backend/internal/handlers/handlers.go:716
[0m[33m[1.178ms] [34;1m[rows:1][0m SELECT * FROM "pedidos" WHERE "pedidos"."id" = 88 AND tenant_id = 1 ORDER BY "pedidos"."id" LIMIT 1

2026/07/11 13:19:21 [32m/home/humberto/Aplicativos/Manager-Restaurante-main/backend/internal/handlers/handlers.go:724
[0m[33m[3.923ms] [34;1m[rows:1][0m UPDATE "item_pedidos" SET "status"='produzindo',"updated_at"='2026-07-11 13:19:21.164' WHERE pedido_id = 88

2026/07/11 13:19:21 [32m/home/humberto/Aplicativos/Manager-Restaurante-main/backend/internal/handlers/handlers.go:730
[0m[33m[0.395ms] [34;1m[rows:1][0m INSERT INTO "item_pedidos" ("tenant_id","pedido_id","produto_id","produto_nome","quantidade","observacao","preco_unitario","status","impresso","setor_id","created_at","updated_at","id") VALUES (1,88,1,'Burger Duplo Cheddar',1,'',38.9,'produzindo',false,1,'2026-07-11 13:18:17.912','2026-07-11 13:18:17.912',115) ON CONFLICT ("id") DO UPDATE SET "pedido_id"="excluded"."pedido_id" RETURNING "id"

2026/07/11 13:19:21 [32m/home/humberto/Aplicativos/Manager-Restaurante-main/backend/internal/handlers/handlers.go:730
[0m[33m[1.757ms] [34;1m[rows:1][0m UPDATE "pedidos" SET "tenant_id"=1,"comanda_id"=NULL,"mesa_id"=2,"status"='produzindo',"origem"='mesa',"total"=38.9,"cliente_id"=NULL,"entregador_id"=NULL,"endereco_entrega"='',"cpf_cnpj_cliente"='',"chave_acesso_nfe"='',"url_cupom_fiscal"='',"created_at"='2026-07-11 13:18:17.912',"updated_at"='2026-07-11 13:19:21.167' WHERE "id" = 88
13:19:20 | 200 |    7.583022ms | 127.0.0.1 | PUT | /api/orders/88 | -

2026/07/11 13:19:23 [32m/home/humberto/Aplicativos/Manager-Restaurante-main/backend/internal/handlers/caixa_handlers.go:19
[0m[33m[0.560ms] [34;1m[rows:1][0m SELECT * FROM "caixa_turnos" WHERE status = 'aberto' AND tenant_id = 1 ORDER BY "caixa_turnos"."id" LIMIT 1
13:19:23 | 200 |     685.789µs | 127.0.0.1 | GET | /api/caixa/status | -

2026/07/11 13:19:24 [32m/home/humberto/Aplicativos/Manager-Restaurante-main/backend/internal/handlers/handlers.go:1825
[0m[33m[0.559ms] [34;1m[rows:2][0m SELECT * FROM "item_pedidos" WHERE "item_pedidos"."pedido_id" IN (88,87)

2026/07/11 13:19:24 [32m/home/humberto/Aplicativos/Manager-Restaurante-main/backend/internal/handlers/handlers.go:1825
[0m[33m[1.227ms] [34;1m[rows:2][0m SELECT * FROM "pedidos" WHERE (mesa_id = 2 AND status != 'entregue') AND tenant_id = 1 ORDER BY created_at desc
13:19:24 | 200 |    1.345881ms | 127.0.0.1 | GET | /api/tables/2/orders | -

2026/07/11 13:19:30 [32m/home/humberto/Aplicativos/Manager-Restaurante-main/backend/internal/handlers/handlers.go:768
[0m[33m[0.186ms] [34;1m[rows:1][0m SELECT * FROM "item_pedidos" WHERE "item_pedidos"."pedido_id" = 87

2026/07/11 13:19:30 [32m/home/humberto/Aplicativos/Manager-Restaurante-main/backend/internal/handlers/handlers.go:768
[0m[33m[1.062ms] [34;1m[rows:1][0m SELECT * FROM "pedidos" WHERE status IN ('recebido','produzindo','pronto') AND (id IN (SELECT pedido_id FROM item_pedidos WHERE setor_id = '2' OR setor_id = 0)) AND tenant_id = 1 ORDER BY created_at asc
13:19:30 | 200 |    1.178066ms | 127.0.0.1 | GET | /api/kds | -

2026/07/11 13:19:31 [32m/home/humberto/Aplicativos/Manager-Restaurante-main/backend/internal/handlers/handlers.go:716
[0m[33m[0.194ms] [34;1m[rows:1][0m SELECT * FROM "item_pedidos" WHERE "item_pedidos"."pedido_id" = 87

2026/07/11 13:19:31 [32m/home/humberto/Aplicativos/Manager-Restaurante-main/backend/internal/handlers/handlers.go:716
[0m[33m[0.756ms] [34;1m[rows:1][0m SELECT * FROM "pedidos" WHERE "pedidos"."id" = 87 AND tenant_id = 1 ORDER BY "pedidos"."id" LIMIT 1

2026/07/11 13:19:31 [32m/home/humberto/Aplicativos/Manager-Restaurante-main/backend/internal/handlers/handlers.go:724
[0m[33m[3.547ms] [34;1m[rows:1][0m UPDATE "item_pedidos" SET "status"='produzindo',"updated_at"='2026-07-11 13:19:31.757' WHERE pedido_id = 87

2026/07/11 13:19:31 [32m/home/humberto/Aplicativos/Manager-Restaurante-main/backend/internal/handlers/handlers.go:730
[0m[33m[0.317ms] [34;1m[rows:1][0m INSERT INTO "item_pedidos" ("tenant_id","pedido_id","produto_id","produto_nome","quantidade","observacao","preco_unitario","status","impresso","setor_id","created_at","updated_at","id") VALUES (1,87,7,'Soda Sprite',1,'',7,'produzindo',false,2,'2026-07-11 13:18:10.024','2026-07-11 13:18:10.024',114) ON CONFLICT ("id") DO UPDATE SET "pedido_id"="excluded"."pedido_id" RETURNING "id"

2026/07/11 13:19:31 [32m/home/humberto/Aplicativos/Manager-Restaurante-main/backend/internal/handlers/handlers.go:730
[0m[33m[1.859ms] [34;1m[rows:1][0m UPDATE "pedidos" SET "tenant_id"=1,"comanda_id"=NULL,"mesa_id"=2,"status"='produzindo',"origem"='mesa',"total"=7,"cliente_id"=NULL,"entregador_id"=NULL,"endereco_entrega"='',"cpf_cnpj_cliente"='',"chave_acesso_nfe"='',"url_cupom_fiscal"='',"created_at"='2026-07-11 13:18:10.023',"updated_at"='2026-07-11 13:19:31.761' WHERE "id" = 87
13:19:31 | 200 |    6.776466ms | 127.0.0.1 | PUT | /api/orders/87 | -

2026/07/11 13:19:32 [32m/home/humberto/Aplicativos/Manager-Restaurante-main/backend/internal/handlers/handlers.go:716
[0m[33m[0.172ms] [34;1m[rows:1][0m SELECT * FROM "item_pedidos" WHERE "item_pedidos"."pedido_id" = 87

2026/07/11 13:19:32 [32m/home/humberto/Aplicativos/Manager-Restaurante-main/backend/internal/handlers/handlers.go:716
[0m[33m[0.597ms] [34;1m[rows:1][0m SELECT * FROM "pedidos" WHERE "pedidos"."id" = 87 AND tenant_id = 1 ORDER BY "pedidos"."id" LIMIT 1

2026/07/11 13:19:32 [32m/home/humberto/Aplicativos/Manager-Restaurante-main/backend/internal/handlers/handlers.go:724
[0m[33m[3.278ms] [34;1m[rows:1][0m UPDATE "item_pedidos" SET "status"='pronto',"updated_at"='2026-07-11 13:19:32.435' WHERE pedido_id = 87

2026/07/11 13:19:32 [32m/home/humberto/Aplicativos/Manager-Restaurante-main/backend/internal/handlers/handlers.go:730
[0m[33m[0.378ms] [34;1m[rows:1][0m INSERT INTO "item_pedidos" ("tenant_id","pedido_id","produto_id","produto_nome","quantidade","observacao","preco_unitario","status","impresso","setor_id","created_at","updated_at","id") VALUES (1,87,7,'Soda Sprite',1,'',7,'pronto',false,2,'2026-07-11 13:18:10.024','2026-07-11 13:19:31.757',114) ON CONFLICT ("id") DO UPDATE SET "pedido_id"="excluded"."pedido_id" RETURNING "id"

2026/07/11 13:19:32 [32m/home/humberto/Aplicativos/Manager-Restaurante-main/backend/internal/handlers/handlers.go:730
[0m[33m[2.313ms] [34;1m[rows:1][0m UPDATE "pedidos" SET "tenant_id"=1,"comanda_id"=NULL,"mesa_id"=2,"status"='pronto',"origem"='mesa',"total"=7,"cliente_id"=NULL,"entregador_id"=NULL,"endereco_entrega"='',"cpf_cnpj_cliente"='',"chave_acesso_nfe"='',"url_cupom_fiscal"='',"created_at"='2026-07-11 13:18:10.023',"updated_at"='2026-07-11 13:19:32.439' WHERE "id" = 87
13:19:32 | 200 |    6.957281ms | 127.0.0.1 | PUT | /api/orders/87 | -

2026/07/11 13:19:35 [32m/home/humberto/Aplicativos/Manager-Restaurante-main/backend/internal/handlers/handlers.go:716
[0m[33m[0.276ms] [34;1m[rows:1][0m SELECT * FROM "item_pedidos" WHERE "item_pedidos"."pedido_id" = 87

2026/07/11 13:19:35 [32m/home/humberto/Aplicativos/Manager-Restaurante-main/backend/internal/handlers/handlers.go:716
[0m[33m[1.067ms] [34;1m[rows:1][0m SELECT * FROM "pedidos" WHERE "pedidos"."id" = 87 AND tenant_id = 1 ORDER BY "pedidos"."id" LIMIT 1

2026/07/11 13:19:35 [32m/home/humberto/Aplicativos/Manager-Restaurante-main/backend/internal/handlers/handlers.go:724
[0m[33m[2.256ms] [34;1m[rows:1][0m UPDATE "item_pedidos" SET "status"='despachado',"updated_at"='2026-07-11 13:19:35.13' WHERE pedido_id = 87

2026/07/11 13:19:35 [32m/home/humberto/Aplicativos/Manager-Restaurante-main/backend/internal/handlers/handlers.go:730
[0m[33m[0.316ms] [34;1m[rows:1][0m INSERT INTO "item_pedidos" ("tenant_id","pedido_id","produto_id","produto_nome","quantidade","observacao","preco_unitario","status","impresso","setor_id","created_at","updated_at","id") VALUES (1,87,7,'Soda Sprite',1,'',7,'despachado',false,2,'2026-07-11 13:18:10.024','2026-07-11 13:19:32.435',114) ON CONFLICT ("id") DO UPDATE SET "pedido_id"="excluded"."pedido_id" RETURNING "id"

2026/07/11 13:19:35 [32m/home/humberto/Aplicativos/Manager-Restaurante-main/backend/internal/handlers/handlers.go:730
[0m[33m[1.718ms] [34;1m[rows:1][0m UPDATE "pedidos" SET "tenant_id"=1,"comanda_id"=NULL,"mesa_id"=2,"status"='despachado',"origem"='mesa',"total"=7,"cliente_id"=NULL,"entregador_id"=NULL,"endereco_entrega"='',"cpf_cnpj_cliente"='',"chave_acesso_nfe"='',"url_cupom_fiscal"='',"created_at"='2026-07-11 13:18:10.023',"updated_at"='2026-07-11 13:19:35.133' WHERE "id" = 87
13:19:35 | 200 |    5.743251ms | 127.0.0.1 | PUT | /api/orders/87 | -

2026/07/11 13:19:38 [32m/home/humberto/Aplicativos/Manager-Restaurante-main/backend/internal/handlers/caixa_handlers.go:19
[0m[33m[0.631ms] [34;1m[rows:1][0m SELECT * FROM "caixa_turnos" WHERE status = 'aberto' AND tenant_id = 1 ORDER BY "caixa_turnos"."id" LIMIT 1
13:19:38 | 200 |      746.58µs | 127.0.0.1 | GET | /api/caixa/status | -

2026/07/11 13:19:44 [32m/home/humberto/Aplicativos/Manager-Restaurante-main/backend/internal/handlers/handlers.go:768
[0m[33m[0.217ms] [34;1m[rows:1][0m SELECT * FROM "item_pedidos" WHERE "item_pedidos"."pedido_id" = 88

2026/07/11 13:19:44 [32m/home/humberto/Aplicativos/Manager-Restaurante-main/backend/internal/handlers/handlers.go:768
[0m[33m[0.975ms] [34;1m[rows:1][0m SELECT * FROM "pedidos" WHERE status IN ('recebido','produzindo','pronto') AND (id IN (SELECT pedido_id FROM item_pedidos WHERE setor_id = '1' OR setor_id = 0)) AND tenant_id = 1 ORDER BY created_at asc
13:19:44 | 200 |    1.093791ms | 127.0.0.1 | GET | /api/kds | -

2026/07/11 13:19:46 [32m/home/humberto/Aplicativos/Manager-Restaurante-main/backend/internal/handlers/handlers.go:716
[0m[33m[0.159ms] [34;1m[rows:1][0m SELECT * FROM "item_pedidos" WHERE "item_pedidos"."pedido_id" = 88

2026/07/11 13:19:46 [32m/home/humberto/Aplicativos/Manager-Restaurante-main/backend/internal/handlers/handlers.go:716
[0m[33m[0.738ms] [34;1m[rows:1][0m SELECT * FROM "pedidos" WHERE "pedidos"."id" = 88 AND tenant_id = 1 ORDER BY "pedidos"."id" LIMIT 1

2026/07/11 13:19:46 [32m/home/humberto/Aplicativos/Manager-Restaurante-main/backend/internal/handlers/handlers.go:724
[0m[33m[3.070ms] [34;1m[rows:1][0m UPDATE "item_pedidos" SET "status"='pronto',"updated_at"='2026-07-11 13:19:46.121' WHERE pedido_id = 88

2026/07/11 13:19:46 [32m/home/humberto/Aplicativos/Manager-Restaurante-main/backend/internal/handlers/handlers.go:730
[0m[33m[0.382ms] [34;1m[rows:1][0m INSERT INTO "item_pedidos" ("tenant_id","pedido_id","produto_id","produto_nome","quantidade","observacao","preco_unitario","status","impresso","setor_id","created_at","updated_at","id") VALUES (1,88,1,'Burger Duplo Cheddar',1,'',38.9,'pronto',false,1,'2026-07-11 13:18:17.912','2026-07-11 13:19:21.164',115) ON CONFLICT ("id") DO UPDATE SET "pedido_id"="excluded"."pedido_id" RETURNING "id"

2026/07/11 13:19:46 [32m/home/humberto/Aplicativos/Manager-Restaurante-main/backend/internal/handlers/handlers.go:730
[0m[33m[1.880ms] [34;1m[rows:1][0m UPDATE "pedidos" SET "tenant_id"=1,"comanda_id"=NULL,"mesa_id"=2,"status"='pronto',"origem"='mesa',"total"=38.9,"cliente_id"=NULL,"entregador_id"=NULL,"endereco_entrega"='',"cpf_cnpj_cliente"='',"chave_acesso_nfe"='',"url_cupom_fiscal"='',"created_at"='2026-07-11 13:18:17.912',"updated_at"='2026-07-11 13:19:46.125' WHERE "id" = 88
13:19:46 | 200 |    6.374062ms | 127.0.0.1 | PUT | /api/orders/88 | -

2026/07/11 13:19:47 [32m/home/humberto/Aplicativos/Manager-Restaurante-main/backend/internal/handlers/handlers.go:716
[0m[33m[0.255ms] [34;1m[rows:1][0m SELECT * FROM "item_pedidos" WHERE "item_pedidos"."pedido_id" = 88

2026/07/11 13:19:47 [32m/home/humberto/Aplicativos/Manager-Restaurante-main/backend/internal/handlers/handlers.go:716
[0m[33m[0.888ms] [34;1m[rows:1][0m SELECT * FROM "pedidos" WHERE "pedidos"."id" = 88 AND tenant_id = 1 ORDER BY "pedidos"."id" LIMIT 1

2026/07/11 13:19:47 [32m/home/humberto/Aplicativos/Manager-Restaurante-main/backend/internal/handlers/handlers.go:724
[0m[33m[2.966ms] [34;1m[rows:1][0m UPDATE "item_pedidos" SET "status"='despachado',"updated_at"='2026-07-11 13:19:47.314' WHERE pedido_id = 88

2026/07/11 13:19:47 [32m/home/humberto/Aplicativos/Manager-Restaurante-main/backend/internal/handlers/handlers.go:730
[0m[33m[0.331ms] [34;1m[rows:1][0m INSERT INTO "item_pedidos" ("tenant_id","pedido_id","produto_id","produto_nome","quantidade","observacao","preco_unitario","status","impresso","setor_id","created_at","updated_at","id") VALUES (1,88,1,'Burger Duplo Cheddar',1,'',38.9,'despachado',false,1,'2026-07-11 13:18:17.912','2026-07-11 13:19:46.121',115) ON CONFLICT ("id") DO UPDATE SET "pedido_id"="excluded"."pedido_id" RETURNING "id"

2026/07/11 13:19:47 [32m/home/humberto/Aplicativos/Manager-Restaurante-main/backend/internal/handlers/handlers.go:730
[0m[33m[1.722ms] [34;1m[rows:1][0m UPDATE "pedidos" SET "tenant_id"=1,"comanda_id"=NULL,"mesa_id"=2,"status"='despachado',"origem"='mesa',"total"=38.9,"cliente_id"=NULL,"entregador_id"=NULL,"endereco_entrega"='',"cpf_cnpj_cliente"='',"chave_acesso_nfe"='',"url_cupom_fiscal"='',"created_at"='2026-07-11 13:18:17.912',"updated_at"='2026-07-11 13:19:47.317' WHERE "id" = 88
13:19:47 | 200 |     6.64381ms | 127.0.0.1 | PUT | /api/orders/88 | -

2026/07/11 13:19:53 [32m/home/humberto/Aplicativos/Manager-Restaurante-main/backend/internal/handlers/caixa_handlers.go:19
[0m[33m[0.538ms] [34;1m[rows:1][0m SELECT * FROM "caixa_turnos" WHERE status = 'aberto' AND tenant_id = 1 ORDER BY "caixa_turnos"."id" LIMIT 1
13:19:53 | 200 |     681.946µs | 127.0.0.1 | GET | /api/caixa/status | -

2026/07/11 13:19:55 [32m/home/humberto/Aplicativos/Manager-Restaurante-main/backend/internal/handlers/handlers.go:225
[0m[33m[0.554ms] [34;1m[rows:16][0m SELECT * FROM "mesas" WHERE tenant_id = 1 ORDER BY numero asc
13:19:55 | 200 |      706.67µs | 127.0.0.1 | GET | /api/tables | -

2026/07/11 13:19:55 [32m/home/humberto/Aplicativos/Manager-Restaurante-main/backend/internal/handlers/handlers.go:1825
[0m[33m[0.247ms] [34;1m[rows:2][0m SELECT * FROM "item_pedidos" WHERE "item_pedidos"."pedido_id" IN (88,87)

2026/07/11 13:19:55 [32m/home/humberto/Aplicativos/Manager-Restaurante-main/backend/internal/handlers/handlers.go:1825
[0m[33m[0.875ms] [34;1m[rows:2][0m SELECT * FROM "pedidos" WHERE (mesa_id = 2 AND status != 'entregue') AND tenant_id = 1 ORDER BY created_at desc
13:19:55 | 200 |     958.443µs | 127.0.0.1 | GET | /api/tables/2/orders | -

2026/07/11 13:20:07 [32m/home/humberto/Aplicativos/Manager-Restaurante-main/backend/internal/handlers/handlers.go:1825
[0m[33m[0.736ms] [34;1m[rows:0][0m SELECT * FROM "pedidos" WHERE (mesa_id = 6 AND status != 'entregue') AND tenant_id = 1 ORDER BY created_at desc
13:20:07 | 200 |     840.288µs | 127.0.0.1 | GET | /api/tables/6/orders | -

2026/07/11 13:20:08 [32m/home/humberto/Aplicativos/Manager-Restaurante-main/backend/internal/handlers/caixa_handlers.go:19
[0m[33m[0.847ms] [34;1m[rows:1][0m SELECT * FROM "caixa_turnos" WHERE status = 'aberto' AND tenant_id = 1 ORDER BY "caixa_turnos"."id" LIMIT 1
13:20:08 | 200 |     958.121µs | 127.0.0.1 | GET | /api/caixa/status | -

2026/07/11 13:20:11 [32m/home/humberto/Aplicativos/Manager-Restaurante-main/backend/internal/handlers/handlers.go:238
[0m[33m[0.833ms] [34;1m[rows:1][0m SELECT * FROM "mesas" WHERE "mesas"."id" = 6 AND tenant_id = 1 ORDER BY "mesas"."id" LIMIT 1

2026/07/11 13:20:11 [32m/home/humberto/Aplicativos/Manager-Restaurante-main/backend/internal/handlers/handlers.go:271
[0m[33m[3.554ms] [34;1m[rows:1][0m UPDATE "mesas" SET "tenant_id"=1,"numero"=6,"status"='ocupada',"capacidade"=2,"formato"='redondo',"pos_x"=18,"pos_y"=136,"created_at"='2026-06-13 08:53:12.23',"updated_at"='2026-07-11 13:20:11.312' WHERE "id" = 6
13:20:11 | 200 |    4.879144ms | 127.0.0.1 | PUT | /api/tables/6 | -

2026/07/11 13:20:11 [32m/home/humberto/Aplicativos/Manager-Restaurante-main/backend/internal/handlers/handlers.go:560
[0m[33m[0.436ms] [34;1m[rows:1][0m SELECT * FROM "mesas" WHERE "mesas"."id" = 6 AND tenant_id = 1 ORDER BY "mesas"."id" LIMIT 1

2026/07/11 13:20:11 [32m/home/humberto/Aplicativos/Manager-Restaurante-main/backend/internal/handlers/handlers.go:575
[0m[33m[0.230ms] [34;1m[rows:1][0m SELECT * FROM "produtos" WHERE "produtos"."id" = 4 AND tenant_id = 1 ORDER BY "produtos"."id" LIMIT 1

2026/07/11 13:20:11 [32m/home/humberto/Aplicativos/Manager-Restaurante-main/backend/internal/handlers/handlers.go:581
[0m[33m[0.203ms] [34;1m[rows:0][0m SELECT * FROM "ficha_tecnica_items" WHERE produto_id = 4 AND tenant_id = 1

2026/07/11 13:20:11 [32m/home/humberto/Aplicativos/Manager-Restaurante-main/backend/internal/handlers/handlers.go:609
[0m[33m[0.157ms] [34;1m[rows:1][0m SELECT * FROM "estoques" WHERE produto_id = 4 AND tenant_id = 1 ORDER BY "estoques"."id" LIMIT 1

2026/07/11 13:20:11 [32m/home/humberto/Aplicativos/Manager-Restaurante-main/backend/internal/handlers/handlers.go:614
[0m[33m[1.281ms] [34;1m[rows:1][0m UPDATE "estoques" SET "tenant_id"=1,"produto_id"=4,"quantidade"=72,"minimo"=10,"alerta"=false,"created_at"='2026-06-13 08:53:12.251',"updated_at"='2026-07-11 13:20:11.318' WHERE "id" = 4

2026/07/11 13:20:11 [32m/home/humberto/Aplicativos/Manager-Restaurante-main/backend/internal/handlers/handlers.go:616
[0m[33m[1.243ms] [34;1m[rows:1][0m INSERT INTO "movimentacao_estoques" ("tenant_id","produto_id","quantidade","tipo","motivo","usuario_id","created_at") VALUES (1,4,1,'saida','venda',3,'2026-07-11 13:20:11.319') RETURNING "id"

2026/07/11 13:20:11 [32m/home/humberto/Aplicativos/Manager-Restaurante-main/backend/internal/handlers/handlers.go:657
[0m[33m[0.265ms] [34;1m[rows:1][0m INSERT INTO "item_pedidos" ("tenant_id","pedido_id","produto_id","produto_nome","quantidade","observacao","preco_unitario","status","impresso","setor_id","created_at","updated_at") VALUES (1,89,4,'Coca-Cola Lata 350ml',1,'',6.5,'recebido',false,2,'2026-07-11 13:20:11.321','2026-07-11 13:20:11.321') ON CONFLICT ("id") DO UPDATE SET "pedido_id"="excluded"."pedido_id" RETURNING "id"

2026/07/11 13:20:11 [32m/home/humberto/Aplicativos/Manager-Restaurante-main/backend/internal/handlers/handlers.go:657
[0m[33m[1.612ms] [34;1m[rows:1][0m INSERT INTO "pedidos" ("tenant_id","comanda_id","mesa_id","status","origem","total","cliente_id","entregador_id","endereco_entrega","cpf_cnpj_cliente","chave_acesso_nfe","url_cupom_fiscal","created_at","updated_at") VALUES (1,NULL,6,'recebido','mesa',6.5,NULL,NULL,'','','','','2026-07-11 13:20:11.32','2026-07-11 13:20:11.32') RETURNING "id"

2026/07/11 13:20:11 [32m/home/humberto/Aplicativos/Manager-Restaurante-main/backend/internal/services/printer.go:35
[0m[33m[0.268ms] [34;1m[rows:3][0m SELECT * FROM "impressoras" WHERE tenant_id = 1
13:20:11 | 200 |    5.960381ms | 127.0.0.1 | POST | /api/orders | -

2026/07/11 13:20:11 [32m/home/humberto/Aplicativos/Manager-Restaurante-main/backend/internal/handlers/handlers.go:225
[0m[33m[0.562ms] [34;1m[rows:16][0m SELECT * FROM "mesas" WHERE tenant_id = 1 ORDER BY numero asc
13:20:11 | 200 |     769.632µs | 127.0.0.1 | GET | /api/tables | -

2026/07/11 13:20:11 [32m/home/humberto/Aplicativos/Manager-Restaurante-main/backend/internal/handlers/handlers.go:1825
[0m[33m[0.314ms] [34;1m[rows:1][0m SELECT * FROM "item_pedidos" WHERE "item_pedidos"."pedido_id" = 89

2026/07/11 13:20:11 [32m/home/humberto/Aplicativos/Manager-Restaurante-main/backend/internal/handlers/handlers.go:1825
[0m[33m[0.980ms] [34;1m[rows:1][0m SELECT * FROM "pedidos" WHERE (mesa_id = 6 AND status != 'entregue') AND tenant_id = 1 ORDER BY created_at desc
13:20:11 | 200 |    1.124954ms | 127.0.0.1 | GET | /api/tables/6/orders | -

2026/07/11 13:20:11 [32m/home/humberto/Aplicativos/Manager-Restaurante-main/backend/internal/handlers/handlers.go:225
[0m[33m[0.408ms] [34;1m[rows:16][0m SELECT * FROM "mesas" WHERE tenant_id = 1 ORDER BY numero asc
13:20:11 | 200 |     544.032µs | 127.0.0.1 | GET | /api/tables | -
2026/07/11 13:20:14 [PRINTER ERROR] Failed to send print job to Impressora Bar (192.168.1.101:9100): dial tcp 192.168.1.101:9100: i/o timeout. Printing content to console log for debug:

================= MOCK IMPRESSAO ESC/POS =================
PEDIDO: #89
DATA: 11/07/2026 13:20:11
MESA: 6
----------------------------------------------------------
1x Coca-Cola Lata 350ml                (Setor: 2)
----------------------------------------------------------
==========================================================


2026/07/11 13:20:16 [32m/home/humberto/Aplicativos/Manager-Restaurante-main/backend/internal/handlers/handlers.go:238
[0m[33m[0.449ms] [34;1m[rows:1][0m SELECT * FROM "mesas" WHERE "mesas"."id" = 6 AND tenant_id = 1 ORDER BY "mesas"."id" LIMIT 1

2026/07/11 13:20:16 [32m/home/humberto/Aplicativos/Manager-Restaurante-main/backend/internal/handlers/handlers.go:560
[0m[33m[0.511ms] [34;1m[rows:1][0m SELECT * FROM "mesas" WHERE "mesas"."id" = 6 AND tenant_id = 1 ORDER BY "mesas"."id" LIMIT 1

2026/07/11 13:20:16 [32m/home/humberto/Aplicativos/Manager-Restaurante-main/backend/internal/handlers/handlers.go:575
[0m[33m[0.394ms] [34;1m[rows:1][0m SELECT * FROM "produtos" WHERE "produtos"."id" = 1 AND tenant_id = 1 ORDER BY "produtos"."id" LIMIT 1

2026/07/11 13:20:16 [32m/home/humberto/Aplicativos/Manager-Restaurante-main/backend/internal/handlers/handlers.go:581
[0m[33m[0.259ms] [34;1m[rows:0][0m SELECT * FROM "ficha_tecnica_items" WHERE produto_id = 1 AND tenant_id = 1

2026/07/11 13:20:16 [32m/home/humberto/Aplicativos/Manager-Restaurante-main/backend/internal/handlers/handlers.go:609
[0m[33m[0.254ms] [34;1m[rows:1][0m SELECT * FROM "estoques" WHERE produto_id = 1 AND tenant_id = 1 ORDER BY "estoques"."id" LIMIT 1

2026/07/11 13:20:16 [32m/home/humberto/Aplicativos/Manager-Restaurante-main/backend/internal/handlers/handlers.go:271
[0m[33m[3.622ms] [34;1m[rows:1][0m UPDATE "mesas" SET "tenant_id"=1,"numero"=6,"status"='ocupada',"capacidade"=2,"formato"='redondo',"pos_x"=18,"pos_y"=136,"created_at"='2026-06-13 08:53:12.23',"updated_at"='2026-07-11 13:20:16.614' WHERE "id" = 6
13:20:16 | 200 |    4.462981ms | 127.0.0.1 | PUT | /api/tables/6 | -

2026/07/11 13:20:16 [32m/home/humberto/Aplicativos/Manager-Restaurante-main/backend/internal/handlers/handlers.go:614
[0m[33m[3.629ms] [34;1m[rows:1][0m UPDATE "estoques" SET "tenant_id"=1,"produto_id"=1,"quantidade"=84,"minimo"=10,"alerta"=false,"created_at"='2026-06-13 08:53:12.247',"updated_at"='2026-07-11 13:20:16.615' WHERE "id" = 1

2026/07/11 13:20:16 [32m/home/humberto/Aplicativos/Manager-Restaurante-main/backend/internal/handlers/handlers.go:616
[0m[33m[1.637ms] [34;1m[rows:1][0m INSERT INTO "movimentacao_estoques" ("tenant_id","produto_id","quantidade","tipo","motivo","usuario_id","created_at") VALUES (1,1,1,'saida','venda',3,'2026-07-11 13:20:16.619') RETURNING "id"

2026/07/11 13:20:16 [32m/home/humberto/Aplicativos/Manager-Restaurante-main/backend/internal/handlers/handlers.go:657
[0m[33m[0.322ms] [34;1m[rows:1][0m INSERT INTO "item_pedidos" ("tenant_id","pedido_id","produto_id","produto_nome","quantidade","observacao","preco_unitario","status","impresso","setor_id","created_at","updated_at") VALUES (1,90,1,'Burger Duplo Cheddar',1,'',38.9,'recebido',false,1,'2026-07-11 13:20:16.621','2026-07-11 13:20:16.621') ON CONFLICT ("id") DO UPDATE SET "pedido_id"="excluded"."pedido_id" RETURNING "id"

2026/07/11 13:20:16 [32m/home/humberto/Aplicativos/Manager-Restaurante-main/backend/internal/handlers/handlers.go:657
[0m[33m[1.776ms] [34;1m[rows:1][0m INSERT INTO "pedidos" ("tenant_id","comanda_id","mesa_id","status","origem","total","cliente_id","entregador_id","endereco_entrega","cpf_cnpj_cliente","chave_acesso_nfe","url_cupom_fiscal","created_at","updated_at") VALUES (1,NULL,6,'recebido','mesa',38.9,NULL,NULL,'','','','','2026-07-11 13:20:16.62','2026-07-11 13:20:16.62') RETURNING "id"
13:20:16 | 200 |    9.206637ms | 127.0.0.1 | POST | /api/orders | -

2026/07/11 13:20:16 [32m/home/humberto/Aplicativos/Manager-Restaurante-main/backend/internal/services/printer.go:35
[0m[33m[0.332ms] [34;1m[rows:3][0m SELECT * FROM "impressoras" WHERE tenant_id = 1

2026/07/11 13:20:17 [32m/home/humberto/Aplicativos/Manager-Restaurante-main/backend/internal/handlers/handlers.go:225
[0m[33m[0.858ms] [34;1m[rows:16][0m SELECT * FROM "mesas" WHERE tenant_id = 1 ORDER BY numero asc
13:20:16 | 200 |    1.001788ms | 127.0.0.1 | GET | /api/tables | -

2026/07/11 13:20:17 [32m/home/humberto/Aplicativos/Manager-Restaurante-main/backend/internal/handlers/handlers.go:1825
[0m[33m[0.543ms] [34;1m[rows:2][0m SELECT * FROM "item_pedidos" WHERE "item_pedidos"."pedido_id" IN (90,89)

2026/07/11 13:20:17 [32m/home/humberto/Aplicativos/Manager-Restaurante-main/backend/internal/handlers/handlers.go:1825
[0m[33m[1.376ms] [34;1m[rows:2][0m SELECT * FROM "pedidos" WHERE (mesa_id = 6 AND status != 'entregue') AND tenant_id = 1 ORDER BY created_at desc
13:20:16 | 200 |    1.460347ms | 127.0.0.1 | GET | /api/tables/6/orders | -

2026/07/11 13:20:17 [32m/home/humberto/Aplicativos/Manager-Restaurante-main/backend/internal/handlers/handlers.go:225
[0m[33m[0.505ms] [34;1m[rows:16][0m SELECT * FROM "mesas" WHERE tenant_id = 1 ORDER BY numero asc
13:20:16 | 200 |     660.107µs | 127.0.0.1 | GET | /api/tables | -
2026/07/11 13:20:19 [PRINTER ERROR] Failed to send print job to Impressora Cozinha (192.168.1.100:9100): dial tcp 192.168.1.100:9100: i/o timeout. Printing content to console log for debug:

================= MOCK IMPRESSAO ESC/POS =================
PEDIDO: #90
DATA: 11/07/2026 13:20:16
MESA: 6
----------------------------------------------------------
1x Burger Duplo Cheddar                (Setor: 1)
----------------------------------------------------------
==========================================================


2026/07/11 13:20:23 [32m/home/humberto/Aplicativos/Manager-Restaurante-main/backend/internal/handlers/handlers.go:1825
[0m[33m[0.620ms] [34;1m[rows:0][0m SELECT * FROM "pedidos" WHERE (mesa_id = 5 AND status != 'entregue') AND tenant_id = 1 ORDER BY created_at desc
13:20:23 | 200 |     733.221µs | 127.0.0.1 | GET | /api/tables/5/orders | -

2026/07/11 13:20:23 [32m/home/humberto/Aplicativos/Manager-Restaurante-main/backend/internal/handlers/caixa_handlers.go:19
[0m[33m[0.437ms] [34;1m[rows:1][0m SELECT * FROM "caixa_turnos" WHERE status = 'aberto' AND tenant_id = 1 ORDER BY "caixa_turnos"."id" LIMIT 1
13:20:23 | 200 |     560.576µs | 127.0.0.1 | GET | /api/caixa/status | -

2026/07/11 13:20:29 [32m/home/humberto/Aplicativos/Manager-Restaurante-main/backend/internal/handlers/handlers.go:560
[0m[33m[0.393ms] [34;1m[rows:1][0m SELECT * FROM "mesas" WHERE "mesas"."id" = 5 AND tenant_id = 1 ORDER BY "mesas"."id" LIMIT 1

2026/07/11 13:20:29 [32m/home/humberto/Aplicativos/Manager-Restaurante-main/backend/internal/handlers/handlers.go:238
[0m[33m[0.900ms] [34;1m[rows:1][0m SELECT * FROM "mesas" WHERE "mesas"."id" = 5 AND tenant_id = 1 ORDER BY "mesas"."id" LIMIT 1

2026/07/11 13:20:29 [32m/home/humberto/Aplicativos/Manager-Restaurante-main/backend/internal/handlers/handlers.go:563
[0m[33m[10.156ms] [34;1m[rows:1][0m UPDATE "mesas" SET "tenant_id"=1,"numero"=5,"status"='ocupada',"capacidade"=4,"formato"='quadrado',"pos_x"=449,"pos_y"=36,"created_at"='2026-06-13 08:53:12.229',"updated_at"='2026-07-11 13:20:29.466' WHERE "id" = 5

2026/07/11 13:20:29 [32m/home/humberto/Aplicativos/Manager-Restaurante-main/backend/internal/handlers/handlers.go:575
[0m[33m[0.456ms] [34;1m[rows:1][0m SELECT * FROM "produtos" WHERE "produtos"."id" = 2 AND tenant_id = 1 ORDER BY "produtos"."id" LIMIT 1

2026/07/11 13:20:29 [32m/home/humberto/Aplicativos/Manager-Restaurante-main/backend/internal/handlers/handlers.go:581
[0m[33m[0.374ms] [34;1m[rows:0][0m SELECT * FROM "ficha_tecnica_items" WHERE produto_id = 2 AND tenant_id = 1

2026/07/11 13:20:29 [32m/home/humberto/Aplicativos/Manager-Restaurante-main/backend/internal/handlers/handlers.go:271
[0m[33m[11.352ms] [34;1m[rows:1][0m UPDATE "mesas" SET "tenant_id"=1,"numero"=5,"status"='ocupada',"capacidade"=4,"formato"='quadrado',"pos_x"=449,"pos_y"=36,"created_at"='2026-06-13 08:53:12.229',"updated_at"='2026-07-11 13:20:29.466' WHERE "id" = 5

2026/07/11 13:20:29 [32m/home/humberto/Aplicativos/Manager-Restaurante-main/backend/internal/handlers/handlers.go:609
[0m[33m[0.330ms] [34;1m[rows:1][0m SELECT * FROM "estoques" WHERE produto_id = 2 AND tenant_id = 1 ORDER BY "estoques"."id" LIMIT 1
13:20:29 | 200 |   12.703487ms | 127.0.0.1 | PUT | /api/tables/5 | -

2026/07/11 13:20:29 [32m/home/humberto/Aplicativos/Manager-Restaurante-main/backend/internal/handlers/handlers.go:614
[0m[33m[1.566ms] [34;1m[rows:1][0m UPDATE "estoques" SET "tenant_id"=1,"produto_id"=2,"quantidade"=78,"minimo"=10,"alerta"=false,"created_at"='2026-06-13 08:53:12.248',"updated_at"='2026-07-11 13:20:29.478' WHERE "id" = 2

2026/07/11 13:20:29 [32m/home/humberto/Aplicativos/Manager-Restaurante-main/backend/internal/handlers/handlers.go:616
[0m[33m[1.524ms] [34;1m[rows:1][0m INSERT INTO "movimentacao_estoques" ("tenant_id","produto_id","quantidade","tipo","motivo","usuario_id","created_at") VALUES (1,2,2,'saida','venda',3,'2026-07-11 13:20:29.479') RETURNING "id"

2026/07/11 13:20:29 [32m/home/humberto/Aplicativos/Manager-Restaurante-main/backend/internal/handlers/handlers.go:657
[0m[33m[0.473ms] [34;1m[rows:1][0m INSERT INTO "item_pedidos" ("tenant_id","pedido_id","produto_id","produto_nome","quantidade","observacao","preco_unitario","status","impresso","setor_id","created_at","updated_at") VALUES (1,91,2,'Burger Bacon Artesanal',2,'',36.9,'recebido',false,1,'2026-07-11 13:20:29.481','2026-07-11 13:20:29.481') ON CONFLICT ("id") DO UPDATE SET "pedido_id"="excluded"."pedido_id" RETURNING "id"

2026/07/11 13:20:29 [32m/home/humberto/Aplicativos/Manager-Restaurante-main/backend/internal/handlers/handlers.go:657
[0m[33m[2.071ms] [34;1m[rows:1][0m INSERT INTO "pedidos" ("tenant_id","comanda_id","mesa_id","status","origem","total","cliente_id","entregador_id","endereco_entrega","cpf_cnpj_cliente","chave_acesso_nfe","url_cupom_fiscal","created_at","updated_at") VALUES (1,NULL,5,'recebido','mesa',73.8,NULL,NULL,'','','','','2026-07-11 13:20:29.481','2026-07-11 13:20:29.481') RETURNING "id"

2026/07/11 13:20:29 [32m/home/humberto/Aplicativos/Manager-Restaurante-main/backend/internal/services/printer.go:35
[0m[33m[0.325ms] [34;1m[rows:3][0m SELECT * FROM "impressoras" WHERE tenant_id = 1
13:20:29 | 200 |   18.341062ms | 127.0.0.1 | POST | /api/orders | -

2026/07/11 13:20:29 [32m/home/humberto/Aplicativos/Manager-Restaurante-main/backend/internal/handlers/handlers.go:225
[0m[33m[0.486ms] [34;1m[rows:16][0m SELECT * FROM "mesas" WHERE tenant_id = 1 ORDER BY numero asc
13:20:29 | 200 |     643.627µs | 127.0.0.1 | GET | /api/tables | -

2026/07/11 13:20:29 [32m/home/humberto/Aplicativos/Manager-Restaurante-main/backend/internal/handlers/handlers.go:1825
[0m[33m[0.250ms] [34;1m[rows:1][0m SELECT * FROM "item_pedidos" WHERE "item_pedidos"."pedido_id" = 91

2026/07/11 13:20:29 [32m/home/humberto/Aplicativos/Manager-Restaurante-main/backend/internal/handlers/handlers.go:1825
[0m[33m[0.763ms] [34;1m[rows:1][0m SELECT * FROM "pedidos" WHERE (mesa_id = 5 AND status != 'entregue') AND tenant_id = 1 ORDER BY created_at desc
13:20:29 | 200 |     849.916µs | 127.0.0.1 | GET | /api/tables/5/orders | -

2026/07/11 13:20:29 [32m/home/humberto/Aplicativos/Manager-Restaurante-main/backend/internal/handlers/handlers.go:225
[0m[33m[0.423ms] [34;1m[rows:16][0m SELECT * FROM "mesas" WHERE tenant_id = 1 ORDER BY numero asc
13:20:29 | 200 |     565.476µs | 127.0.0.1 | GET | /api/tables | -
2026/07/11 13:20:32 [PRINTER ERROR] Failed to send print job to Impressora Cozinha (192.168.1.100:9100): dial tcp 192.168.1.100:9100: i/o timeout. Printing content to console log for debug:

================= MOCK IMPRESSAO ESC/POS =================
PEDIDO: #91
DATA: 11/07/2026 13:20:29
MESA: 5
----------------------------------------------------------
2x Burger Bacon Artesanal              (Setor: 1)
----------------------------------------------------------
==========================================================


2026/07/11 13:20:36 [32m/home/humberto/Aplicativos/Manager-Restaurante-main/backend/internal/handlers/handlers.go:1825
[0m[33m[0.461ms] [34;1m[rows:2][0m SELECT * FROM "item_pedidos" WHERE "item_pedidos"."pedido_id" IN (90,89)

2026/07/11 13:20:36 [32m/home/humberto/Aplicativos/Manager-Restaurante-main/backend/internal/handlers/handlers.go:1825
[0m[33m[2.893ms] [34;1m[rows:2][0m SELECT * FROM "pedidos" WHERE (mesa_id = 6 AND status != 'entregue') AND tenant_id = 1 ORDER BY created_at desc
13:20:36 | 200 |    3.004927ms | 127.0.0.1 | GET | /api/tables/6/orders | -

2026/07/11 13:20:38 [32m/home/humberto/Aplicativos/Manager-Restaurante-main/backend/internal/handlers/caixa_handlers.go:19
[0m[33m[0.558ms] [34;1m[rows:1][0m SELECT * FROM "caixa_turnos" WHERE status = 'aberto' AND tenant_id = 1 ORDER BY "caixa_turnos"."id" LIMIT 1
13:20:38 | 200 |     668.587µs | 127.0.0.1 | GET | /api/caixa/status | -

2026/07/11 13:20:43 [32m/home/humberto/Aplicativos/Manager-Restaurante-main/backend/internal/handlers/handlers.go:560
[0m[33m[0.439ms] [34;1m[rows:1][0m SELECT * FROM "mesas" WHERE "mesas"."id" = 6 AND tenant_id = 1 ORDER BY "mesas"."id" LIMIT 1

2026/07/11 13:20:43 [32m/home/humberto/Aplicativos/Manager-Restaurante-main/backend/internal/handlers/handlers.go:575
[0m[33m[0.270ms] [34;1m[rows:1][0m SELECT * FROM "produtos" WHERE "produtos"."id" = 5 AND tenant_id = 1 ORDER BY "produtos"."id" LIMIT 1

2026/07/11 13:20:43 [32m/home/humberto/Aplicativos/Manager-Restaurante-main/backend/internal/handlers/handlers.go:581
[0m[33m[0.222ms] [34;1m[rows:0][0m SELECT * FROM "ficha_tecnica_items" WHERE produto_id = 5 AND tenant_id = 1

2026/07/11 13:20:43 [32m/home/humberto/Aplicativos/Manager-Restaurante-main/backend/internal/handlers/handlers.go:609
[0m[33m[0.206ms] [34;1m[rows:1][0m SELECT * FROM "estoques" WHERE produto_id = 5 AND tenant_id = 1 ORDER BY "estoques"."id" LIMIT 1

2026/07/11 13:20:43 [32m/home/humberto/Aplicativos/Manager-Restaurante-main/backend/internal/handlers/handlers.go:614
[0m[33m[3.495ms] [34;1m[rows:1][0m UPDATE "estoques" SET "tenant_id"=1,"produto_id"=5,"quantidade"=82,"minimo"=10,"alerta"=false,"created_at"='2026-06-13 08:53:12.252',"updated_at"='2026-07-11 13:20:43.707' WHERE "id" = 5

2026/07/11 13:20:43 [32m/home/humberto/Aplicativos/Manager-Restaurante-main/backend/internal/handlers/handlers.go:616
[0m[33m[1.562ms] [34;1m[rows:1][0m INSERT INTO "movimentacao_estoques" ("tenant_id","produto_id","quantidade","tipo","motivo","usuario_id","created_at") VALUES (1,5,1,'saida','venda',3,'2026-07-11 13:20:43.711') RETURNING "id"

2026/07/11 13:20:43 [32m/home/humberto/Aplicativos/Manager-Restaurante-main/backend/internal/handlers/handlers.go:657
[0m[33m[0.328ms] [34;1m[rows:1][0m INSERT INTO "item_pedidos" ("tenant_id","pedido_id","produto_id","produto_nome","quantidade","observacao","preco_unitario","status","impresso","setor_id","created_at","updated_at") VALUES (1,92,5,'Suco de Laranja Natural 500ml',1,'',9.9,'recebido',false,2,'2026-07-11 13:20:43.713','2026-07-11 13:20:43.713') ON CONFLICT ("id") DO UPDATE SET "pedido_id"="excluded"."pedido_id" RETURNING "id"

2026/07/11 13:20:43 [32m/home/humberto/Aplicativos/Manager-Restaurante-main/backend/internal/handlers/handlers.go:657
[0m[33m[1.872ms] [34;1m[rows:1][0m INSERT INTO "pedidos" ("tenant_id","comanda_id","mesa_id","status","origem","total","cliente_id","entregador_id","endereco_entrega","cpf_cnpj_cliente","chave_acesso_nfe","url_cupom_fiscal","created_at","updated_at") VALUES (1,NULL,6,'recebido','mesa',9.9,NULL,NULL,'','','','','2026-07-11 13:20:43.713','2026-07-11 13:20:43.713') RETURNING "id"
13:20:43 | 200 |    8.842616ms | 127.0.0.1 | POST | /api/orders | -

2026/07/11 13:20:43 [32m/home/humberto/Aplicativos/Manager-Restaurante-main/backend/internal/services/printer.go:35
[0m[33m[0.377ms] [34;1m[rows:3][0m SELECT * FROM "impressoras" WHERE tenant_id = 1

2026/07/11 13:20:44 [32m/home/humberto/Aplicativos/Manager-Restaurante-main/backend/internal/handlers/handlers.go:225
[0m[33m[0.364ms] [34;1m[rows:16][0m SELECT * FROM "mesas" WHERE tenant_id = 1 ORDER BY numero asc
13:20:43 | 200 |     549.572µs | 127.0.0.1 | GET | /api/tables | -

2026/07/11 13:20:44 [32m/home/humberto/Aplicativos/Manager-Restaurante-main/backend/internal/handlers/handlers.go:1825
[0m[33m[0.914ms] [34;1m[rows:3][0m SELECT * FROM "item_pedidos" WHERE "item_pedidos"."pedido_id" IN (92,90,89)

2026/07/11 13:20:44 [32m/home/humberto/Aplicativos/Manager-Restaurante-main/backend/internal/handlers/handlers.go:1825
[0m[33m[1.528ms] [34;1m[rows:3][0m SELECT * FROM "pedidos" WHERE (mesa_id = 6 AND status != 'entregue') AND tenant_id = 1 ORDER BY created_at desc
13:20:43 | 200 |    1.649368ms | 127.0.0.1 | GET | /api/tables/6/orders | -
2026/07/11 13:20:46 [PRINTER ERROR] Failed to send print job to Impressora Bar (192.168.1.101:9100): dial tcp 192.168.1.101:9100: i/o timeout. Printing content to console log for debug:

================= MOCK IMPRESSAO ESC/POS =================
PEDIDO: #92
DATA: 11/07/2026 13:20:43
MESA: 6
----------------------------------------------------------
1x Suco de Laranja Natural 500ml       (Setor: 2)
----------------------------------------------------------
==========================================================


2026/07/11 13:20:53 [32m/home/humberto/Aplicativos/Manager-Restaurante-main/backend/internal/handlers/caixa_handlers.go:19
[0m[33m[0.515ms] [34;1m[rows:1][0m SELECT * FROM "caixa_turnos" WHERE status = 'aberto' AND tenant_id = 1 ORDER BY "caixa_turnos"."id" LIMIT 1
13:20:53 | 200 |     655.897µs | 127.0.0.1 | GET | /api/caixa/status | -

2026/07/11 13:21:05 [32m/home/humberto/Aplicativos/Manager-Restaurante-main/backend/internal/handlers/handlers.go:781
[0m[33m[1.112ms] [34;1m[rows:4][0m SELECT * FROM "setors" WHERE tenant_id = 1 ORDER BY nome asc
13:21:05 | 200 |    1.356979ms | 127.0.0.1 | GET | /api/setores | -

2026/07/11 13:21:05 [32m/home/humberto/Aplicativos/Manager-Restaurante-main/backend/internal/handlers/handlers.go:768
[0m[33m[0.506ms] [34;1m[rows:2][0m SELECT * FROM "item_pedidos" WHERE "item_pedidos"."pedido_id" IN (90,91)

2026/07/11 13:21:05 [32m/home/humberto/Aplicativos/Manager-Restaurante-main/backend/internal/handlers/handlers.go:768
[0m[33m[2.179ms] [34;1m[rows:2][0m SELECT * FROM "pedidos" WHERE status IN ('recebido','produzindo','pronto') AND (id IN (SELECT pedido_id FROM item_pedidos WHERE setor_id = '1' OR setor_id = 0)) AND tenant_id = 1 ORDER BY created_at asc
13:21:05 | 200 |    2.317769ms | 127.0.0.1 | GET | /api/kds | -
13:21:05 | 101 |      94.601µs | 127.0.0.1 | GET | /ws | -
2026/07/11 13:21:05 Client registered: User 1 for Tenant 1
13:21:05 | 101 |      85.039µs | 127.0.0.1 | GET | /ws | -
2026/07/11 13:21:05 Client registered: User 1 for Tenant 1

2026/07/11 13:21:06 [32m/home/humberto/Aplicativos/Manager-Restaurante-main/backend/internal/handlers/handlers.go:768
[0m[33m[0.447ms] [34;1m[rows:2][0m SELECT * FROM "item_pedidos" WHERE "item_pedidos"."pedido_id" IN (89,92)

2026/07/11 13:21:06 [32m/home/humberto/Aplicativos/Manager-Restaurante-main/backend/internal/handlers/handlers.go:768
[0m[33m[1.426ms] [34;1m[rows:2][0m SELECT * FROM "pedidos" WHERE status IN ('recebido','produzindo','pronto') AND (id IN (SELECT pedido_id FROM item_pedidos WHERE setor_id = '2' OR setor_id = 0)) AND tenant_id = 1 ORDER BY created_at asc
13:21:06 | 200 |    1.533374ms | 127.0.0.1 | GET | /api/kds | -

2026/07/11 13:21:08 [32m/home/humberto/Aplicativos/Manager-Restaurante-main/backend/internal/handlers/caixa_handlers.go:19
[0m[33m[0.571ms] [34;1m[rows:1][0m SELECT * FROM "caixa_turnos" WHERE status = 'aberto' AND tenant_id = 1 ORDER BY "caixa_turnos"."id" LIMIT 1
13:21:08 | 200 |     705.918µs | 127.0.0.1 | GET | /api/caixa/status | -

2026/07/11 13:21:24 [32m/home/humberto/Aplicativos/Manager-Restaurante-main/backend/internal/handlers/caixa_handlers.go:19
[0m[33m[0.672ms] [34;1m[rows:1][0m SELECT * FROM "caixa_turnos" WHERE status = 'aberto' AND tenant_id = 1 ORDER BY "caixa_turnos"."id" LIMIT 1
13:21:23 | 200 |     810.618µs | 127.0.0.1 | GET | /api/caixa/status | -

2026/07/11 13:21:30 [32m/home/humberto/Aplicativos/Manager-Restaurante-main/backend/internal/handlers/handlers.go:716
[0m[33m[0.221ms] [34;1m[rows:1][0m SELECT * FROM "item_pedidos" WHERE "item_pedidos"."pedido_id" = 90

2026/07/11 13:21:30 [32m/home/humberto/Aplicativos/Manager-Restaurante-main/backend/internal/handlers/handlers.go:716
[0m[33m[0.747ms] [34;1m[rows:1][0m SELECT * FROM "pedidos" WHERE "pedidos"."id" = 90 AND tenant_id = 1 ORDER BY "pedidos"."id" LIMIT 1

2026/07/11 13:21:30 [32m/home/humberto/Aplicativos/Manager-Restaurante-main/backend/internal/handlers/handlers.go:724
[0m[33m[2.178ms] [34;1m[rows:1][0m UPDATE "item_pedidos" SET "status"='produzindo',"updated_at"='2026-07-11 13:21:30.822' WHERE pedido_id = 90

2026/07/11 13:21:30 [32m/home/humberto/Aplicativos/Manager-Restaurante-main/backend/internal/handlers/handlers.go:730
[0m[33m[0.575ms] [34;1m[rows:1][0m INSERT INTO "item_pedidos" ("tenant_id","pedido_id","produto_id","produto_nome","quantidade","observacao","preco_unitario","status","impresso","setor_id","created_at","updated_at","id") VALUES (1,90,1,'Burger Duplo Cheddar',1,'',38.9,'produzindo',false,1,'2026-07-11 13:20:16.621','2026-07-11 13:20:16.621',117) ON CONFLICT ("id") DO UPDATE SET "pedido_id"="excluded"."pedido_id" RETURNING "id"

2026/07/11 13:21:30 [32m/home/humberto/Aplicativos/Manager-Restaurante-main/backend/internal/handlers/handlers.go:730
[0m[33m[2.379ms] [34;1m[rows:1][0m UPDATE "pedidos" SET "tenant_id"=1,"comanda_id"=NULL,"mesa_id"=6,"status"='produzindo',"origem"='mesa',"total"=38.9,"cliente_id"=NULL,"entregador_id"=NULL,"endereco_entrega"='',"cpf_cnpj_cliente"='',"chave_acesso_nfe"='',"url_cupom_fiscal"='',"created_at"='2026-07-11 13:20:16.62',"updated_at"='2026-07-11 13:21:30.825' WHERE "id" = 90
13:21:30 | 200 |    6.471927ms | 127.0.0.1 | PUT | /api/orders/90 | -

2026/07/11 13:21:39 [32m/home/humberto/Aplicativos/Manager-Restaurante-main/backend/internal/handlers/caixa_handlers.go:19
[0m[33m[0.651ms] [34;1m[rows:1][0m SELECT * FROM "caixa_turnos" WHERE status = 'aberto' AND tenant_id = 1 ORDER BY "caixa_turnos"."id" LIMIT 1
13:21:38 | 200 |      776.88µs | 127.0.0.1 | GET | /api/caixa/status | -

2026/07/11 13:21:39 [32m/home/humberto/Aplicativos/Manager-Restaurante-main/backend/internal/handlers/handlers.go:716
[0m[33m[0.231ms] [34;1m[rows:1][0m SELECT * FROM "item_pedidos" WHERE "item_pedidos"."pedido_id" = 91

2026/07/11 13:21:39 [32m/home/humberto/Aplicativos/Manager-Restaurante-main/backend/internal/handlers/handlers.go:716
[0m[33m[0.709ms] [34;1m[rows:1][0m SELECT * FROM "pedidos" WHERE "pedidos"."id" = 91 AND tenant_id = 1 ORDER BY "pedidos"."id" LIMIT 1

2026/07/11 13:21:39 [32m/home/humberto/Aplicativos/Manager-Restaurante-main/backend/internal/handlers/handlers.go:724
[0m[33m[3.324ms] [34;1m[rows:1][0m UPDATE "item_pedidos" SET "status"='produzindo',"updated_at"='2026-07-11 13:21:39.886' WHERE pedido_id = 91

2026/07/11 13:21:39 [32m/home/humberto/Aplicativos/Manager-Restaurante-main/backend/internal/handlers/handlers.go:730
[0m[33m[0.358ms] [34;1m[rows:1][0m INSERT INTO "item_pedidos" ("tenant_id","pedido_id","produto_id","produto_nome","quantidade","observacao","preco_unitario","status","impresso","setor_id","created_at","updated_at","id") VALUES (1,91,2,'Burger Bacon Artesanal',2,'',36.9,'produzindo',false,1,'2026-07-11 13:20:29.481','2026-07-11 13:20:29.481',118) ON CONFLICT ("id") DO UPDATE SET "pedido_id"="excluded"."pedido_id" RETURNING "id"

2026/07/11 13:21:39 [32m/home/humberto/Aplicativos/Manager-Restaurante-main/backend/internal/handlers/handlers.go:730
[0m[33m[1.962ms] [34;1m[rows:1][0m UPDATE "pedidos" SET "tenant_id"=1,"comanda_id"=NULL,"mesa_id"=5,"status"='produzindo',"origem"='mesa',"total"=73.8,"cliente_id"=NULL,"entregador_id"=NULL,"endereco_entrega"='',"cpf_cnpj_cliente"='',"chave_acesso_nfe"='',"url_cupom_fiscal"='',"created_at"='2026-07-11 13:20:29.481',"updated_at"='2026-07-11 13:21:39.89' WHERE "id" = 91
13:21:39 | 200 |    6.705499ms | 127.0.0.1 | PUT | /api/orders/91 | -

2026/07/11 13:21:42 [32m/home/humberto/Aplicativos/Manager-Restaurante-main/backend/internal/handlers/handlers.go:716
[0m[33m[0.303ms] [34;1m[rows:1][0m SELECT * FROM "item_pedidos" WHERE "item_pedidos"."pedido_id" = 89

2026/07/11 13:21:42 [32m/home/humberto/Aplicativos/Manager-Restaurante-main/backend/internal/handlers/handlers.go:716
[0m[33m[1.044ms] [34;1m[rows:1][0m SELECT * FROM "pedidos" WHERE "pedidos"."id" = 89 AND tenant_id = 1 ORDER BY "pedidos"."id" LIMIT 1

2026/07/11 13:21:42 [32m/home/humberto/Aplicativos/Manager-Restaurante-main/backend/internal/handlers/handlers.go:724
[0m[33m[3.614ms] [34;1m[rows:1][0m UPDATE "item_pedidos" SET "status"='produzindo',"updated_at"='2026-07-11 13:21:42.22' WHERE pedido_id = 89

2026/07/11 13:21:42 [32m/home/humberto/Aplicativos/Manager-Restaurante-main/backend/internal/handlers/handlers.go:730
[0m[33m[0.355ms] [34;1m[rows:1][0m INSERT INTO "item_pedidos" ("tenant_id","pedido_id","produto_id","produto_nome","quantidade","observacao","preco_unitario","status","impresso","setor_id","created_at","updated_at","id") VALUES (1,89,4,'Coca-Cola Lata 350ml',1,'',6.5,'produzindo',false,2,'2026-07-11 13:20:11.321','2026-07-11 13:20:11.321',116) ON CONFLICT ("id") DO UPDATE SET "pedido_id"="excluded"."pedido_id" RETURNING "id"

2026/07/11 13:21:42 [32m/home/humberto/Aplicativos/Manager-Restaurante-main/backend/internal/handlers/handlers.go:730
[0m[33m[1.974ms] [34;1m[rows:1][0m UPDATE "pedidos" SET "tenant_id"=1,"comanda_id"=NULL,"mesa_id"=6,"status"='produzindo',"origem"='mesa',"total"=6.5,"cliente_id"=NULL,"entregador_id"=NULL,"endereco_entrega"='',"cpf_cnpj_cliente"='',"chave_acesso_nfe"='',"url_cupom_fiscal"='',"created_at"='2026-07-11 13:20:11.32',"updated_at"='2026-07-11 13:21:42.224' WHERE "id" = 89
13:21:42 | 200 |    7.380794ms | 127.0.0.1 | PUT | /api/orders/89 | -

2026/07/11 13:21:45 [32m/home/humberto/Aplicativos/Manager-Restaurante-main/backend/internal/handlers/handlers.go:716
[0m[33m[0.195ms] [34;1m[rows:1][0m SELECT * FROM "item_pedidos" WHERE "item_pedidos"."pedido_id" = 89

2026/07/11 13:21:45 [32m/home/humberto/Aplicativos/Manager-Restaurante-main/backend/internal/handlers/handlers.go:716
[0m[33m[0.863ms] [34;1m[rows:1][0m SELECT * FROM "pedidos" WHERE "pedidos"."id" = 89 AND tenant_id = 1 ORDER BY "pedidos"."id" LIMIT 1

2026/07/11 13:21:45 [32m/home/humberto/Aplicativos/Manager-Restaurante-main/backend/internal/handlers/handlers.go:724
[0m[33m[3.623ms] [34;1m[rows:1][0m UPDATE "item_pedidos" SET "status"='pronto',"updated_at"='2026-07-11 13:21:45.418' WHERE pedido_id = 89

2026/07/11 13:21:45 [32m/home/humberto/Aplicativos/Manager-Restaurante-main/backend/internal/handlers/handlers.go:730
[0m[33m[0.362ms] [34;1m[rows:1][0m INSERT INTO "item_pedidos" ("tenant_id","pedido_id","produto_id","produto_nome","quantidade","observacao","preco_unitario","status","impresso","setor_id","created_at","updated_at","id") VALUES (1,89,4,'Coca-Cola Lata 350ml',1,'',6.5,'pronto',false,2,'2026-07-11 13:20:11.321','2026-07-11 13:21:42.22',116) ON CONFLICT ("id") DO UPDATE SET "pedido_id"="excluded"."pedido_id" RETURNING "id"

2026/07/11 13:21:45 [32m/home/humberto/Aplicativos/Manager-Restaurante-main/backend/internal/handlers/handlers.go:730
[0m[33m[1.742ms] [34;1m[rows:1][0m UPDATE "pedidos" SET "tenant_id"=1,"comanda_id"=NULL,"mesa_id"=6,"status"='pronto',"origem"='mesa',"total"=6.5,"cliente_id"=NULL,"entregador_id"=NULL,"endereco_entrega"='',"cpf_cnpj_cliente"='',"chave_acesso_nfe"='',"url_cupom_fiscal"='',"created_at"='2026-07-11 13:20:11.32',"updated_at"='2026-07-11 13:21:45.422' WHERE "id" = 89
13:21:45 | 200 |    6.886142ms | 127.0.0.1 | PUT | /api/orders/89 | -

2026/07/11 13:21:47 [32m/home/humberto/Aplicativos/Manager-Restaurante-main/backend/internal/handlers/handlers.go:716
[0m[33m[0.270ms] [34;1m[rows:1][0m SELECT * FROM "item_pedidos" WHERE "item_pedidos"."pedido_id" = 92

2026/07/11 13:21:47 [32m/home/humberto/Aplicativos/Manager-Restaurante-main/backend/internal/handlers/handlers.go:716
[0m[33m[0.869ms] [34;1m[rows:1][0m SELECT * FROM "pedidos" WHERE "pedidos"."id" = 92 AND tenant_id = 1 ORDER BY "pedidos"."id" LIMIT 1

2026/07/11 13:21:47 [32m/home/humberto/Aplicativos/Manager-Restaurante-main/backend/internal/handlers/handlers.go:724
[0m[33m[3.376ms] [34;1m[rows:1][0m UPDATE "item_pedidos" SET "status"='produzindo',"updated_at"='2026-07-11 13:21:47.252' WHERE pedido_id = 92

2026/07/11 13:21:47 [32m/home/humberto/Aplicativos/Manager-Restaurante-main/backend/internal/handlers/handlers.go:730
[0m[33m[0.375ms] [34;1m[rows:1][0m INSERT INTO "item_pedidos" ("tenant_id","pedido_id","produto_id","produto_nome","quantidade","observacao","preco_unitario","status","impresso","setor_id","created_at","updated_at","id") VALUES (1,92,5,'Suco de Laranja Natural 500ml',1,'',9.9,'produzindo',false,2,'2026-07-11 13:20:43.713','2026-07-11 13:20:43.713',119) ON CONFLICT ("id") DO UPDATE SET "pedido_id"="excluded"."pedido_id" RETURNING "id"

2026/07/11 13:21:47 [32m/home/humberto/Aplicativos/Manager-Restaurante-main/backend/internal/handlers/handlers.go:730
[0m[33m[2.136ms] [34;1m[rows:1][0m UPDATE "pedidos" SET "tenant_id"=1,"comanda_id"=NULL,"mesa_id"=6,"status"='produzindo',"origem"='mesa',"total"=9.9,"cliente_id"=NULL,"entregador_id"=NULL,"endereco_entrega"='',"cpf_cnpj_cliente"='',"chave_acesso_nfe"='',"url_cupom_fiscal"='',"created_at"='2026-07-11 13:20:43.713',"updated_at"='2026-07-11 13:21:47.255' WHERE "id" = 92
13:21:47 | 200 |    7.003076ms | 127.0.0.1 | PUT | /api/orders/92 | -

2026/07/11 13:21:48 [32m/home/humberto/Aplicativos/Manager-Restaurante-main/backend/internal/handlers/handlers.go:716
[0m[33m[0.208ms] [34;1m[rows:1][0m SELECT * FROM "item_pedidos" WHERE "item_pedidos"."pedido_id" = 92

2026/07/11 13:21:48 [32m/home/humberto/Aplicativos/Manager-Restaurante-main/backend/internal/handlers/handlers.go:716
[0m[33m[0.712ms] [34;1m[rows:1][0m SELECT * FROM "pedidos" WHERE "pedidos"."id" = 92 AND tenant_id = 1 ORDER BY "pedidos"."id" LIMIT 1

2026/07/11 13:21:48 [32m/home/humberto/Aplicativos/Manager-Restaurante-main/backend/internal/handlers/handlers.go:724
[0m[33m[3.316ms] [34;1m[rows:1][0m UPDATE "item_pedidos" SET "status"='pronto',"updated_at"='2026-07-11 13:21:48.001' WHERE pedido_id = 92

2026/07/11 13:21:48 [32m/home/humberto/Aplicativos/Manager-Restaurante-main/backend/internal/handlers/handlers.go:730
[0m[33m[0.313ms] [34;1m[rows:1][0m INSERT INTO "item_pedidos" ("tenant_id","pedido_id","produto_id","produto_nome","quantidade","observacao","preco_unitario","status","impresso","setor_id","created_at","updated_at","id") VALUES (1,92,5,'Suco de Laranja Natural 500ml',1,'',9.9,'pronto',false,2,'2026-07-11 13:20:43.713','2026-07-11 13:21:47.252',119) ON CONFLICT ("id") DO UPDATE SET "pedido_id"="excluded"."pedido_id" RETURNING "id"

2026/07/11 13:21:48 [32m/home/humberto/Aplicativos/Manager-Restaurante-main/backend/internal/handlers/handlers.go:730
[0m[33m[1.742ms] [34;1m[rows:1][0m UPDATE "pedidos" SET "tenant_id"=1,"comanda_id"=NULL,"mesa_id"=6,"status"='pronto',"origem"='mesa',"total"=9.9,"cliente_id"=NULL,"entregador_id"=NULL,"endereco_entrega"='',"cpf_cnpj_cliente"='',"chave_acesso_nfe"='',"url_cupom_fiscal"='',"created_at"='2026-07-11 13:20:43.713',"updated_at"='2026-07-11 13:21:48.005' WHERE "id" = 92
13:21:47 | 200 |    6.388655ms | 127.0.0.1 | PUT | /api/orders/92 | -

2026/07/11 13:21:48 [32m/home/humberto/Aplicativos/Manager-Restaurante-main/backend/internal/handlers/handlers.go:716
[0m[33m[0.221ms] [34;1m[rows:1][0m SELECT * FROM "item_pedidos" WHERE "item_pedidos"."pedido_id" = 89

2026/07/11 13:21:48 [32m/home/humberto/Aplicativos/Manager-Restaurante-main/backend/internal/handlers/handlers.go:716
[0m[33m[0.746ms] [34;1m[rows:1][0m SELECT * FROM "pedidos" WHERE "pedidos"."id" = 89 AND tenant_id = 1 ORDER BY "pedidos"."id" LIMIT 1

2026/07/11 13:21:48 [32m/home/humberto/Aplicativos/Manager-Restaurante-main/backend/internal/handlers/handlers.go:724
[0m[33m[2.225ms] [34;1m[rows:1][0m UPDATE "item_pedidos" SET "status"='despachado',"updated_at"='2026-07-11 13:21:48.986' WHERE pedido_id = 89

2026/07/11 13:21:48 [32m/home/humberto/Aplicativos/Manager-Restaurante-main/backend/internal/handlers/handlers.go:730
[0m[33m[0.181ms] [34;1m[rows:1][0m INSERT INTO "item_pedidos" ("tenant_id","pedido_id","produto_id","produto_nome","quantidade","observacao","preco_unitario","status","impresso","setor_id","created_at","updated_at","id") VALUES (1,89,4,'Coca-Cola Lata 350ml',1,'',6.5,'despachado',false,2,'2026-07-11 13:20:11.321','2026-07-11 13:21:45.418',116) ON CONFLICT ("id") DO UPDATE SET "pedido_id"="excluded"."pedido_id" RETURNING "id"

2026/07/11 13:21:48 [32m/home/humberto/Aplicativos/Manager-Restaurante-main/backend/internal/handlers/handlers.go:730
[0m[33m[1.215ms] [34;1m[rows:1][0m UPDATE "pedidos" SET "tenant_id"=1,"comanda_id"=NULL,"mesa_id"=6,"status"='despachado',"origem"='mesa',"total"=6.5,"cliente_id"=NULL,"entregador_id"=NULL,"endereco_entrega"='',"cpf_cnpj_cliente"='',"chave_acesso_nfe"='',"url_cupom_fiscal"='',"created_at"='2026-07-11 13:20:11.32',"updated_at"='2026-07-11 13:21:48.988' WHERE "id" = 89
13:21:48 | 200 |    5.031113ms | 127.0.0.1 | PUT | /api/orders/89 | -
2026/07/11 13:21:49 Client unregistered: User 3 for Tenant 1
2026/07/11 13:21:49 Client unregistered: User 3 for Tenant 1

2026/07/11 13:21:50 [32m/home/humberto/Aplicativos/Manager-Restaurante-main/backend/internal/handlers/handlers.go:716
[0m[33m[0.234ms] [34;1m[rows:1][0m SELECT * FROM "item_pedidos" WHERE "item_pedidos"."pedido_id" = 92

2026/07/11 13:21:50 [32m/home/humberto/Aplicativos/Manager-Restaurante-main/backend/internal/handlers/handlers.go:716
[0m[33m[0.850ms] [34;1m[rows:1][0m SELECT * FROM "pedidos" WHERE "pedidos"."id" = 92 AND tenant_id = 1 ORDER BY "pedidos"."id" LIMIT 1

2026/07/11 13:21:50 [32m/home/humberto/Aplicativos/Manager-Restaurante-main/backend/internal/handlers/handlers.go:724
[0m[33m[3.153ms] [34;1m[rows:1][0m UPDATE "item_pedidos" SET "status"='despachado',"updated_at"='2026-07-11 13:21:50.035' WHERE pedido_id = 92

2026/07/11 13:21:50 [32m/home/humberto/Aplicativos/Manager-Restaurante-main/backend/internal/handlers/handlers.go:730
[0m[33m[0.297ms] [34;1m[rows:1][0m INSERT INTO "item_pedidos" ("tenant_id","pedido_id","produto_id","produto_nome","quantidade","observacao","preco_unitario","status","impresso","setor_id","created_at","updated_at","id") VALUES (1,92,5,'Suco de Laranja Natural 500ml',1,'',9.9,'despachado',false,2,'2026-07-11 13:20:43.713','2026-07-11 13:21:48.001',119) ON CONFLICT ("id") DO UPDATE SET "pedido_id"="excluded"."pedido_id" RETURNING "id"

2026/07/11 13:21:50 [32m/home/humberto/Aplicativos/Manager-Restaurante-main/backend/internal/handlers/handlers.go:730
[0m[33m[1.590ms] [34;1m[rows:1][0m UPDATE "pedidos" SET "tenant_id"=1,"comanda_id"=NULL,"mesa_id"=6,"status"='despachado',"origem"='mesa',"total"=9.9,"cliente_id"=NULL,"entregador_id"=NULL,"endereco_entrega"='',"cpf_cnpj_cliente"='',"chave_acesso_nfe"='',"url_cupom_fiscal"='',"created_at"='2026-07-11 13:20:43.713',"updated_at"='2026-07-11 13:21:50.038' WHERE "id" = 92
13:21:49 | 200 |     6.32455ms | 127.0.0.1 | PUT | /api/orders/92 | -
13:21:53 | 101 |       100.4µs | 127.0.0.1 | GET | /ws | -
2026/07/11 13:21:53 Client registered: User 3 for Tenant 1
13:21:53 | 101 |       66.26µs | 127.0.0.1 | GET | /ws | -
2026/07/11 13:21:53 Client registered: User 3 for Tenant 1

2026/07/11 13:21:53 [32m/home/humberto/Aplicativos/Manager-Restaurante-main/backend/internal/handlers/handlers.go:225
[0m[33m[0.542ms] [34;1m[rows:16][0m SELECT * FROM "mesas" WHERE tenant_id = 1 ORDER BY numero asc
13:21:53 | 200 |     683.315µs | 127.0.0.1 | GET | /api/tables | -
2026/07/11 13:21:53 Client unregistered: User 3 for Tenant 1
2026/07/11 13:21:53 Client unregistered: User 3 for Tenant 1

2026/07/11 13:21:54 [32m/home/humberto/Aplicativos/Manager-Restaurante-main/backend/internal/handlers/handlers.go:225
[0m[33m[0.472ms] [34;1m[rows:16][0m SELECT * FROM "mesas" WHERE tenant_id = 1 ORDER BY numero asc
13:21:54 | 200 |     640.458µs | 127.0.0.1 | GET | /api/tables | -

2026/07/11 13:21:54 [32m/home/humberto/Aplicativos/Manager-Restaurante-main/backend/internal/handlers/handlers.go:293
[0m[33m[0.828ms] [34;1m[rows:9][0m SELECT * FROM "produtos" WHERE ativo = true AND tenant_id = 1 ORDER BY nome asc
13:21:54 | 200 |     970.527µs | 127.0.0.1 | GET | /api/products | -

2026/07/11 13:21:54 [32m/home/humberto/Aplicativos/Manager-Restaurante-main/backend/internal/handlers/handlers.go:447
[0m[33m[0.530ms] [34;1m[rows:4][0m SELECT * FROM "categoria" WHERE tenant_id = 1 ORDER BY nome asc
13:21:54 | 200 |     679.583µs | 127.0.0.1 | GET | /api/categories | -

2026/07/11 13:21:54 [32m/home/humberto/Aplicativos/Manager-Restaurante-main/backend/internal/handlers/caixa_handlers.go:19
[0m[33m[0.462ms] [34;1m[rows:1][0m SELECT * FROM "caixa_turnos" WHERE status = 'aberto' AND tenant_id = 1 ORDER BY "caixa_turnos"."id" LIMIT 1
13:21:54 | 200 |     581.031µs | 127.0.0.1 | GET | /api/caixa/status | -
13:21:54 | 101 |      77.471µs | 127.0.0.1 | GET | /ws | -
2026/07/11 13:21:54 Client registered: User 3 for Tenant 1
13:21:54 | 101 |      74.706µs | 127.0.0.1 | GET | /ws | -
2026/07/11 13:21:54 Client registered: User 3 for Tenant 1

2026/07/11 13:21:56 [32m/home/humberto/Aplicativos/Manager-Restaurante-main/backend/internal/handlers/handlers.go:225
[0m[33m[0.781ms] [34;1m[rows:16][0m SELECT * FROM "mesas" WHERE tenant_id = 1 ORDER BY numero asc
13:21:56 | 200 |     968.462µs | 127.0.0.1 | GET | /api/tables | -

2026/07/11 13:21:59 [32m/home/humberto/Aplicativos/Manager-Restaurante-main/backend/internal/handlers/handlers.go:1825
[0m[33m[0.321ms] [34;1m[rows:3][0m SELECT * FROM "item_pedidos" WHERE "item_pedidos"."pedido_id" IN (92,90,89)

2026/07/11 13:21:59 [32m/home/humberto/Aplicativos/Manager-Restaurante-main/backend/internal/handlers/handlers.go:1825
[0m[33m[1.147ms] [34;1m[rows:3][0m SELECT * FROM "pedidos" WHERE (mesa_id = 6 AND status != 'entregue') AND tenant_id = 1 ORDER BY created_at desc
13:21:58 | 200 |    1.246135ms | 127.0.0.1 | GET | /api/tables/6/orders | -

2026/07/11 13:22:09 [32m/home/humberto/Aplicativos/Manager-Restaurante-main/backend/internal/handlers/caixa_handlers.go:19
[0m[33m[0.760ms] [34;1m[rows:1][0m SELECT * FROM "caixa_turnos" WHERE status = 'aberto' AND tenant_id = 1 ORDER BY "caixa_turnos"."id" LIMIT 1
13:22:09 | 200 |     890.035µs | 127.0.0.1 | GET | /api/caixa/status | -

2026/07/11 13:22:18 [32m/home/humberto/Aplicativos/Manager-Restaurante-main/backend/internal/handlers/handlers.go:1825
[0m[33m[0.351ms] [34;1m[rows:2][0m SELECT * FROM "item_pedidos" WHERE "item_pedidos"."pedido_id" IN (88,87)

2026/07/11 13:22:18 [32m/home/humberto/Aplicativos/Manager-Restaurante-main/backend/internal/handlers/handlers.go:1825
[0m[33m[1.041ms] [34;1m[rows:2][0m SELECT * FROM "pedidos" WHERE (mesa_id = 2 AND status != 'entregue') AND tenant_id = 1 ORDER BY created_at desc
13:22:18 | 200 |    1.152795ms | 127.0.0.1 | GET | /api/tables/2/orders | -

2026/07/11 13:22:23 [32m/home/humberto/Aplicativos/Manager-Restaurante-main/backend/internal/handlers/handlers.go:716
[0m[33m[0.292ms] [34;1m[rows:1][0m SELECT * FROM "item_pedidos" WHERE "item_pedidos"."pedido_id" = 90

2026/07/11 13:22:23 [32m/home/humberto/Aplicativos/Manager-Restaurante-main/backend/internal/handlers/handlers.go:716
[0m[33m[0.999ms] [34;1m[rows:1][0m SELECT * FROM "pedidos" WHERE "pedidos"."id" = 90 AND tenant_id = 1 ORDER BY "pedidos"."id" LIMIT 1

2026/07/11 13:22:23 [32m/home/humberto/Aplicativos/Manager-Restaurante-main/backend/internal/handlers/handlers.go:724
[0m[33m[3.518ms] [34;1m[rows:1][0m UPDATE "item_pedidos" SET "status"='pronto',"updated_at"='2026-07-11 13:22:23.54' WHERE pedido_id = 90

2026/07/11 13:22:23 [32m/home/humberto/Aplicativos/Manager-Restaurante-main/backend/internal/handlers/handlers.go:730
[0m[33m[0.569ms] [34;1m[rows:1][0m INSERT INTO "item_pedidos" ("tenant_id","pedido_id","produto_id","produto_nome","quantidade","observacao","preco_unitario","status","impresso","setor_id","created_at","updated_at","id") VALUES (1,90,1,'Burger Duplo Cheddar',1,'',38.9,'pronto',false,1,'2026-07-11 13:20:16.621','2026-07-11 13:21:30.822',117) ON CONFLICT ("id") DO UPDATE SET "pedido_id"="excluded"."pedido_id" RETURNING "id"

2026/07/11 13:22:23 [32m/home/humberto/Aplicativos/Manager-Restaurante-main/backend/internal/handlers/handlers.go:730
[0m[33m[2.748ms] [34;1m[rows:1][0m UPDATE "pedidos" SET "tenant_id"=1,"comanda_id"=NULL,"mesa_id"=6,"status"='pronto',"origem"='mesa',"total"=38.9,"cliente_id"=NULL,"entregador_id"=NULL,"endereco_entrega"='',"cpf_cnpj_cliente"='',"chave_acesso_nfe"='',"url_cupom_fiscal"='',"created_at"='2026-07-11 13:20:16.62',"updated_at"='2026-07-11 13:22:23.543' WHERE "id" = 90
13:22:23 | 200 |    8.051197ms | 127.0.0.1 | PUT | /api/orders/90 | -

2026/07/11 13:22:24 [32m/home/humberto/Aplicativos/Manager-Restaurante-main/backend/internal/handlers/handlers.go:716
[0m[33m[0.346ms] [34;1m[rows:1][0m SELECT * FROM "item_pedidos" WHERE "item_pedidos"."pedido_id" = 91

2026/07/11 13:22:24 [32m/home/humberto/Aplicativos/Manager-Restaurante-main/backend/internal/handlers/handlers.go:716
[0m[33m[0.883ms] [34;1m[rows:1][0m SELECT * FROM "pedidos" WHERE "pedidos"."id" = 91 AND tenant_id = 1 ORDER BY "pedidos"."id" LIMIT 1

2026/07/11 13:22:24 [32m/home/humberto/Aplicativos/Manager-Restaurante-main/backend/internal/handlers/handlers.go:724
[0m[33m[3.562ms] [34;1m[rows:1][0m UPDATE "item_pedidos" SET "status"='pronto',"updated_at"='2026-07-11 13:22:24.207' WHERE pedido_id = 91

2026/07/11 13:22:24 [32m/home/humberto/Aplicativos/Manager-Restaurante-main/backend/internal/handlers/handlers.go:730
[0m[33m[0.555ms] [34;1m[rows:1][0m INSERT INTO "item_pedidos" ("tenant_id","pedido_id","produto_id","produto_nome","quantidade","observacao","preco_unitario","status","impresso","setor_id","created_at","updated_at","id") VALUES (1,91,2,'Burger Bacon Artesanal',2,'',36.9,'pronto',false,1,'2026-07-11 13:20:29.481','2026-07-11 13:21:39.886',118) ON CONFLICT ("id") DO UPDATE SET "pedido_id"="excluded"."pedido_id" RETURNING "id"

2026/07/11 13:22:24 [32m/home/humberto/Aplicativos/Manager-Restaurante-main/backend/internal/handlers/handlers.go:730
[0m[33m[2.315ms] [34;1m[rows:1][0m UPDATE "pedidos" SET "tenant_id"=1,"comanda_id"=NULL,"mesa_id"=5,"status"='pronto',"origem"='mesa',"total"=73.8,"cliente_id"=NULL,"entregador_id"=NULL,"endereco_entrega"='',"cpf_cnpj_cliente"='',"chave_acesso_nfe"='',"url_cupom_fiscal"='',"created_at"='2026-07-11 13:20:29.481',"updated_at"='2026-07-11 13:22:24.211' WHERE "id" = 91
13:22:23 | 200 |    7.591277ms | 127.0.0.1 | PUT | /api/orders/91 | -

2026/07/11 13:22:24 [32m/home/humberto/Aplicativos/Manager-Restaurante-main/backend/internal/handlers/caixa_handlers.go:19
[0m[33m[0.629ms] [34;1m[rows:1][0m SELECT * FROM "caixa_turnos" WHERE status = 'aberto' AND tenant_id = 1 ORDER BY "caixa_turnos"."id" LIMIT 1
13:22:24 | 200 |     800.063µs | 127.0.0.1 | GET | /api/caixa/status | -

2026/07/11 13:22:24 [32m/home/humberto/Aplicativos/Manager-Restaurante-main/backend/internal/handlers/handlers.go:716
[0m[33m[0.289ms] [34;1m[rows:1][0m SELECT * FROM "item_pedidos" WHERE "item_pedidos"."pedido_id" = 90

2026/07/11 13:22:24 [32m/home/humberto/Aplicativos/Manager-Restaurante-main/backend/internal/handlers/handlers.go:716
[0m[33m[0.847ms] [34;1m[rows:1][0m SELECT * FROM "pedidos" WHERE "pedidos"."id" = 90 AND tenant_id = 1 ORDER BY "pedidos"."id" LIMIT 1

2026/07/11 13:22:24 [32m/home/humberto/Aplicativos/Manager-Restaurante-main/backend/internal/handlers/handlers.go:724
[0m[33m[3.513ms] [34;1m[rows:1][0m UPDATE "item_pedidos" SET "status"='despachado',"updated_at"='2026-07-11 13:22:24.953' WHERE pedido_id = 90

2026/07/11 13:22:24 [32m/home/humberto/Aplicativos/Manager-Restaurante-main/backend/internal/handlers/handlers.go:730
[0m[33m[0.407ms] [34;1m[rows:1][0m INSERT INTO "item_pedidos" ("tenant_id","pedido_id","produto_id","produto_nome","quantidade","observacao","preco_unitario","status","impresso","setor_id","created_at","updated_at","id") VALUES (1,90,1,'Burger Duplo Cheddar',1,'',38.9,'despachado',false,1,'2026-07-11 13:20:16.621','2026-07-11 13:22:23.54',117) ON CONFLICT ("id") DO UPDATE SET "pedido_id"="excluded"."pedido_id" RETURNING "id"

2026/07/11 13:22:24 [32m/home/humberto/Aplicativos/Manager-Restaurante-main/backend/internal/handlers/handlers.go:730
[0m[33m[2.209ms] [34;1m[rows:1][0m UPDATE "pedidos" SET "tenant_id"=1,"comanda_id"=NULL,"mesa_id"=6,"status"='despachado',"origem"='mesa',"total"=38.9,"cliente_id"=NULL,"entregador_id"=NULL,"endereco_entrega"='',"cpf_cnpj_cliente"='',"chave_acesso_nfe"='',"url_cupom_fiscal"='',"created_at"='2026-07-11 13:20:16.62',"updated_at"='2026-07-11 13:22:24.957' WHERE "id" = 90
13:22:24 | 200 |    8.009814ms | 127.0.0.1 | PUT | /api/orders/90 | -

2026/07/11 13:22:25 [32m/home/humberto/Aplicativos/Manager-Restaurante-main/backend/internal/handlers/handlers.go:716
[0m[33m[0.195ms] [34;1m[rows:1][0m SELECT * FROM "item_pedidos" WHERE "item_pedidos"."pedido_id" = 91

2026/07/11 13:22:25 [32m/home/humberto/Aplicativos/Manager-Restaurante-main/backend/internal/handlers/handlers.go:716
[0m[33m[0.827ms] [34;1m[rows:1][0m SELECT * FROM "pedidos" WHERE "pedidos"."id" = 91 AND tenant_id = 1 ORDER BY "pedidos"."id" LIMIT 1

2026/07/11 13:22:25 [32m/home/humberto/Aplicativos/Manager-Restaurante-main/backend/internal/handlers/handlers.go:724
[0m[33m[2.923ms] [34;1m[rows:1][0m UPDATE "item_pedidos" SET "status"='despachado',"updated_at"='2026-07-11 13:22:25.987' WHERE pedido_id = 91

2026/07/11 13:22:25 [32m/home/humberto/Aplicativos/Manager-Restaurante-main/backend/internal/handlers/handlers.go:730
[0m[33m[0.520ms] [34;1m[rows:1][0m INSERT INTO "item_pedidos" ("tenant_id","pedido_id","produto_id","produto_nome","quantidade","observacao","preco_unitario","status","impresso","setor_id","created_at","updated_at","id") VALUES (1,91,2,'Burger Bacon Artesanal',2,'',36.9,'despachado',false,1,'2026-07-11 13:20:29.481','2026-07-11 13:22:24.207',118) ON CONFLICT ("id") DO UPDATE SET "pedido_id"="excluded"."pedido_id" RETURNING "id"

2026/07/11 13:22:25 [32m/home/humberto/Aplicativos/Manager-Restaurante-main/backend/internal/handlers/handlers.go:730
[0m[33m[2.658ms] [34;1m[rows:1][0m UPDATE "pedidos" SET "tenant_id"=1,"comanda_id"=NULL,"mesa_id"=5,"status"='despachado',"origem"='mesa',"total"=73.8,"cliente_id"=NULL,"entregador_id"=NULL,"endereco_entrega"='',"cpf_cnpj_cliente"='',"chave_acesso_nfe"='',"url_cupom_fiscal"='',"created_at"='2026-07-11 13:20:29.481',"updated_at"='2026-07-11 13:22:25.99' WHERE "id" = 91
13:22:25 | 200 |    7.965911ms | 127.0.0.1 | PUT | /api/orders/91 | -

2026/07/11 13:22:39 [32m/home/humberto/Aplicativos/Manager-Restaurante-main/backend/internal/handlers/handlers.go:1825
[0m[33m[0.211ms] [34;1m[rows:1][0m SELECT * FROM "item_pedidos" WHERE "item_pedidos"."pedido_id" = 91

2026/07/11 13:22:39 [32m/home/humberto/Aplicativos/Manager-Restaurante-main/backend/internal/handlers/handlers.go:1825
[0m[33m[0.958ms] [34;1m[rows:1][0m SELECT * FROM "pedidos" WHERE (mesa_id = 5 AND status != 'entregue') AND tenant_id = 1 ORDER BY created_at desc
13:22:38 | 200 |    1.056176ms | 127.0.0.1 | GET | /api/tables/5/orders | -

2026/07/11 13:22:39 [32m/home/humberto/Aplicativos/Manager-Restaurante-main/backend/internal/handlers/caixa_handlers.go:19
[0m[33m[0.455ms] [34;1m[rows:1][0m SELECT * FROM "caixa_turnos" WHERE status = 'aberto' AND tenant_id = 1 ORDER BY "caixa_turnos"."id" LIMIT 1
13:22:39 | 200 |     610.379µs | 127.0.0.1 | GET | /api/caixa/status | -

2026/07/11 13:22:46 [32m/home/humberto/Aplicativos/Manager-Restaurante-main/backend/internal/handlers/handlers.go:560
[0m[33m[0.400ms] [34;1m[rows:1][0m SELECT * FROM "mesas" WHERE "mesas"."id" = 5 AND tenant_id = 1 ORDER BY "mesas"."id" LIMIT 1

2026/07/11 13:22:46 [32m/home/humberto/Aplicativos/Manager-Restaurante-main/backend/internal/handlers/handlers.go:575
[0m[33m[0.202ms] [34;1m[rows:1][0m SELECT * FROM "produtos" WHERE "produtos"."id" = 4 AND tenant_id = 1 ORDER BY "produtos"."id" LIMIT 1

2026/07/11 13:22:46 [32m/home/humberto/Aplicativos/Manager-Restaurante-main/backend/internal/handlers/handlers.go:581
[0m[33m[0.166ms] [34;1m[rows:0][0m SELECT * FROM "ficha_tecnica_items" WHERE produto_id = 4 AND tenant_id = 1

2026/07/11 13:22:46 [32m/home/humberto/Aplicativos/Manager-Restaurante-main/backend/internal/handlers/handlers.go:609
[0m[33m[0.172ms] [34;1m[rows:1][0m SELECT * FROM "estoques" WHERE produto_id = 4 AND tenant_id = 1 ORDER BY "estoques"."id" LIMIT 1

2026/07/11 13:22:46 [32m/home/humberto/Aplicativos/Manager-Restaurante-main/backend/internal/handlers/handlers.go:614
[0m[33m[3.609ms] [34;1m[rows:1][0m UPDATE "estoques" SET "tenant_id"=1,"produto_id"=4,"quantidade"=71,"minimo"=10,"alerta"=false,"created_at"='2026-06-13 08:53:12.251',"updated_at"='2026-07-11 13:22:46.931' WHERE "id" = 4

2026/07/11 13:22:46 [32m/home/humberto/Aplicativos/Manager-Restaurante-main/backend/internal/handlers/handlers.go:616
[0m[33m[1.834ms] [34;1m[rows:1][0m INSERT INTO "movimentacao_estoques" ("tenant_id","produto_id","quantidade","tipo","motivo","usuario_id","created_at") VALUES (1,4,1,'saida','venda',3,'2026-07-11 13:22:46.934') RETURNING "id"

2026/07/11 13:22:46 [32m/home/humberto/Aplicativos/Manager-Restaurante-main/backend/internal/handlers/handlers.go:657
[0m[33m[0.307ms] [34;1m[rows:1][0m INSERT INTO "item_pedidos" ("tenant_id","pedido_id","produto_id","produto_nome","quantidade","observacao","preco_unitario","status","impresso","setor_id","created_at","updated_at") VALUES (1,93,4,'Coca-Cola Lata 350ml',1,'',6.5,'recebido',false,2,'2026-07-11 13:22:46.937','2026-07-11 13:22:46.937') ON CONFLICT ("id") DO UPDATE SET "pedido_id"="excluded"."pedido_id" RETURNING "id"

2026/07/11 13:22:46 [32m/home/humberto/Aplicativos/Manager-Restaurante-main/backend/internal/handlers/handlers.go:657
[0m[33m[1.867ms] [34;1m[rows:1][0m INSERT INTO "pedidos" ("tenant_id","comanda_id","mesa_id","status","origem","total","cliente_id","entregador_id","endereco_entrega","cpf_cnpj_cliente","chave_acesso_nfe","url_cupom_fiscal","created_at","updated_at") VALUES (1,NULL,5,'recebido','mesa',6.5,NULL,NULL,'','','','','2026-07-11 13:22:46.936','2026-07-11 13:22:46.936') RETURNING "id"

2026/07/11 13:22:46 [32m/home/humberto/Aplicativos/Manager-Restaurante-main/backend/internal/services/printer.go:35
[0m[33m[0.239ms] [34;1m[rows:3][0m SELECT * FROM "impressoras" WHERE tenant_id = 1
13:22:46 | 200 |    9.075697ms | 127.0.0.1 | POST | /api/orders | -

2026/07/11 13:22:47 [32m/home/humberto/Aplicativos/Manager-Restaurante-main/backend/internal/handlers/handlers.go:1825
[0m[33m[0.470ms] [34;1m[rows:2][0m SELECT * FROM "item_pedidos" WHERE "item_pedidos"."pedido_id" IN (93,91)

2026/07/11 13:22:47 [32m/home/humberto/Aplicativos/Manager-Restaurante-main/backend/internal/handlers/handlers.go:1825
[0m[33m[1.180ms] [34;1m[rows:2][0m SELECT * FROM "pedidos" WHERE (mesa_id = 5 AND status != 'entregue') AND tenant_id = 1 ORDER BY created_at desc
13:22:47 | 200 |    1.281014ms | 127.0.0.1 | GET | /api/tables/5/orders | -

2026/07/11 13:22:47 [32m/home/humberto/Aplicativos/Manager-Restaurante-main/backend/internal/handlers/handlers.go:225
[0m[33m[0.733ms] [34;1m[rows:16][0m SELECT * FROM "mesas" WHERE tenant_id = 1 ORDER BY numero asc
13:22:47 | 200 |     890.158µs | 127.0.0.1 | GET | /api/tables | -
2026/07/11 13:22:49 [PRINTER ERROR] Failed to send print job to Impressora Bar (192.168.1.101:9100): dial tcp 192.168.1.101:9100: i/o timeout. Printing content to console log for debug:

================= MOCK IMPRESSAO ESC/POS =================
PEDIDO: #93
DATA: 11/07/2026 13:22:46
MESA: 5
----------------------------------------------------------
1x Coca-Cola Lata 350ml                (Setor: 2)
----------------------------------------------------------
==========================================================


2026/07/11 13:22:51 [32m/home/humberto/Aplicativos/Manager-Restaurante-main/backend/internal/handlers/handlers.go:716
[0m[33m[0.648ms] [34;1m[rows:1][0m SELECT * FROM "item_pedidos" WHERE "item_pedidos"."pedido_id" = 93

2026/07/11 13:22:51 [32m/home/humberto/Aplicativos/Manager-Restaurante-main/backend/internal/handlers/handlers.go:716
[0m[33m[3.906ms] [34;1m[rows:1][0m SELECT * FROM "pedidos" WHERE "pedidos"."id" = 93 AND tenant_id = 1 ORDER BY "pedidos"."id" LIMIT 1

2026/07/11 13:22:51 [32m/home/humberto/Aplicativos/Manager-Restaurante-main/backend/internal/handlers/handlers.go:724
[0m[33m[3.044ms] [34;1m[rows:1][0m UPDATE "item_pedidos" SET "status"='produzindo',"updated_at"='2026-07-11 13:22:51.31' WHERE pedido_id = 93

2026/07/11 13:22:51 [32m/home/humberto/Aplicativos/Manager-Restaurante-main/backend/internal/handlers/handlers.go:730
[0m[33m[0.768ms] [34;1m[rows:1][0m INSERT INTO "item_pedidos" ("tenant_id","pedido_id","produto_id","produto_nome","quantidade","observacao","preco_unitario","status","impresso","setor_id","created_at","updated_at","id") VALUES (1,93,4,'Coca-Cola Lata 350ml',1,'',6.5,'produzindo',false,2,'2026-07-11 13:22:46.937','2026-07-11 13:22:46.937',120) ON CONFLICT ("id") DO UPDATE SET "pedido_id"="excluded"."pedido_id" RETURNING "id"

2026/07/11 13:22:51 [32m/home/humberto/Aplicativos/Manager-Restaurante-main/backend/internal/handlers/handlers.go:730
[0m[33m[4.339ms] [34;1m[rows:1][0m UPDATE "pedidos" SET "tenant_id"=1,"comanda_id"=NULL,"mesa_id"=5,"status"='produzindo',"origem"='mesa',"total"=6.5,"cliente_id"=NULL,"entregador_id"=NULL,"endereco_entrega"='',"cpf_cnpj_cliente"='',"chave_acesso_nfe"='',"url_cupom_fiscal"='',"created_at"='2026-07-11 13:22:46.936',"updated_at"='2026-07-11 13:22:51.313' WHERE "id" = 93
13:22:51 | 200 |   12.213717ms | 127.0.0.1 | PUT | /api/orders/93 | -

2026/07/11 13:22:51 [32m/home/humberto/Aplicativos/Manager-Restaurante-main/backend/internal/handlers/handlers.go:716
[0m[33m[0.256ms] [34;1m[rows:1][0m SELECT * FROM "item_pedidos" WHERE "item_pedidos"."pedido_id" = 93

2026/07/11 13:22:51 [32m/home/humberto/Aplicativos/Manager-Restaurante-main/backend/internal/handlers/handlers.go:716
[0m[33m[0.721ms] [34;1m[rows:1][0m SELECT * FROM "pedidos" WHERE "pedidos"."id" = 93 AND tenant_id = 1 ORDER BY "pedidos"."id" LIMIT 1

2026/07/11 13:22:51 [32m/home/humberto/Aplicativos/Manager-Restaurante-main/backend/internal/handlers/handlers.go:724
[0m[33m[3.884ms] [34;1m[rows:1][0m UPDATE "item_pedidos" SET "status"='pronto',"updated_at"='2026-07-11 13:22:51.856' WHERE pedido_id = 93

2026/07/11 13:22:51 [32m/home/humberto/Aplicativos/Manager-Restaurante-main/backend/internal/handlers/handlers.go:730
[0m[33m[0.449ms] [34;1m[rows:1][0m INSERT INTO "item_pedidos" ("tenant_id","pedido_id","produto_id","produto_nome","quantidade","observacao","preco_unitario","status","impresso","setor_id","created_at","updated_at","id") VALUES (1,93,4,'Coca-Cola Lata 350ml',1,'',6.5,'pronto',false,2,'2026-07-11 13:22:46.937','2026-07-11 13:22:51.31',120) ON CONFLICT ("id") DO UPDATE SET "pedido_id"="excluded"."pedido_id" RETURNING "id"

2026/07/11 13:22:51 [32m/home/humberto/Aplicativos/Manager-Restaurante-main/backend/internal/handlers/handlers.go:730
[0m[33m[2.155ms] [34;1m[rows:1][0m UPDATE "pedidos" SET "tenant_id"=1,"comanda_id"=NULL,"mesa_id"=5,"status"='pronto',"origem"='mesa',"total"=6.5,"cliente_id"=NULL,"entregador_id"=NULL,"endereco_entrega"='',"cpf_cnpj_cliente"='',"chave_acesso_nfe"='',"url_cupom_fiscal"='',"created_at"='2026-07-11 13:22:46.936',"updated_at"='2026-07-11 13:22:51.86' WHERE "id" = 93
13:22:51 | 200 |    7.435223ms | 127.0.0.1 | PUT | /api/orders/93 | -

2026/07/11 13:22:53 [32m/home/humberto/Aplicativos/Manager-Restaurante-main/backend/internal/handlers/handlers.go:716
[0m[33m[0.504ms] [34;1m[rows:1][0m SELECT * FROM "item_pedidos" WHERE "item_pedidos"."pedido_id" = 93

2026/07/11 13:22:53 [32m/home/humberto/Aplicativos/Manager-Restaurante-main/backend/internal/handlers/handlers.go:716
[0m[33m[1.323ms] [34;1m[rows:1][0m SELECT * FROM "pedidos" WHERE "pedidos"."id" = 93 AND tenant_id = 1 ORDER BY "pedidos"."id" LIMIT 1

2026/07/11 13:22:53 [32m/home/humberto/Aplicativos/Manager-Restaurante-main/backend/internal/handlers/handlers.go:724
[0m[33m[3.698ms] [34;1m[rows:1][0m UPDATE "item_pedidos" SET "status"='despachado',"updated_at"='2026-07-11 13:22:53.787' WHERE pedido_id = 93

2026/07/11 13:22:53 [32m/home/humberto/Aplicativos/Manager-Restaurante-main/backend/internal/handlers/handlers.go:730
[0m[33m[0.292ms] [34;1m[rows:1][0m INSERT INTO "item_pedidos" ("tenant_id","pedido_id","produto_id","produto_nome","quantidade","observacao","preco_unitario","status","impresso","setor_id","created_at","updated_at","id") VALUES (1,93,4,'Coca-Cola Lata 350ml',1,'',6.5,'despachado',false,2,'2026-07-11 13:22:46.937','2026-07-11 13:22:51.856',120) ON CONFLICT ("id") DO UPDATE SET "pedido_id"="excluded"."pedido_id" RETURNING "id"

2026/07/11 13:22:53 [32m/home/humberto/Aplicativos/Manager-Restaurante-main/backend/internal/handlers/handlers.go:730
[0m[33m[1.811ms] [34;1m[rows:1][0m UPDATE "pedidos" SET "tenant_id"=1,"comanda_id"=NULL,"mesa_id"=5,"status"='despachado',"origem"='mesa',"total"=6.5,"cliente_id"=NULL,"entregador_id"=NULL,"endereco_entrega"='',"cpf_cnpj_cliente"='',"chave_acesso_nfe"='',"url_cupom_fiscal"='',"created_at"='2026-07-11 13:22:46.936',"updated_at"='2026-07-11 13:22:53.791' WHERE "id" = 93
13:22:53 | 200 |    7.882519ms | 127.0.0.1 | PUT | /api/orders/93 | -

2026/07/11 13:22:54 [32m/home/humberto/Aplicativos/Manager-Restaurante-main/backend/internal/handlers/caixa_handlers.go:19
[0m[33m[0.553ms] [34;1m[rows:1][0m SELECT * FROM "caixa_turnos" WHERE status = 'aberto' AND tenant_id = 1 ORDER BY "caixa_turnos"."id" LIMIT 1
13:22:54 | 200 |     665.122µs | 127.0.0.1 | GET | /api/caixa/status | -

2026/07/11 13:23:05 [32m/home/humberto/Aplicativos/Manager-Restaurante-main/backend/internal/handlers/handlers.go:225
[0m[33m[0.530ms] [34;1m[rows:16][0m SELECT * FROM "mesas" WHERE tenant_id = 1 ORDER BY numero asc
13:23:05 | 200 |     668.426µs | 127.0.0.1 | GET | /api/tables | -

2026/07/11 13:23:05 [32m/home/humberto/Aplicativos/Manager-Restaurante-main/backend/internal/handlers/handlers.go:1825
[0m[33m[0.215ms] [34;1m[rows:2][0m SELECT * FROM "item_pedidos" WHERE "item_pedidos"."pedido_id" IN (93,91)

2026/07/11 13:23:05 [32m/home/humberto/Aplicativos/Manager-Restaurante-main/backend/internal/handlers/handlers.go:1825
[0m[33m[0.671ms] [34;1m[rows:2][0m SELECT * FROM "pedidos" WHERE (mesa_id = 5 AND status != 'entregue') AND tenant_id = 1 ORDER BY created_at desc
13:23:05 | 200 |     768.298µs | 127.0.0.1 | GET | /api/tables/5/orders | -

2026/07/11 13:23:09 [32m/home/humberto/Aplicativos/Manager-Restaurante-main/backend/internal/handlers/caixa_handlers.go:19
[0m[33m[0.784ms] [34;1m[rows:1][0m SELECT * FROM "caixa_turnos" WHERE status = 'aberto' AND tenant_id = 1 ORDER BY "caixa_turnos"."id" LIMIT 1
13:23:09 | 200 |     901.252µs | 127.0.0.1 | GET | /api/caixa/status | -

2026/07/11 13:23:24 [32m/home/humberto/Aplicativos/Manager-Restaurante-main/backend/internal/handlers/caixa_handlers.go:19
[0m[33m[0.914ms] [34;1m[rows:1][0m SELECT * FROM "caixa_turnos" WHERE status = 'aberto' AND tenant_id = 1 ORDER BY "caixa_turnos"."id" LIMIT 1
13:23:24 | 200 |    1.072702ms | 127.0.0.1 | GET | /api/caixa/status | -

2026/07/11 13:23:39 [32m/home/humberto/Aplicativos/Manager-Restaurante-main/backend/internal/handlers/caixa_handlers.go:19
[0m[33m[0.556ms] [34;1m[rows:1][0m SELECT * FROM "caixa_turnos" WHERE status = 'aberto' AND tenant_id = 1 ORDER BY "caixa_turnos"."id" LIMIT 1
13:23:39 | 200 |     706.491µs | 127.0.0.1 | GET | /api/caixa/status | -

2026/07/11 13:23:54 [32m/home/humberto/Aplicativos/Manager-Restaurante-main/backend/internal/handlers/caixa_handlers.go:19
[0m[33m[0.705ms] [34;1m[rows:1][0m SELECT * FROM "caixa_turnos" WHERE status = 'aberto' AND tenant_id = 1 ORDER BY "caixa_turnos"."id" LIMIT 1
13:23:54 | 200 |      847.83µs | 127.0.0.1 | GET | /api/caixa/status | -

2026/07/11 13:24:09 [32m/home/humberto/Aplicativos/Manager-Restaurante-main/backend/internal/handlers/caixa_handlers.go:19
[0m[33m[0.539ms] [34;1m[rows:1][0m SELECT * FROM "caixa_turnos" WHERE status = 'aberto' AND tenant_id = 1 ORDER BY "caixa_turnos"."id" LIMIT 1
13:24:09 | 200 |     676.039µs | 127.0.0.1 | GET | /api/caixa/status | -
